ra,dec
300.8609666666666,28.64410833333333
9.9927653,41.80922492
10.169575859999998,41.62155677
10.239256583299166,41.6487450790575
315.4150873709,45.14317276925
316.63986399792,45.310578735120004
316.93246830792,45.78647667122001
12.35887424711125,-0.728005191498611
313.83966957032,44.00776967776001
74.30556566544,-67.9976665473
70.56486236654,-69.83324076929694
11.372028279809998,-72.22645119621
72.51281080812,36.20936561800001
72.39781628539,-68.62471662583
300.92698511164,48.18214588255999
252.66568599999994,-47.982327000000005
297.66363105816,-26.8783982255
111.29391153843208,40.74248718541528
199.58811743577996,-50.76108205291
161.80238607007,-43.91853505487
178.37773810511,-61.05907919355
142.1821396700829,20.329721613175003
153.1412923816854,55.24765076698111
8.280745833333334,48.51056388888889
240.87841560431337,5.666076133949445
9.735583333333333,48.34327777777778
9.731416666666664,48.33652777777778
330.2933521379308,5.1732530032033335
314.57937649884,44.85854044824
313.72873550566,45.13163319498
305.63247821911,29.394893093240004
143.96468484734,33.81416238983
182.43593631641997,19.12927999488
286.08205681519,40.2556984712
136.56057053048,-70.76646741202
325.32826800375,48.98218379015
28.334466598329996,-70.05525674177
285.41497975233995,-31.69316950253
290.12473726394,12.91222328682
157.28497062225,59.31493276668001
234.94228886434004,-67.05483167774
313.95705521523,45.942995614320004
319.76064815967,3.24195540872
8.56761134041,22.413436978730005
60.08025861472999,23.5342848116
89.28603271003,33.86008826763
200.81548586928997,3.7298364681200007
277.56325601377,-38.41696937201001
219.22830135549,-30.21783381403999
317.58573117709,-53.70397339636
117.18969564921,5.393164496259999
101.72689024888,-6.038383148159999
169.55293585723,-74.86383820812
167.529839291,-74.25383790784
85.56250045512,28.28957483778
57.52439894306999,-43.53431477155
288.5572873269,13.69461529773
288.37300465904,-30.94451413587
170.75058882551,-70.75315413876
168.88884296556,-70.70787687505
315.12478764101996,46.9527637632
60.89916666666666,-9.229444444444445
315.20488403603,47.21899036479
314.77355267589,47.60061475583001
8.14418527443,-73.44814222312
7.941425909590003,-74.20462503468
19.2588059572,-73.64284070439
19.290867906870005,-75.10432339683
284.2326848182,-31.41137859066
76.84178398584,-68.83235256088
171.72855609711,64.8654911741
77.48349309496375,-66.76561232967778
77.53765578348,-69.31805453422
95.18925833333333,4.085891666666667
331.44988333333333,53.71185
91.03984583333333,47.795024999999995
351.4213041666667,64.85727777777778
228.57989792190997,-70.07947591614
76.34882946369,1.17762628862
285.79074229896,-30.043143539489996
19.1799625,33.39387777777778
11.474791666666665,-73.39477777777779
284.48954949969,-30.16905717230001
284.23330556706,-30.13625672348
216.17858333333334,44.51811111111111
298.1300906027009,41.696901868175
283.60118733921,-30.41958206807
48.23714264777001,1.1860006776599998
81.46054716345,-69.85342221594
319.71485381517994,46.66114480065
155.66494099824,62.395750462120006
294.12932979134,16.827235757400004
283.37241042999,-29.640042005620003
293.36763951421,16.50705821696
19.1183,33.40730555555555
10.469791666666667,41.68233333333333
9.936250000000001,40.44336111111111
9.96125,41.78361111111111
9.991583333333335,41.83158333333334
157.10928898563,-67.6048443173
319.0289434773,47.66463818317
318.36833229871,48.25378316276
284.04687819586,-29.06523291361
8.277541666666668,48.526555555555554
8.285125,48.49265555555556
8.286175000000002,48.49817222222222
8.301179166666666,48.4923
8.323904166666667,48.52942777777778
192.03284652118998,18.59946181423
9.748708333333333,48.33347222222223
9.764041666666667,48.32916666666667
9.747095833333333,48.33321944444445
9.7595,48.31941666666667
9.730991666666666,48.349694444444445
9.738583333333334,48.33069444444445
9.741083333333334,48.33408333333334
9.743583333333332,48.33580555555556
9.745958333333334,48.32622222222223
9.518166666666666,48.36069444444445
9.784725000000002,48.35236388888889
9.750399999999999,48.343186111111116
9.770124999999998,48.33844444444445
9.759916666666667,48.32211111111111
9.766874999999999,48.321444444444445
9.768,48.35025
9.768479166666667,48.32270555555556
222.41939950425999,-74.50184054408
317.53414869527,48.01515759461001
7.3298625,-71.06388055555556
293.44166007254,18.232612918210002
125.67853646032,33.51929736438
150.80350000000004,-26.159388888888888
87.27286742228,-70.14111455916
315.96080894554,47.56553684653
316.10712477108,47.92538132631
82.74087153003,-67.84956827123999
159.60773141171,-64.26873584856
231.43376364237002,79.99992223069
160.24194523268,-63.85770640746001
78.52989675926,34.79506264052
166.93768772577,-64.6071707678
351.73901254607995,49.51638474587
298.98785759503,22.349854557449998
71.87306676035,-68.46360448874
162.95358391533,-63.33963567403999
83.14599111938,-70.20560702352
164.63325360938,-62.59719034524001
311.95945512562,45.55924935163
165.36120338886,-62.43896730785999
165.55487752261,-62.29820792369
165.53529314332,-61.89063458584
164.49344565733,-61.90234622177999
164.2045746715,-61.945563512540005
326.68966523823,50.0663690022
312.76093328348,46.90314527245
162.90060990399,-61.11640827386
127.28520199999998,-51.58744
197.129711,-63.960369000000014
162.50044136376,-61.067008070510006
162.13959715885,-60.8196485205
149.75880244364,-72.20784402702
292.66267542073,-29.511269630809995
292.22026502367,-29.589867064579998
160.50301587442,-50.75506414217
86.42597785835,-70.34393594955
313.36543343936,47.65319114602
341.04630413009,61.72848984987001
172.26775398194,-64.91113576361
312.7800411533,47.83010917591
326.75450318042,43.79669630836
78.49037303596,-71.29795507582
233.85093564212,-60.5672364144
325.84105004093,48.92638406482
165.74049618664,-66.12686640524
13.958062281732499,-72.5864378719939
327.66134278822994,49.27915505299
86.80764445893,-70.53795278035
194.33330388506997,19.3937092702
163.53072075245,-65.0610114411
163.34318131109,-64.75876784364
276.89257032116996,-8.623187584390001
195.78351800528998,20.26726467619
161.8363280124,-64.6528799157
307.3164945851021,53.63933195292278
351.07386700796997,62.110484026650006
330.44740462937,52.97252548323
87.33635833333332,-71.474
150.99865135013,-69.44760732607
,
144.6136678793,-67.57976242973
296.36810786868,-14.913262159179999
242.95866558521993,-61.57732919162999
243.19308934896998,-61.41164725135
103.61118148704001,-42.36557181146
315.8055151964999,51.4553747515
316.22801280988995,51.57745745548
316.28304296612,51.80544290177
158.08979363855,-60.70804110387
83.92652110831,-67.35481962381
161.26923985129,-61.55834026741999
72.94658243011,-70.79643916811
82.34199927772,-65.85738137069
249.83446380896999,34.52329274273001
159.31248522856,-60.19044553929
167.04305938549,14.10996538984
155.76827711672,-61.58178213137
157.1282338927,-60.31402922919
153.57053488959,-60.5604574415
157.38700663816,-60.23415049089999
157.57562318825,-59.89495905260001
205.94258075639996,46.573559521590006
157.87024417701,-65.59561432111
51.79861655353999,62.67259159214999
82.15341210883,-69.62727115903
10.74628543248,-72.71630240084
18.8681319009,-78.72883231729
159.40617064443,-63.72762803425999
245.71227642549,-59.89379497374
156.29161482975,-63.16723351033
320.86199536981,49.1134105525
0.5335416666666667,-15.450444444444443
289.7899733544,-15.908341828600003
154.54392286475,-62.22801731058
155.22456794383,-62.30982379812
322.05691174469,50.92384517523
154.94590926982,-61.69417608798
154.59680660035,-61.68323619377001
154.05468608351,-61.02853076231
72.30510094376,-68.73679999589
152.56182309644,-61.24035494547
85.80762748346,-46.45384052033
203.1736080542,-53.83097110057
159.45650246367,-62.8315085807
158.78130712783,-62.79893487343999
158.52615582899,-62.48809779929001
89.00616288011,-69.30348032879
92.7046559818,-71.73042318304
159.88702391842,-61.70685474690001
157.62456678104,-61.97691548495
324.42236308924,51.60023666012
158.28984214561,-61.23240216413999
168.8853219759,20.05698890417
98.40065784711,71.40173751666
296.60864508277,-18.15178695894
94.54641141656,-76.20205189786
70.28646591156,39.42153189462
107.34193794850002,-75.17679124
168.3034662095,22.187258188410002
91.2028259881,-75.84599704391
157.51860590239,-58.95364405669999
161.5244843829,21.04040556979
328.771789328,54.48377833462
237.49521539374,-57.46232796508
239.08390047640998,-56.869989403139996
156.09104779266,-59.30839461217
238.15807483481,-56.6421363862
241.05377534584,-56.07260307553
328.50221564171,55.23030669539
240.67155049107998,-55.58769577224
148.3107199002,-62.14342755788001
300.4918427328,34.5445087219
302.72528813115,35.20716014837999
300.53649243783,36.465320396509995
303.85758021748,36.25262516076
152.55408048689,-60.677947838639994
236.08744046424,-60.39119370101999
311.34900350524,38.60661676563
323.06619507995,54.01390749554
312.62702020837,43.339010783
77.27278360399,39.00235246066
301.21561200062,42.19792040884
236.20389701359,-59.26870844676001
82.4715980619,46.48159841101
73.14530751268,38.505528606389994
317.01327325364,46.52076355020001
316.2656970122,46.91162198212001
315.5126429611299,48.216118541449994
318.93410114283,48.90036218706
311.68316719275,46.68680792631
311.98108816479,46.81772283185
311.89325295562,47.28969672357001
313.11812515167,47.74103704702
313.3764656097,51.838323215859994
324.88863012254,50.94148593825
326.89964243455,52.97895937957
324.38457660718,54.03596356308
323.29476246509,54.26003984311
324.30626739756,54.78388205401
309.37871705942,49.95520275155
313.21447031956,53.72330011602
329.20062937108,58.63949370083
338.10578966449,63.077972063610005
356.6249417704299,66.98118707848
333.98167475527,67.37461271626
351.15833235281,72.36058455299
64.05436853962,40.40006179773
351.3807882675,-30.18221004136
65.11980723401,45.837305601729994
353.43547578993,-13.2093738921
55.69988801794,50.139974180269995
60.17263238179,51.94971223019
149.15360832696,-58.48719725482001
104.94904850014001,-14.762923161340002
102.11108971931,-11.47460433733
322.97409085531,53.00175570725
322.89680411922996,53.03882563177
241.28047089366004,-58.75882887400001
150.96063585749,-58.16235251857999
338.11181382344,58.618279125
153.86240336282,-57.96976068932
147.76549053737,-23.017319755579997
244.29066229749,-58.171460413030005
10.093958333333331,41.79969444444444
150.78387500000002,-26.177972222222227
10.417041666666668,41.84861111111111
150.76700000000002,-26.163416666666663
150.65008333333333,-26.15433333333333
172.7674948241,77.99618952475
96.22515197143,-71.57484074279
94.38930175317,-71.60848804788
39.59910689405001,39.16942553214
101.31187243336001,-70.85353609403
4.38367667921,50.28734598066
99.56927196920002,-71.01429412718
106.14556372386001,-71.95665876225
326.57353186318,-65.30789300098
326.12996912451,-65.05940829594
270.05718910265,-31.056714641690004
13.72436889854,58.56365249345
37.31378234068,-26.09879071825
48.41101970187,47.82607685744
161.51253583741,-65.61464196325
322.24569450614,54.55960196292
321.28525862776,55.03282963603
320.31831579223,54.93335657358
307.92899787037993,-11.884321103280001
332.65633631854,-17.527353216959998
185.79107162366998,28.124786732639997
129.79083510955,-67.72042463599
27.03264441516,-71.92279885445
218.96546656889,-43.36739465798
114.91401644033002,12.043780448959998
102.75971919915,16.08928091616
77.78713544723,14.835016749860001
85.45920331559,22.45309300845
91.8035400376,22.86537196624
90.42725211134,24.56633658737
86.72110558993,24.20351036989
88.8375031341,26.136673157980002
91.24899419562,28.385163316860005
94.2949501111,30.63196610499
92.44188467817,30.02969037243
92.71490642205,30.627926257040002
83.49484750094,26.11422117104
88.22079286038,29.83800318093
81.54317598683,32.41300991894
83.78252523668,30.93992104823999
85.76031777172,33.67678845138
89.05754807386,33.87682101957
203.98785536030996,6.39860564437
191.34528793371,37.42683282048
319.1113219356,56.94596013688
190.88339488726,38.20222570514001
323.16366277886,55.100611037060006
100.28574279732001,-50.79713690409
322.30622634699995,54.89454308471
322.94668200783,55.55765176085
135.13635140749,75.42914735721
100.9260489981,-73.5488585416
10.003125,40.42494444444444
150.617,-26.14258333333333
10.057,41.79847222222222
80.08412934453,-69.56246681928
10.015958333333332,41.79705555555555
9.880291666666668,41.752694444444444
10.077916666666667,41.74030555555556
10.074958333333333,41.839888888888886
10.131958333333333,41.527861111111115
10.024833333333332,40.39066666666667
10.0365,41.66255555555556
10.116041666666666,41.5665
10.066125,41.819
150.77654166666667,-26.147777777777776
9.549208333333334,41.73530555555556
10.071958333333333,41.74461111111111
10.156708333333334,41.73469444444444
9.902666666666669,41.84263888888889
10.111125,41.80011111111111
150.65241666666668,-26.171
10.08925,41.722944444444444
150.69124999999997,-26.142472222222224
150.75595833333333,-26.147694444444447
150.84491666666668,-26.156555555555553
150.73725000000002,-26.15208333333333
150.40045833333335,-26.35061111111111
9.894416666666666,41.89497222222222
10.109291666666666,41.78238888888889
10.090791666666666,41.745805555555556
150.46925000000002,-26.375999999999998
150.82387500000002,-26.157666666666664
110.02983172785,-20.332858457310003
252.52749976745997,-67.78281318265999
329.14278210125,-22.19044277792
83.94882339906,-25.73847956557
325.4027672803699,56.43615787388999
321.30797059110995,-25.15029547427
296.2347479766818,-14.862627626327
270.27520539593,-33.89629365457
93.02115095232,-74.49957798281
93.04248487531,-74.50028656351
93.25930513768,-74.35532590647
94.78346308937,-73.82953876047
95.65404637481,-73.57702310241
140.22775971798,-47.02800852194
95.85625382625001,-73.08444522827
181.51569728916996,25.665694190199996
153.69582775493,26.53355990727
9.14175,40.26622222222222
10.237208333333333,41.678527777777774
150.66516666666666,-26.16925
150.73579166666667,-26.14852777777778
150.57675,-26.13486111111111
94.17683195078,-72.31592048308
95.95710694603,-72.28033919092
94.97889688534,-70.74131663704
94.99188443608,-70.65739129235
95.56174949912001,-70.64786008036
91.97851203233,-70.84360371809
95.83367865814,-70.32185329267
322.55749287586,57.52017815485
96.36345941907,-69.54172273435
97.64142785132,-70.28063285935
81.4263163464,-65.86672482978
79.34286655539708,-68.90814688103946
93.9506891265,-69.79778269389
95.85757920438,-69.03672828379
85.32229858216,-71.64599059948
94.06832257437,-68.79844452859
93.34992967687,-72.06300088083
95.65930998681,-68.34910695035
95.91265143222,-68.09852857689
95.62422062358,-68.05951251078
215.8653800136,-47.52241869161
96.64270831092,-68.83837702667
97.07251796833,-68.79112667493
97.72528324218,-68.36142908944
97.9406964424,-67.91142669901
321.06979140641,-69.73387784589
296.18433355529,-14.799217438640001
244.80631145460995,-3.5753252966600004
277.60853620066996,-16.89703787949
184.40837783308996,29.308365038100003
101.61612251737,-66.36929116019
92.38547068974,-68.35747737028
91.90423312652,-68.35300985802
118.93365661358003,-3.1982241448300006
117.51687419821,-0.88202366094
125.17228015859999,5.18936217522
103.29713235699,-4.576115990289999
125.24628000000001,-37.05780399999999
10.703583333333333,40.82922222222223
192.3864975222129,-64.83281064118972
194.81559713432833,-60.32251826277167
197.42029899999997,-64.83327499999999
204.81586284976876,-60.487100029180276
148.3581399981,-52.50937532251
341.46336317739,55.07650481314
127.05626421740999,-27.25789459802
276.524315,23.479637
38.251428999999995,58.035064999999996
92.95519225981,-66.54699084164
91.40149507544,-66.48478783528
90.61233305457,-66.44575182564
90.6966286882,-66.39213300823
90.72486183597,-66.29495336001
92.37815510061,-66.03919404921
91.91549496973,-65.95936416035
223.775055,0.377516
96.94166839443,-65.56019850795
98.97593639352,-64.8740115158
107.01431690315002,-11.923276711940002
300.62183458364,-24.88290690309
98.74151576918001,-64.58545571341
222.17416177717,4.479037890990001
9.24816331349,-74.33062645876
106.15248633638,-63.24211753862
138.38269489118,-23.392072785480003
271.50729920452,-39.76323204475
187.17114254224,37.32224687233
9.162583333333334,40.014361111111114
312.31752995127,33.22977769455
94.31081622791,-67.89578400605
93.9040519864,-67.99218919098
0.4880416666666667,-15.374194444444445
92.28842632116,-68.03948543632
90.61520447434,-67.87714752938
93.4765891716,-67.42905767258
93.89983935795,-67.4687328561
94.1233566843,-67.35080155145
95.61594480822,-67.03462889577
95.37490203873,-66.96757929304
93.75625229874001,-67.25211423564
96.42396014605,-67.47183653018
103.25818704033,-31.78075163439
95.80139482223,-66.63328752799
90.0283101023,-67.90582371846
92.10113701746,-67.25567676045
91.94630763677,-67.23316690617
261.4766392434,3.00738381078
304.29189074915,52.508722415570006
73.91241666666666,-67.81963888888889
226.30366676972997,7.4741052121300005
305.18511154431,53.5391165172
223.39054764728996,7.336474150159999
,
,
,
314.44347528503,54.2563638587
306.4435324755,-16.530103842240003
273.12494402922,-37.99091950961001
308.97794234918,53.5043285619
,
116.44202700000001,-36.330666
78.59180834021,-64.78765824392
308.85482935946993,53.92968758195
83.82507574183,-69.98186770806
296.028778,-14.902552
,
,
,
,
224.36238478341997,5.26760099981
,
,
,
,
,
,
,
,
,
,
,
,
,
,
,
226.90928004518997,10.76958418246
191.36553592494997,45.97857609706999
306.52713102401,56.21937171771
305.9810353991,56.2478172384
92.73115772063,-70.72320177139
217.4827317846,6.714714743
299.2194089359999,-14.089063031489998
216.18891666666667,44.54269444444444
230.44466353927004,7.20799032703
19.21813956642,-72.59860915709
270.64056450964085,-29.91178000543361
9.53521486844,-73.38026553799
12.456597271059998,-74.05656089311
7.857977502150001,-68.09014294321
139.23754645897,-60.90673533364
211.81361927132997,-67.91178203167
77.36422763992,-65.88341928059
153.01448198475,-53.39421359401
231.96721200830999,-5.45109475023
232.42621592364998,-4.37296550414
228.79895521725996,9.85063866827
241.45151924254003,17.7868258434
242.51322603703997,18.191127383549997
72.53831112435,-69.67044806749
76.77065273099,-70.78788680929
10.118374999999999,41.73177777777778
84.03517220686,-70.37235937471
87.67622127988,-71.80590780325
320.82601321109,-14.13878039211
245.71552031920996,-27.66851010954
0.5026666666666666,-15.470888888888888
315.28497652202,55.36206769184
85.33515416666667,-70.14109722222223
314.58740399317,55.96915323859
313.65666050345,56.09271598762
217.71796344895,9.33889879313
217.54778854767997,12.10851854202
256.99210187463,-24.74198750295
198.22965328246997,47.39243664141
312.9345852406,56.9148447622
239.12914652239996,1.5596814223100002
78.23095613801,-70.72542895461
128.86214699959,-59.39495925673
0.5072916666666667,-15.490638888888887
313.30644798832,58.32649093923
0.4834583333333333,-15.445555555555556
8.4725,48.62825
5.073208333333333,59.29877777777777
235.16102304249,12.266661934299998
69.83341733603,-70.31935043777
136.56732435339,-58.593586174609996
83.09207985736,-68.37696731894
233.78126418675,13.09273405231
70.75734951739,-67.10888135807
71.47086529632,-71.49315285502
235.68459372375,17.26608638568
235.05866312007004,17.957205620150003
230.38407403912,-1.33619361378
236.40246033211997,18.837081550330005
87.67842704793,-71.41519899199
91.98415578031,-73.01523157575
235.81842596023,21.20678803323
235.92391288279,21.56467397821
207.13179983881,-66.34139085551
134.62458914059,-57.265572053659994
243.46695866069,18.3312675527
87.145628523,-70.99317301307
0.508625,-15.463027777777777
321.52592699219,-10.229498080349998
220.42257778472,-65.34397557351
13.52517099947,-74.03368073941
199.89748492189,58.915007372309994
75.94773699931,-69.42548846484
296.20484665252,-14.871130938410003
296.15104699751,-14.727010143900001
240.31574041126,23.14105185177
78.54805215634,-68.07980927179
271.87062034101,-33.27637394269999
68.58854639687,-69.57715488139
272.2323468449,-32.62973231885001
83.24704587448,-68.91054710676
5.1118749999999995,59.12730555555556
146.22420728948,-57.989261555649996
229.11992118961996,17.05729226249
92.52806812156,-68.9982304387
230.86110481105,17.97248332401
146.0977732443,-57.14616129937
10.950116666666666,-72.64031111111112
234.39977166504997,18.92977272488
145.19035771027,-56.62771811817999
231.95051317985,20.604743720329996
81.40510975328,-69.71375427072
208.01486633785998,-67.51566784408
82.06945649656,-70.47615341312
141.74070071004,-58.05286227263999
0.51325,-15.473055555555556
73.59021220921,-66.58009186049
110.4338248198,69.67075692436
12.997145846259999,-74.13783682477
16.06754743969,-72.68868142274
329.24900270616,56.18885609477
358.5450291666666,64.79109999999999
194.83735119711,58.765437704910006
222.96385874584996,18.11000293356
82.59251860888,-70.49654174488
222.15621026845997,19.500362779629995
85.29067861162,-71.04679053004
143.54567157675,-55.83786076756001
141.90318622353,-56.11616868515
206.76723168801996,16.85489322306
88.66631574055,-71.55240528041
147.63304118597,-56.44417466376
83.65905578744,-67.40368090059
146.60002896896,-56.96787490118
148.48476078788,-55.83081851922
331.66303680833994,58.17607967882001
9.958169320970002,-73.89192648667
11.44576025508,-73.00868853597
12.64647283084,-72.63792110961
13.386051429369997,-73.35126616104
13.481393761779998,-73.11291467584
3.743777878989999,-75.12486112452
4.74137788562,-75.01979456111
10.92015289772,-72.05253889942
11.34314564378,-74.27248934646
11.646498141209998,-71.84161631916
11.8765350819,-72.35355997852
10.358067712380002,-73.89601999471
11.74812664694,-73.35645847442
12.007503089420002,-73.86532373282
15.730516008079999,-72.31797797297
17.0242497637,-72.86044330068
17.193881303469997,-72.86219769958
12.935754167769998,-72.30378244394
13.797462878220001,-72.95855585989
14.048086304729997,-72.67784606693
14.177673340659998,-70.16926183678
14.204231369489998,-71.01633345746
15.24207609259,-71.78800188776998
21.953016395170003,-70.58242205994
2.0711241023599998,-75.62436875174
209.87062136340998,-64.11280258853
145.87271569539,-55.92912249642
238.56096698204993,26.676066186439996
145.80131906555,-55.570963169989994
278.06165068538,-31.4807981872
278.0595087352,-30.783220119239992
218.98274381811,-63.52185683754
339.33617920652,60.31392647433
215.62243183723,-63.50281545454
149.14090668199,-54.27236228708001
333.60893396747,60.07495569464
336.283141408,61.50456299372
339.211482659,61.31902113121
70.54978914624,-68.66600494323
211.53598843803996,-63.117186125269996
214.18462197918998,13.463765634040001
148.18026042447,-53.32046699463
79.10599943887,-67.30249188251
214.64897665503997,13.95114609322
216.74661961138,-61.33956171198
83.566625,-70.38124166666667
77.83120833333334,-68.70772222222222
87.70795833333334,-71.39322222222224
216.01487620635,-61.30035800387
13.146376595359996,-70.44916960929
13.214642836689999,-74.2450898576
182.54615725248416,-65.2461240415986
208.85997652348703,-59.37331719925306
238.34879206706205,-56.428443346052774
86.15779511765125,-67.61602301680917
140.47814603889,-54.3102613887
272.6045004993699,-31.579760373140005
192.08489294244998,-66.52963148943
196.11198955419,-65.63475808427
195.63123355795997,-65.16679832534
140.39846751093,-53.255349469550005
329.39767095641,61.76860655427001
319.54922810048,-5.16857827421
199.45683331391996,-65.14243428204
136.86206725164,-55.37178652239
331.11164085781,62.10452565497
330.83864236405,62.308023627880004
208.76175034818996,19.17419972145
89.04509549101,-70.16820276617
254.09591407663999,12.01705144094
144.41284943019,-53.61455044188
296.34579516786,-14.960124787289999
98.59965055786,16.075088160449997
83.12064825065,29.68080186509
94.0905143123,9.89836973274
117.88070342101,-46.26511787257
261.04040321292,-40.23189539588
259.69079553227,-38.17384523365
324.63260180426,45.71304730461
324.80065044611996,45.90770586726
115.56957246144003,-29.85104362546
124.46475973541,-38.53789968682
164.77285993848,-60.53030365462
240.68413608476,-41.35872058377
64.9451375114,-5.10478082508
78.50632910109,-70.30297133133
276.05998921377,-30.02119493419
191.21028666814996,-67.34039447114
10.70597408562,-72.98871553832
4.883302917520001,-72.54373824088
147.39729757411,-52.80408342368
79.79447669032,-67.4779801734
336.37633592274994,62.08345988919001
272.65992550357,-32.63366622745
144.94997068059,-52.18731301629
331.9252864394899,62.792349430710004
6.65989804185,-72.84001904417
272.81897454874996,-31.767157552130005
201.41173023682,-66.46005057214
198.17323122231997,-66.53790187954
19.02968570205,-74.06637785435
13.363995142569998,-72.34020438048
11.249051919460001,-73.86474963753
11.50854890695,-72.70668572294
15.729181368269996,-72.70496703802
16.48682579511,-72.56930458129
17.6234478553,-72.51939521471
13.88878065936,-72.40551195479
14.183326404919999,-71.98052569514
14.23330214393,-74.38698171102
15.07724815329,-73.1663304947
19.55203938046,-75.72926909282
20.272126806810004,-73.18567649252
22.17375469381,-69.44896148419
326.62220920867,59.02218847117
212.23679510091,26.962684145740003
296.19800813563,-14.7199061607
225.08413353737,20.61176039449
330.48371178501,59.994385740389994
332.18312248717,61.20415178039999
271.68424553101,-30.39622456013001
143.5953326663,-51.99776832191
143.36581554009,-51.75820909856001
143.92390919227,-51.66905895032
180.70346831618997,-67.47023368582
5.135208333333333,59.340250000000005
144.11586493356,-51.47642231644
19.176844590949997,-72.45713245266
144.47915348639,-50.68798039727
346.84061365622,64.33101543495
345.1237625234,64.31207697003
270.92421056576,-30.38494002675
244.70040799265996,14.37596200027
143.3662166251,-50.578393408000004
143.42743068128,-50.43703875682
181.45694506112997,-66.14126405411
22.54672334,-71.16297602343
135.63995857756,-54.08553466328
217.39659459837,28.74947977585
183.44514605861997,-65.96290636285
184.53339925838998,-65.77621052127
136.34479223795,-53.45405287471
138.89317038834,-53.71125556283
0.5029583333333334,-15.491277777777777
189.90299442446997,-64.99953352251
296.18480144554,-14.717788413659997
139.87312652905,-53.26479418531
190.40150025777,-64.54872750957
83.46264675513,-71.81089751597
186.24251425671997,-65.38139239892
232.2624097118,55.42696051514
227.70820674945,26.35913034034
197.23603619120996,-64.85779640288
29.05488880328,-73.47734112382
69.92764874439,-66.91778136861
5.145833333333333,59.29463888888889
70.96270159042,-68.68803419973
137.84030165073,-52.72108166373
137.34946843313,-52.89441864742
78.62442026401293,-68.9094048322764
200.34536824183,-64.22039248736
10.552041666666666,40.90644444444444
198.16609691054,-64.27670408523
296.106323,-14.767224
87.24867449656,-68.94271324501001
89.84870524416,-69.69793257592
11.841663326489998,-72.65475698169
271.13309163396,-29.84733974368
12.710083225569997,-71.65002671043
142.61616818101,-53.64655247818
13.31135367211,-71.67637372879
79.45889280718,-65.68006907255
272.73525023642,-30.23674351017
14.444806524369998,-75.28053607855
12.838516383369997,-75.35552632986
13.56244628034,-69.7634798233
141.52279793646,-53.37625476469
296.01484109548,-14.76903784413
187.61176817321,-67.20609947117
347.76924248682997,63.21404933424
142.39036677039,-52.30829611574
271.41832992997,-31.061584591529996
271.8426970222,-30.90123497196001
271.63648419037,-30.759196575409995
343.42494064763,66.28002326841
191.07422718938997,-65.54724251565
196.35827650288,-64.26973419781
142.2086394812226,-50.904419296173
8.83681130678,-73.73888075589
8.98163046483,-74.0567212674
5.136041666666666,59.29622222222222
142.65219392507,-50.16552048138
349.45831498436,67.4064161078
223.80285829117997,61.68361429381001
196.76835559091,-62.96905452062
71.13576726393,-72.43456109237
88.36307373772,-67.32733461957
346.42282857436,65.48286463982
81.41069895636,-65.75193756857
190.72050927017997,-64.08846512333
193.90763447667996,-63.721468058800006
196.2593513414,-62.96969358265001
352.35466355542,64.9944842845
8.692635420549998,-72.55012601248
273.7985591624499,-27.91716825276
274.29830265066,-27.827452931889997
5.1514999999999995,59.33808333333334
205.76358680189998,-65.00440269712
206.11369813116997,-64.82663650085
204.61150248279,-63.80024915084
2.0391540956799994,-75.31835444739
13.190449420850001,-72.34071417833
4.247604217400001,-74.45756576038
9.823971493550001,-72.99273846086
9.944400109508337,-71.92368800990361
10.56028348713,-75.42437710497
3.7938766118,-74.71193905658
15.723422052239998,-71.1766471607
16.4829961750475,-72.54554016087805
16.795869144440005,-70.63159269174
17.060442198639997,-74.43411437158
12.234751977469998,-73.32490848807
13.771548379729998,-71.40195164387
13.86748035114,-73.91492149195
14.109437596780001,-72.24851064843
14.323551977079997,-72.22987761116
14.813902355520002,-72.68382358524
15.346319324129999,-72.24165937405
15.414404211280003,-74.94471985761
19.776858367160003,-71.45801423356
18.811273926260004,-73.04760301985
21.197392310030004,-71.29387691878
21.893837510650002,-73.60465446689
22.66194635523,-73.84298563831
186.19159192668,-64.72819494773
125.57422361461998,-55.68983974682
188.28424402575996,-64.116333369
270.69131710235,-29.804657451620002
139.95856709227,-51.81731400427999
274.96683630256,5.130936909380001
230.57827872997998,58.44146530558
339.41847942589,65.05113840744
77.32717352216,-70.19551344662
193.61207191576,-65.14915198083
193.70830350912996,-65.06129925874
100.34699238908,-51.23295828107
4.8777083333333335,59.129777777777775
0.5347500000000001,-15.425249999999998
206.85269170047,-62.21044476704999
83.45146120772,40.70138460097
276.0755514629,6.04587921969
18.960416666666667,33.493861111111116
249.64068418684997,22.594355298769997
349.20591861861,68.87915641344
,
,
,
,
,
,
,
,
,
17.69827698993,-70.49487165958
209.01149163167997,-63.096916198260004
208.02552364368998,-62.54467711574
265.56473509492,-32.18696805453
323.8107202038,60.904981417399995
132.29852196688,-56.264688344259994
263.68007556052,-32.96183649454
246.37395117778,23.735637035439996
130.51183391699,-55.37823337008
247.53784364856,25.135257796639998
158.80354589478,-39.56259000568
201.98780078648,-63.28688791684
326.11827386554,62.61339249507
84.57212104213,-67.71649132424
202.44743012110996,-63.28497777828001
81.897376304,-65.84553801598
203.22863191537,-62.970117010139994
203.2190971343,-62.96174751048001
237.68268575151,57.228495924019995
9.752041666666667,48.35852777777778
132.996516227,-53.17720417613
249.79072734700003,60.469745860390006
5.115166666666666,59.36530555555556
212.62379300190997,-58.95920200687001
0.506375,-15.415305555555555
72.21451707868,-72.39998718686
72.2562691959,-69.07342357076
168.34988332479,22.1414871041
268.32567749818,-28.830371642610004
261.6479274617,-31.589011479199996
274.16142350172,-20.586714619620004
275.64449119427,-27.10815855856
239.39551058251996,27.362757096290004
73.7452561092,-71.80388639564
285.47035071764,-30.54421511199
286.54563150768,-20.39307400824
100.07412741764001,-5.500004942709999
101.21075735803,0.8373840913200002
113.73432661857,-22.83448206456
114.71110734725002,-28.676526415119998
116.02361331274,-19.62177078349
123.45039734025998,-36.61589718044
124.26757960557,-40.42552836964
126.28983290991998,-41.33402132050001
137.61702764732,-51.0421766047
141.61364035737,-53.61903589207001
144.6207431167,-47.70061099089
145.21337600444,-59.917073705039996
148.71717097583,-60.59045372056
151.16265533413,-51.18786735872
152.53514539565,-53.044121592820005
155.95491916063,-59.23172464948001
162.96466931243,-60.642510708450004
163.45332348955,-57.25811896391
172.47729865697,-64.79608546073
172.48463271599,-59.13575049424999
175.96685482115,-60.877850177339994
181.17545102335998,-56.80919774832
183.95679939184998,-64.34326412785
190.93230248268998,-62.85068663559
196.76080759440998,-65.03202286855
197.12252671028997,-65.94318642277
207.11162275422,-67.42100438491
207.87165019830996,-65.78212612391
208.38131397907998,-57.71100452715
208.64369897389997,-64.05645135555
212.41135304194998,-58.898365232230006
231.0238375,-55.82897777777779
231.56087332635997,-57.902820172839995
245.58439296304996,-53.380939939739996
250.25754743850996,-47.63222856959
238.15971305831,29.21003882612
333.18815801062,8.16152065876
213.70035822942998,-59.830539303090006
278.21013672938,-6.89537826855
280.1411356313,-4.247279989890001
282.51898001246,-5.611392578379999
242.88834560788996,34.31890156594
295.51255329394166,24.197310329453057
85.3543375,-71.49678888888889
135.69712707593,-51.26402990616
88.70295722875,-71.92043137154
203.60036542969,-61.87327487837
133.54683612141,-50.92778147995
256.0677140094,36.42367051786
300.59616478695,21.090232227090002
326.19377180382,66.45042386157
325.45633298764,66.56950672413
103.72299366105,10.844783672279998
5.170916666666666,59.32688888888889
5.071958333333333,59.29402777777778
270.4891666666666,-38.989444444444445
296.31606356493,-14.679263798829997
245.48503065752,35.22790081592
204.80396905289,-60.73361480639
357.95962647029336,62.79184228660917
203.26198433902996,-61.03165859789001
135.10331834729,-53.01026812042
74.71738859221,-68.74343658692
135.78502622039,-52.79918481161
328.55601850032,68.58651601205
270.26220140583,-29.07939062182
77.42164858725,-72.26715122341
36.61078264485,38.55302997283
268.87354758582,-27.161815573
224.21571100065998,-64.33750694134
139.3690261564,-50.26161423769
139.33090886177,-50.00189007861
272.61644739537996,-26.86608781214
239.04740792154996,-58.94441832801
121.07201311775998,-21.65190989088
,
,
59.21822815245,48.58136404685
61.79798819822,48.70900220878
,
347.28953567913,57.17103436475999
269.53767550406997,-29.005703071260005
200.88709421242996,-60.7126803945
147.24439150835,-58.83381732243
348.24142959915,69.902569261
81.35602909922,-75.85913283925
,
135.24105377098,-48.143522929990006
139.92696981224,-50.4286693602
254.95009130745999,39.21158376838
81.6148872283,-75.54405527838
81.69969910888,-75.51004504529
81.27123744785,-75.45627556688
83.01325472275,-75.68431210598
69.89595259396,48.79360349128999
8.13,48.46072222222222
142.93108073762,-48.42151534448001
143.86869640466,-48.00615921657
8.254375000000001,48.42166666666667
116.35060317457999,-29.57188345184
8.304733333333335,48.50147777777778
272.33259955356993,-27.643901251810004
79.14667222579,-75.22246165515
8.327958333333333,48.483694444444446
253.88392723202,41.020143618169996
75.2543796679,-75.19726508839
73.64642865181,-74.75926947346
80.25084212172,-74.98534132167
115.37972660886,-18.36473137919
78.29679920721,-74.54978860095
78.89412946289,-73.27635236412
75.10036241304,-72.73807991352
111.53015435433,-24.15900656423
88.61299519971,-74.66619114981
252.21185158736995,42.43054287714
134.9572081669,-50.91168990501
271.57660578041,-26.84421631132
84.04178896069,-73.08216199199
135.20432294946,-50.04011366195
135.58367621793,-50.04799945153
329.25001178467,71.40229272195
83.32094402978,-72.13474915686
82.2360663672,34.513403464380005
183.59421345041997,-64.49266974183
78.24829141279,-72.38786817402
133.19022322165,-49.05028353816999
73.50487935512709,-69.91985197424223
81.27466564495,-66.42575528716
134.21367008068,-47.64039209284
165.96088310983,-44.567023773939994
227.24708800106998,-61.78971148971001
113.27398184692,-31.41433919838
296.04814950079,-14.899824313709999
232.4615019626,-59.07734157773999
219.44735987696998,-62.00674691227001
220.36997619716996,-61.780090347569995
220.70299536327997,-61.047719507539995
84.55754878828,22.820237520760003
81.85050000000001,-69.66249166666667
82.20258333333334,-69.80036111111112
189.72448616905996,-66.36972655093
76.89255726872,-64.76977721889
132.67641739396,-47.04638971966
78.86234284178,-70.33095015313
131.81479033952,-46.567551528610004
3.4669329359500005,-74.83097268961
12.90282953399,-73.87701689748
13.316947228059998,-73.82729532187
15.449201866143332,-73.26339070950695
218.71489885687,-60.37806078343
12.934489920348334,-72.99576852085194
16.52647562873,-72.65608004059
9.041557013419999,-72.95020054181
13.219850939802502,-72.72384021326111
13.435123983560416,-72.71297310304527
13.85794152146583,-72.23583709828806
70.81921775601,-73.81094641891
11.664841882373748,-72.52335024966555
12.074863819952917,-72.29877075957917
8.839754882929999,-72.68067236267
134.09024698009,-53.21990519094
74.92998464854,44.67083764061
70.72313590911,-73.17422930713
69.32010221575,-72.60344922479
225.64868985953999,-62.38737280246999
118.55501432681999,72.227777784
268.92010497163994,-25.46490220306
5.092416666666667,59.18216666666666
80.84292028933834,-62.84050687361556
68.4361016031,-70.77166695668
65.08834485735,-70.81223291972
131.26297311482,-49.52722732235
268.65225757505,-24.1316843146
276.76824295857,-63.08522095059
140.40059773078,-53.55496770140999
82.33376459893,43.40914824359
340.91248356196,74.79364048136
325.74505441734,41.93133427592
263.65847103475,8.02542600566
0.483,-15.432222222222222
5.12275,59.30347222222222
76.28029656655,-69.52065748425
296.22897528182,-14.72016277304
228.38902452832,-57.16509293005
280.52286174699,-26.20614323133
226.60055169637997,-57.24914991819001
89.34695384088,38.04962878988001
9.735972,48.344813
14.35198525322,64.9265976195
13.310036147789999,64.98663091115
118.04564139072,-27.80176526494
119.39114643602001,-28.425445544410003
304.51396191487,59.63079487817999
254.89801982638,47.18639460957999
269.10271209569,-23.2220909218
0.7383698945000001,63.62416986116
132.72363399905,-44.68660832932
206.93953290785998,65.95856588045
104.50378934128,-16.131361447180005
0.5090833333333333,-15.439333333333334
0.4926,-15.4998
41.65058753714,62.84467712375
230.52414856653,40.12248902563999
296.33708295004,-14.850529408259998
177.59811723356,-64.56568116108
69.87051344054,-67.9265058325
231.13125355412,-58.33811230490001
232.5078247780462,-57.2127283991157
230.21843853197,-57.14777365934
265.13366664829,11.966462633360003
140.60661840541,-45.5043159723
69.86271094925,54.34937961609
19.119083333333332,33.45794444444444
271.98411528047,-30.522539158870003
5.081208333333333,59.34341666666667
176.19939375488,-63.78618620694
281.17432762837,-27.58725297034
134.9539153883,33.774021709870006
138.45867825851,14.210886186209999
279.23466028259,-17.41320463634
125.99022604013,-42.80096341899
221.34396669568997,-58.170807023289996
120.9257039201,-32.93488693025001
135.53729003605,-46.53885899837
356.40553702824,64.9978584836
224.72710852932997,-58.16985145437
81.35053426524,-69.92618013371
75.26845833333334,-66.21122222222222
178.78089878474,-62.33813476649999
76.64628749999999,-70.28060833333335
78.21279166666667,-69.63063888888888
82.1963625,-66.23722500000002
77.79364166666667,-67.86959166666666
76.02325416666666,-68.39450833333333
73.08408333333334,-68.72502777777778
79.73442499999999,-67.75122222222222
14.266437824360002,-73.58743905877
76.55244693551,-64.92711558024
17.072875,-72.88369444444446
80.2516354029266,-69.3488552826088
87.5280959967,-71.76747682679
81.5962375,-69.18896388888889
82.80466666666666,-66.16144444444446
81.41929166666667,-70.1408888888889
14.07308298828,-72.45118072997
79.36225,-68.91616666666668
81.16091666666667,-70.39919444444445
80.08078899391,-66.59661031461
82.51621666666668,-66.82339444444443
84.00516666666667,-66.77769444444445
90.68793333333333,-67.3786861111111
146.00696139007,-60.907121984670006
83.23411950002,-68.21354226458
179.49038126168,-62.38607689372001
81.37540746506,-69.71127884532
76.03529347615,-68.84516016803002
81.09870888425,-67.74306895383
77.02534030965,-69.56099441465
80.45534627491,-69.06322535396
47.61276858304999,-16.01114036538
71.66946425441,-69.22488851748
232.20050127405995,-56.02051889075
68.39350175614,-67.89685260174
53.51587923045,52.63640927302001
232.92519634950997,-55.69843134668
82.47007393465,-70.18983084682
158.29309414346,-59.06850680248
59.73580612071999,-29.45277570814
279.76327112354,-25.330868232000007
120.15775379963999,-37.3933366319
88.98049877807,32.03947606539
113.90702038338,-30.249011619999997
329.71265803132,58.959363157089996
129.45051164881,-36.46698595681
116.87175803224,-31.635594246759993
113.97473191383001,-32.02044913995001
162.05388914584,-62.86202802397
290.47037295231996,31.334678160700008
315.59519599939,46.13220791785999
156.40049673444,-58.87127099968999
279.33569336229,-24.70359821755
174.01586159656,-63.22709940077001
16.91458775421,-67.90919540586
172.87979689518,-63.51873952042
10.60999261022,-74.16571163944
11.890408252270001,-73.04444379836
14.427198554800004,-72.62180779483
15.597356089259996,-72.74442953214
12.56952919644,-73.42157810784
17.94320506779,-73.88061113097001
13.823015319649999,-74.50694864234
12.47501373251,-73.21255987823
52.09917471429,58.93141825896999
9.60324182257,-72.89779998826
12.53242014585,-72.69420196538
9.069558898159999,-72.08481972268
11.71365429317,-72.31965090816
13.70329831408,-72.03152586852
120.75610183074998,-24.275958507649996
78.44377210272,-67.71948064088
255.5232030571,55.45376243556
13.185038181769999,-73.54986763151
13.40977150836,-73.19409329666
297.84118511769,15.00343450287
68.76860757711,-66.6940445151
67.16043501375,-70.71467161686
71.42789484108,-69.88624524937998
86.56635313094,-68.50306836721
260.16182483813,57.99287420255
89.78037201064,-10.877303127730002
12.118982310258334,-73.04752517455111
204.43323748932,-21.81824396899
91.47261343258,-72.03250826321
80.89966793461,-71.39578637028
298.69020504139996,32.99389183827
91.55868151373,-73.47425309311
93.92636465337,-73.1003613892
94.99348988741,-72.87454356839
80.11252155728,-70.77650847024
83.89395532833,-71.33513333207
334.92825604181536,-0.6640836279883333
84.82444982863,-70.75473123186
84.98380387244,-70.84815240162
278.45902716387,-23.50645912757
85.54555271854,-71.63143260554
71.49972788821,-68.11261977371
238.14093457753998,-55.29229510223
86.54276183773625,-70.34108596724943
86.398245441,-69.23277002649
87.36589406132,-69.30865954822
189.11676714656997,-63.94910533117
80.66028116846,-64.03428764526
321.81844216813,-30.86591712681
99.00760535095,-71.38321945465
100.24148296333,-67.30741664256
74.58787072106,-70.26608310136
4.23243689256,-44.011322306379995
237.30117146386,-54.97560405629
193.97096762999996,-65.28331054447
11.320114199200003,-73.69260841155
11.51536757592,-75.11311444957
4.90270171143,-74.73958009696
10.19304896689,-73.66586839856
11.86726801274,-73.36363332023
112.84795020562001,-26.53769168999
164.84938435109,39.73495202109
268.42702213909,64.11572628843
94.40045253933002,-67.44879308113
96.30179548701,-66.55843881244
84.30933152559,-64.70534263975
84.38996232345,-63.993140665860004
83.16235166943,-63.44400231082
15.200971448369996,62.26982744304001
14.65192473038,62.411070966530005
172.07707345142,-60.896494609200005
171.70809773656,-61.15235405955999
281.88645519246,-23.948930180849995
82.8569959603,-69.38526415224
236.84161159083004,-52.97570025155999
179.31390435873,-62.86918303395
91.81757963943,-65.82425370711
85.78304840699,-64.91165559572
89.24489432642,-64.96342270234
118.32805996888001,-31.39877039658
120.65663863569999,-31.624647038499994
77.44150607413,-66.07411974308
78.24678120689,-66.429143531
110.27373274249,-18.87599249966
19.71305866324,66.67307984562
76.66956461433,-37.94261638676
201.8694043603,27.497750409309997
88.17066056012418,25.35699250811305
201.73455342894997,28.37686681886
173.06402734837,-60.90430404519999
176.74686043798,-62.39827456252999
296.2154833333334,-14.995969444444443
296.30461156641,-14.767908451029998
295.96866666666665,-14.683083333333332
296.20821613371,-14.79722930679
296.1105958333333,-14.693191666666667
296.4049083333333,-14.812469444444446
77.54059599756,-69.97024612618
86.03837560189,-71.8618297322
176.68487700723,-61.26210102723001
179.32612506169,-61.10203811615
179.0021698651,-60.51249519465001
184.06995850058996,-56.28600749811
282.58348657969,-7.90761921371
302.59758357312,35.94705600835001
94.42539517874,8.51983187451
83.30727310994,7.153453036290003
96.00518844403,25.03135806075
261.00324771118994,-29.32509974229
122.29575393115003,-36.28527357308
114.89117130516,-27.70397080186
228.41432868268,-60.33852860079999
260.19233128614,-40.38830828251
99.13682126541002,38.44550528378
122.7184970296,-35.25722422934
114.86268402905999,-2.15025499902
262.84690359206,1.9758772157699998
272.18915825704,9.4521569612
78.46024422644,36.636762086130005
32.86656093273,49.04855740606
89.58751604897,28.763819388809996
90.21202085182,38.38583651339
90.34529348113,13.597170506160001
91.88733810957,34.53790943202
92.64063684017,36.524868470129995
93.70149183683,-5.68881113556
93.92369567181,36.01842432582
94.50442160882001,24.279847870620003
97.25635714734,24.51651269647
97.77689958389,40.70974821165
89.50389506909,-68.35027005261
100.22900385844,30.07566215789
100.44459182660002,31.55641374106999
101.37521816822,23.215430938859996
177.45210820444,-60.30076574963999
102.27742367068,6.878380331619998
103.02045503963,32.57626039739
105.32899346277,12.776273334619999
109.55947280085,24.17011431103
229.63359898561004,9.10270628915
119.99991566870003,21.10720708076
324.32675709834,27.671160699769995
348.40910840369,1.1459669053000001
349.53721581767,22.220480840750003
0.49661,-15.4502
4.991708333333333,59.231388888888894
79.20720503912,-75.00634501941
209.98428369903,32.87060195739001
39.73765770089,-34.79695781421
68.54229170961,-70.38864724179
198.70824380535998,-64.670838199
77.18792785648,-69.20176953262
285.40725058993,-22.69536513997
78.80312646635,-68.07745525872
174.76692481787,-60.79776595747
170.32690958413,-60.29941768889
231.19284028463,-49.15576516528001
80.28837420653,-62.33730351873001
172.15047141644,-60.3515205123
214.79094162404,-56.99463699796
172.2493970104,-59.72601896633001
203.74192946360998,34.45683050526
177.60195393122,-62.85554750764
220.03008076607,-55.87164526718
100.30636959888,-50.90694246576
178.03604566585,-62.73945650611
77.65346812301,-68.37917613597
81.22336344441,-70.12286858337
82.29755984353291,-69.57473971684638
74.6495912818,-71.19601162852
77.07887211892,-67.83380273187
176.87442634882,-60.96365967202
84.07156594698,-67.86813761315
83.59931442977,-69.84159448124
81.55817583636,-65.33358800568
175.1443875927,-61.419650249869996
174.06973403403,-60.48844937130001
166.39333626229,-61.34982778368
142.37754727581455,-53.43211631592583
80.47129422686,-67.45567929965
167.20608924112,-59.517556267799996
165.43972430342,-61.614821988680006
218.59720337205997,-51.65732771997
165.75280450758,-61.557628738599995
70.96329677756,-71.94979748246
72.24635232068,-73.00065769806
70.71883082259,-72.43171286082
10.19397564121,-72.22363904235
13.908104018630002,-72.15793592631
11.42869642487,-71.7987003069
74.44186393052,-70.81157554363
80.25763390717,-69.29504011183
14.10600664857,-72.68342556751
118.88650515153,-19.24780898643
57.11717843205,16.950925837509995
80.05393195930833,11.818533006898058
157.87638137738,-62.07710009198
162.4728158805,-60.59465557405
77.4906828842,-67.87057835341
162.88500188785,-59.44255727803999
166.16305767221,-60.1626879059
166.54043931774,-59.28836217517
5.149541666666667,59.203361111111114
305.60552850063993,69.74624499363
170.22669819336545,-55.743827547138615
10.209666666666665,41.85619444444445
166.48692465975,-61.00557957134999
71.60225207737375,-67.98526744888194
287.49214254056994,-15.52522272677
167.49347911613,-60.11849748485
145.36718124023042,-49.79538860214222
284.72903726262,-31.475212283849995
165.19355265389,-58.18142758006999
85.7858828908,-71.6675767422
86.37186891113,-70.49470505206
352.09671249999997,14.760083333333332
265.22121,-36.894009
170.52100081417,-59.64586480649
313.38501876831,1.61613942112
78.22558025063583,-70.43510903034833
86.46611830425,-69.24549093387
90.43291872988,-67.90567796219
266.56430796718996,-64.62122485881
268.4371181514,-64.39000933488
10.40001567607,-73.57735978518
312.62914766431993,2.90028783162
279.10947006616,16.968746561530004
87.65222875177,-69.36383522374
220.63144275672,-48.06368601931
90.00470584439,-71.19531078211
287.55475154275,15.297098733400002
64.52533633788,26.353446900279998
76.7892720453,-68.98034065998
222.08843354341997,-47.583412396840004
155.70806112521,-48.85218112314
0.5048333333333334,-15.428972222222221
0.5200833333333333,-15.446111111111112
76.97375552995,-68.17656284566
79.89214513336,-71.22166971666
5.704985391160001,-73.61126510398
74.57658152047,-69.94560403027
74.82982674178,-69.72600605977
75.0073897119,-67.20930315041
77.33472683645,-68.55862059063
168.7070930801,-58.19509083964
168.9107584573,-57.92842762682
79.99225239135,-69.23794368918
69.93866922256998,-68.43331834091
73.82855019787,-68.4179058026
74.24818713143,-67.1575612101
74.97390746253,-68.89722175394
75.62420651598,-68.33522638656
75.91082950528,-71.25049859386
76.17924803453,-67.65804629359
278.14902457634,-20.846686237159997
76.7176949285,-68.91172169486
77.19263046642,-69.74298641524
77.47178801491,-68.72996916175
78.40129680328,-68.53115400463
78.77725546016,-70.23223439136
170.59385964593,-58.26078301228
4.818583333333333,59.267916666666665
79.57035575706,-71.03466996209
84.2733580246,-71.01451506892
84.63740752095,-71.80771272059
86.18513465464,-71.82918070474
123.81219229424,-44.04762880131
86.60972852437,-69.21002153626
86.85651366465,-71.43337657799
86.96102940937,-68.47205878696
87.40130295525,-70.72014451086
87.43084341077,-69.44964239281
90.02023383197,-69.15145567848
313.67813276456,8.091631097789998
5.157083333333333,59.26338888888889
83.93766666666667,-69.68594444444444
237.43504486263,-51.75173715793999
71.23786878579834,-68.00248923627721
5.033666666666666,59.34975000000001
261.65995729033,-61.72187102318999
75.89892769785,-68.2988708376
287.92552538738,20.61306337477
77.807875,-67.60447222222221
267.49057565585997,-61.66031637032
289.2277321189699,21.914798848359997
98.36998166611001,27.75625105944
111.377559671,7.767569228259999
78.71920470399,-71.74975930582
79.10422872564,-68.82412923289
73.443,-68.2706388888889
198.829924,6.140015
231.224339,41.784183
241.924884,40.018837
245.327048,50.420148
318.336876,0.703231
237.376062,39.568877
319.78722897802,10.64366697979
270.61785772335,-19.173610030620004
85.4215796054,-70.58949898154
84.99510826155,-69.80460973811
79.45600162862,-69.04368418966
292.4802916666667,-17.67313888888889
275.4922808071,-19.05451572274
14.365416666666667,-72.89111111111112
16.51382131025,-72.37561797689
20.430805475110002,-74.06280197485
5.866894791509999,-72.44350416263
7.929786045610001,-74.36309325213
9.81894561563,-73.98844433214
10.084959033605832,-72.95018374198028
10.124111215199997,-73.7031229748
10.128333318029998,-73.75645685069
10.132162308420002,-73.68040582122
10.57060184966,-73.64736098654
11.23110253692,-73.05869180792
11.50871830976,-71.10727401594
11.52714215904,-73.33168639584
12.29579136722,-72.28089312567
12.4370100577825,-72.49880316722722
12.59668984639,-73.72871184063
12.810151779119998,-73.2758756805
12.85604695338,-73.01047895799
12.956328003624167,-73.22108093449556
13.10447369118,-73.46656229719
13.511950453750003,-73.5515810558
13.624160831339998,-73.88739874661
13.66889055786,-73.35795467873
13.802790272340001,-72.6772593468
13.812007182200004,-72.45053226322
13.883851169589999,-72.9879756821
13.908925177759999,-73.36455166915
13.92228946951,-72.62569366881
14.206234498340002,-72.27327136643
14.3186182752,-73.43948072144
14.567816708719997,-72.1973588284
15.122465590780417,-72.38267537538889
15.242015098249997,-73.63920332524
15.386704946859998,-72.11170527142
17.869773419410002,-74.16980429877
18.2505995179,-73.94059500128
18.93729592333,-72.08772979125
23.386201590510005,57.75151465172999
73.56249696197,49.90008625338
103.08799288944002,-7.14727841292
105.33427651547,-5.52919841892
129.15141324381,-52.57788439953
213.53062178896997,-53.93199110098
232.00421861177,-75.9295985631
271.86963738745,-28.506564402209996
279.26702730316,-7.603271863079998
281.10488372266,-13.21323867019
287.89709338486,-1.3981107372400001
312.5884739987,45.41646617874
318.29647186019,40.19034038429001
319.21192060783,50.39143920275
326.66113323074,52.567446415310016
328.80737042808994,50.49715095788
328.84390980069,52.88988774234999
328.98760943862,48.347922966910005
119.67617394067001,-29.055076907370008
165.94880717507,-56.76083982578999
113.99035744441001,-30.120275279660007
275.40870842667,-17.04201548929
273.99735264658,-16.48240585774
92.29646423923,-66.44204407344
70.64774525808,-69.76849410088
164.98407852551,-54.682106463249994
115.42586068159002,-24.236459736940002
280.66304913432,-17.70229715017
252.35432788645997,-60.300253406219994
95.72514664085,-72.06189497242
165.38220568611,-55.76278319652
283.14009469398,-13.790159459640002
81.34912304084,-68.97558065587
4.948541666666666,59.35980555555556
96.17175610507,-68.29403455283
76.70398287806,-70.68148796333
87.27467181466,-69.10434738305
82.167416,-66.231728
77.51764123704,-69.57936175808
76.92637380338,-67.4711107874
77.97453640894,-68.81722932314
78.29911254156,-68.76605067459
89.01916708897,-70.79898198152
76.90333730833,-67.52824662016
76.61823263365,-67.68970560297
78.84212018667,-69.72068073355
79.44822639717,-70.18409132168
85.45199724824,-69.67253188171
85.55807010034,-70.92703329395
95.67781250427,54.996559792
75.58260297525,-69.65050041391
76.82527970275,-69.96160742477
75.1570573495,-67.0079196925
78.12672518891,-67.71415563134
85.44501128255,-71.41920038711
86.11514139444,-68.74392122111
296.33006923424,-14.767790451989999
91.85489264166,-70.52450629229
117.64305957787002,-38.79427934566
174.25675885189,-58.233671860480015
316.01143489102,10.62708054269
124.32536353171001,-35.588145846409994
,
329.76001552001,76.81434294643
257.89315942797,-56.28802089163
70.11290960963,-69.27548604187
77.96017806709,-66.99814954002
84.15339750016,-68.81165756956
278.80827395118,-15.6038203139
268.49199685424,-59.05472887961
172.04365674781,-56.60024509955
323.48040885124,72.34157141387
277.02837919467,-13.57542259354
110.41307325097002,-27.30999127709
83.09429941716,-66.36792968816
308.90234733638,11.14757643111
309.38026141485,10.93538359965
309.73075206569,11.25078397888
311.64487094169,45.91690002598
191.10918726935,-29.259031205050007
262.63238898083,-57.35345462790001
179.35050136627,-57.03413947787
9.714262500000002,48.334802777777774
0.5034583333333333,-15.524
9.718399999999997,48.31483055555555
76.91670833333332,-69.50469444444444
0.47862499999999997,-15.471305555555556
296.17933366874,-14.742629820279998
296.17012524198,-14.84461365607
296.3748430094,-14.798087876880002
18.435621979,62.960015655860005
209.83599245539,-30.39429342447999
4.940916666666666,59.19966666666666
149.25748663051,-60.07982531169001
259.00860123799,-52.06128501922
269.87745069512994,-30.461322457970002
121.93363874946,-36.9579929621
329.43499317699,57.35704734631
41.883102815170005,63.91062324204001
189.72881611749997,-67.36479191281
336.67250061053,58.14190146975999
198.47603510119,-66.39054634085
328.27022492622,65.03626979225
119.08713723955005,-35.75376153597
121.94953916515,-33.87130585744999
119.84093764011,-34.45718985154
120.62487095453001,-35.66433374628
113.18317037035001,-18.33822173417
202.63305369562,-68.86787553635
122.9779519068,-34.84509794121
124.73981136304,-34.07099438524
119.99943286278,-33.8980142687
62.45653726764,66.69866481777
126.46672285254002,-46.07048868882001
296.044067,-14.905341
171.86685054231,-55.81126208303
201.15196023890996,-64.57803087638
117.20646556214999,-36.60072724845
115.46525785140003,-36.584922692560006
176.50367494098,-62.71278826833
176.88389926795,-62.69123661945
176.63026939764,-59.43639052654001
198.40338388467,-63.737407558870004
154.46741060912,-61.48741064011001
115.24668753971999,-12.12375865486
142.69679263267,-58.78110627577
94.50240609035,3.7394097484299995
294.87605633332,75.69457102939
173.5753113567,-57.529667807269995
172.55726092881,-62.30786691664999
88.76891024484,31.46313000737
146.91512764635,-57.63769775485
174.78333797323,-59.731320438660006
113.32001531387,-21.047775752639996
127.81170217030001,-47.6259567235
170.82091732896,-58.49385580066
153.19699150424,-61.33241058338
338.18271190108,55.13344520538999
165.37309981653,-68.19362137651999
322.9442507567899,53.14694289356001
321.66689492846,52.31884691621
108.68874884515002,-39.53371967492
113.42586426734,-30.563255311930003
114.40466001116002,-30.09337861056
115.98188182075002,-30.061440059550005
132.77850055651,-41.68693936837
133.05283748703,-40.48350359447
134.0519793396,-41.37354701870999
150.52890308814,-60.01852418127
170.63732601453,-57.50663378798
142.29546730499,-53.46935774747
159.59150504666,-61.57466043451999
143.98992873678,-52.69626281389
174.42331620871,-65.25298435749
170.79944411563,-56.00743971138
120.84248844707,-31.503238081269995
143.81087103788,-50.20629510944
121.04980937726003,-32.63800295693001
147.36277217003,-59.742394533399995
162.12566080914,-60.19229570668
350.30938203638,71.49358877495
121.86031755250002,-30.668316816499996
119.81340859520002,-31.33500689252
162.16932771994,-58.63166458559001
107.85774052491001,-26.07214511009
134.10986714025,-32.26552176546
129.63255645576,-36.47137742575
156.27677768809,-66.94097560013
119.56684580033001,-30.15344891845
138.23793562473,-54.33953382314
46.02079986146,58.31328044394999
330.37952258798,62.14815011582
159.1122533383,-60.33130381865001
136.72684401636,-53.3792245123
137.16410323444,-53.13248442241
118.61538799493,-34.13946254407
108.95209630152,9.029157957840003
184.00492233229,-67.2656498038
116.90764874899958,-32.50357569833388
118.89685021720003,-32.28893499155999
196.71536418393,-61.66174315784
75.8539625,-70.57858888888889
178.79803657145,-62.61166761070001
145.95122849346,-54.58061954408999
142.56266318456,-54.29325821138
203.93751768548,-64.95740798033
122.26351678678,-34.05001718892
117.50289810108002,-21.415529502190005
178.7063269402,-61.51503976658
206.94643625601,-61.43600531141999
119.75246764657001,-19.236269357910004
318.81801466842,43.45079002865
324.15821795743,48.71205504529001
131.76520606653,-46.41505696083
133.33705872468,-46.38019392853
182.54212768138999,-67.15449817143
117.5685133487,-23.95885484694
81.47844935567,-72.01989926595
106.76098744773002,-18.56298316138
145.39093929661,-46.65155756763
128.02780180595,-34.19179492082
107.44666729651,-29.75716044565
163.15018300824,-63.25907025735
106.05706238097001,-47.842641554260005
84.90328648546,-67.58472756744
99.50239530346,-0.22337359609999996
94.87978155355,-0.75998318508
82.14059616584,-16.862349444469995
85.73855113481,-17.44329292716
168.66952276976,-66.28975399114
129.72466592339,-49.64394142486
134.11603858861,-53.06007022404
114.09467711873,-31.274880747860003
124.10031652192,-21.320595846010004
283.66030781903,49.59400394691001
0.38074563248999993,63.96196498279001
199.67420814022,-64.91701432531
357.68327527783,66.57179907984
119.19462149514,-39.443921514639996
120.35538540531003,-38.28010305914
120.26696510139001,-38.272901493090004
130.08708516854,-44.822525915590006
125.83234146059999,-38.70847602676
111.66862018359,-25.84415012412
112.72914298661,-26.06574409292
97.90475154151001,9.74712815637
108.77365538474001,-24.42144310096
173.21912461917,-67.22660827153
114.79351197282003,-22.400128654900005
113.51330024754,-25.40794392852
115.00351784165,-22.726505595719996
85.0601094632,-67.0399589896
164.1463958506,-61.04682430927001
165.72329401796,-60.924619117510005
117.94151031918999,-25.681846765650004
96.32899032373,6.133828525319999
104.13731879910002,4.51590446052
125.93976618985,-40.68119833838
136.41071330516,-52.32533160924
121.31937669810002,-42.19041231372
120.22281864373002,-42.38459651665001
120.57647813457001,-41.45338441275
120.63237373684998,-39.30348961426
99.64004425202,-8.91747424515
295.79825770697,16.779971575940003
107.73946662574,47.97171073779
103.38608538648002,7.17575388965
124.89329307924,-36.14011867673
30.86216108359,64.25407731929
329.45919055809,54.89969515837
114.13576084228,-22.03630677688
116.22302674146002,-20.58315814805
106.40191435056,68.18270570743
0.5070416666666667,-15.377
258.59508775194,-50.58147508236999
86.93744341273,-68.77547545973
5.043541666666666,59.27833333333333
76.49137302267,-69.15144483712
77.61771163599,-69.14028431058
78.66784700701,-70.26142700324
5.162458333333333,59.30283333333333
74.68260734575,-66.83750559526
15.30437466056,-64.81519251887
9.733999999999998,48.35113888888889
9.751541666666666,48.342444444444446
296.100708,-14.828527
259.13340534855,11.83993244063
82.56543591533,-70.56115695005
77.70290474378,-67.42600377557
166.82444356831,-55.1219624999
332.97784857575,23.00236691417
10.221341666666666,-72.31193611111111
166.15692439487,-54.38739186112
71.87830411632,-68.93572443478
73.24897563102,-69.33561232512
75.945122825,-68.9648772784
75.87197986223,-70.26519756481
167.05496996706,-53.626075611139996
90.23938353918,-72.32502094506
323.86577972049,19.821272851500005
247.95458626066997,-58.22858797104
268.7362643636399,19.62077494048
184.04661823408958,-66.53263593225195
105.925,-2.466666666666667
256.91259029499,13.73938040294
171.94551667308,-52.71280871911999
325.50451287212,35.51019997682
264.94728102543,-4.349602666190001
259.37187260596,17.23261249241
328.8624314759,23.703948483089995
321.21794995221,21.27573739994
5.183666666666666,59.324138888888896
78.40593198821,-70.30209364607
0.5102916666666666,-15.42161111111111
262.98053341746,17.75582727352
250.68627779187997,-54.11958430403
278.73075890425,-10.19409956718
248.46397872157996,-53.9317443512
262.7236514602,21.64488888751
11.83692235643,-73.15048401999
92.57558605887,32.05300496016
118.06754634334001,-24.46446398952
115.60714477286002,-18.152275295
136.18093819261,-20.129158486420003
126.19140611940001,-33.7537662907
308.4146008509,49.330775948269995
157.43464964604,-62.47460931821999
73.33280454496916,43.84404286830973
100.28356309505,-20.15126435045
309.41530292232,48.94159323188
85.85939129681,10.073426035849998
72.69473121675,42.67546432016
324.11900930846,55.25941121716
116.71976248421001,-27.32131903755
329.60955563557,49.642658135720005
123.40843782295998,-25.95991837411
345.45610848744,45.88586393524
36.71958845535,52.11741397231
77.45113426205,-5.5153176975000004
86.41420890269,20.695041275089995
104.58953866134001,6.16709952161
104.32244210400002,41.11768904505
106.73531389966,-7.557362735750001
108.45366133059,-19.69053138935
114.90671200872002,-15.93872309829
121.87428873553999,-22.91257569089
80.81324060745,-68.29974181946
340.99754391157995,1.7447549534600002
354.6880542188699,35.77256743368
266.86765387933997,-35.70127825509
270.57372572638997,-22.66927758567
304.27720324632,-21.31790732042
11.25466590458,48.68408048178
283.86509008707,-8.186213903240002
295.23756602515994,32.61826574900001
135.77735034522,-54.76420737977
255.63782144608996,-55.07110618355999
321.71600465126,35.34064896424
111.14695222852001,-15.997739033810003
257.78075520428,-61.95422409791
283.46342680978,-12.51673441516
38.87770928341458,2.421838329428611
82.15365183891,-70.30471720645
83.57102625451,-69.97443579178
9.134755515979998,-22.91420438112
202.84840309746,48.44010834155
242.17826351449003,-54.95628070223
11.433186003789999,-24.28002105842
78.09444641892,-69.16963082717
74.2804536977,-67.77376439442
83.99001992687,-70.05203592982
143.2709425551,-41.30889734669001
296.18362212219995,-14.96202969709
296.29416436779,-14.88470957655
296.29720714649,-14.869910615910001
296.03446669389996,-14.951359573809997
296.23310157363,-14.830784087400003
296.2787222132499,-14.858909922169996
296.30703490249,-14.784277158020004
296.19037590927,-14.64177605818
296.09914734419,-14.70829269236
296.3637933111,-14.759757790870001
296.35110944803,-14.720659257119998
296.34146238305,-14.712869432180002
75.81155744063,-68.08476425032
78.10586709366,-68.39898702698
79.16818741132,-70.65417616993
12.60064744815,-19.077829644209995
81.53444056818,-68.06170250726
296.11606302773,-14.881079711460002
202.85477640751415,-63.34923138391805
200.37243270304955,-63.504837293938884
246.93715693642997,-51.3285630372
246.32003110194,-50.37172901280001
82.31461850769,-70.56516140726
88.11673726019,-71.28948756685
244.86154499804996,-51.40869586709999
10.643458333333333,40.88463888888889
251.85279700435,23.215965069129997
12.32075,-73.37472222222222
82.3763578773,-69.33255399427
87.02194054656,-69.31483710738
85.88840855428,-69.85292122256
78.27879066606,-69.8404969007
72.23279644881,-69.30014054801
72.5426657437,-67.94418147901
75.21135576775,-67.97734654589
76.37915645714,-68.51587478358
76.52713620994,-68.91380097645
77.51810040618,-67.69360639222
78.39041170417,-68.07250021049
78.31126349607,-68.526358386
79.73035525923,-67.84287727504
78.67941341872,-68.28115438965
88.91064820088,-67.98263205562
88.53924245905,-68.27708718015
91.90290201493,-67.87844914431
92.89916572113,-67.79488501561
93.29294102993,-68.32660238122
93.21259448623,-68.18250561149
93.18652792575,-68.18606870408
94.82282901448002,-67.87795077641
94.05897691516002,-68.16269874289
94.75699659693001,-68.0728503206
94.03160507504002,-68.55058747889
95.31535709115,-68.88137218587
74.63416776705,-66.52144936756
73.81770386198,-67.55522525317
75.53757763929,-66.31590430289
75.83213063605,-66.8995461137
75.63638765417,-67.05782836541
75.79546734895,-67.44275610865
77.51600550206,-67.52836074044
78.66337620684,-67.46678863099
79.79521702688,-66.35201443265
80.31360515184,-67.58019269454999
81.22119747908,-66.57924252892
80.87220009706,-67.02764282666
81.04955512531,-67.49160990703
83.24038996235,-66.58610484521
82.80859676716,-66.53255939619
84.84514696007,-66.32854420445
86.20729078908,-66.35520159152
86.05305782812,-66.3090945658
87.09086866926,-67.15656891239
87.34465268545,-67.16335903404
87.76834332524,-67.52709084446
89.21414995041,-66.38055337917
89.84416180246,-66.91392780031
90.39636071312,-67.12579582515
91.7579718038,-66.37234441402
91.69890858572,-66.63438038555
92.31190747421,-66.97814068875
92.29336313834,-67.21218799018
93.76389170407,-66.52748539273
93.77953680991,-67.28851613254
94.20765495031002,-67.27315330069
79.94514244397,-66.23835167258
73.45591859635,-65.77478206908
73.16839405157,-65.73368022277
73.24086267391,-66.08295015189
74.74977077203,-65.49099161657
75.24525362309,-65.51535087616
75.56365911487,-65.75807760216
77.10064538182,-65.13693731553
76.72782716124,-65.53923478239
78.905439107,-65.02667866903
79.02980125499,-66.08339019182
81.00124292258,-65.29252793567
80.83083903605,-65.70032965997
82.44554409113,-65.00089291829
82.67539989598001,-65.94827433566
83.67573285,-65.2741758533
85.8061948643,-65.84863596887
84.61808890867,-65.97197147056
87.12137384468,-65.7754473782
87.42493095962,-65.64626102873999
88.67537552237,-65.46671445078
93.912918133,-65.77709007308
79.88071115686,-63.72191904815
72.01765086417,-70.95448463643
72.30194020678,-70.83370235203
72.50902453872,-71.00646222689
73.01664841462,-71.49973397552
72.81617261854,-71.74805921974
75.38370463104,-71.4246977422
72.34104934048,-67.51004011118
78.18071597215,-71.39142020382
75.55009171186,-70.32235181747
74.44414908299417,-68.85595629188694
86.18928256123084,-70.79045369076805
3.077359507959999,-18.13191388906
76.44994136883251,-69.36415543141554
75.29454994069,-70.35044804702
77.58753562757751,-70.75344636704195
246.68520454286997,-52.19674501455
78.1849817445,-69.89954028199
79.50010006438,-69.1117452899
78.62495414938,-70.08861540244
79.66962984728,-70.80382559797
79.75818163858,-69.08343799072
81.94672211092,-70.90535514935
82.79051779789,-68.86345477597
82.36340954417584,-69.6167386447375
84.34455292962,-72.21766648506
82.93140433104,-69.87834358734
84.67239081998,-70.22442038455
85.27407521898,-70.63197196639
85.15842965415,-70.68260654566
85.05319036016,-70.03541395082
86.38043838751,-68.80988887794
87.0800031213,-71.4199629168
87.0046765216,-72.64057309446
93.80211628009,-72.17865658312
96.07781043591,-72.12952989475
94.44317841312,-72.48135608036
94.90970245848,-72.48623830127
94.82472435001,-72.89693287437
95.59062871914,-72.62919720786
97.09309087793,-72.90404547048
96.67153267659,-73.0129010887
73.60886559178,-73.7010331567
72.90977096638,-74.19142981993
75.42175807421,-73.41535408043
76.80555025384,-73.32128800011
76.40061602325,-73.44472780907
75.46864910994,-74.53208295338
77.10699572761,-73.40559208053
79.11726400714,-73.51481277071
78.58164467372,-73.72617759232
77.35339874621,-74.04327922653
78.10828726179,-73.97976818398
79.72679579077,-74.1286841235
82.88270356025,-73.42564485831
83.49061344227,-73.45886825365
82.61894339328,-74.25642381072
163.01231910134,-58.52077409502
85.0698532754,-73.34743334408
87.75482021527,-74.2859830246
86.96220769068,-74.37204943832
90.6734458175,-73.54379552138
90.10365536498,-74.07363108198
90.72350543507,-74.33318769519
91.82397114451,-74.33677588797
94.16464167400001,-73.31769255862
93.51253845002,-73.70206173654
88.63676299696,-74.7656123347
88.04634293839,-74.6809524634
89.81860266248,-75.30305855091
88.01581061762,-75.56671429799
95.12575136591833,-67.63679676389945
95.04068864493,-68.19283571927
162.32266355524,-58.33409735304001
161.73357194506,-58.29463987607999
306.35594114046,17.90689331861
243.61785689970003,-49.25385260557
162.44548793234,-57.25024090758
162.35679091015,-57.13171369427
162.20859612092,-57.14993117448999
358.70425704457,-18.82531426629
254.01940837421,-53.44468344484
169.3291748533,-17.487621777379996
291.63180853035,-1.0474183537
292.5622307541,-0.8359383400700001
161.22760614227,-57.69049436698
349.89802990819,-18.939986229390005
81.933125,-69.66724444444445
254.27718877111997,-52.80998816844999
161.44703502185,-58.86472401734001
278.667638,-3.837194
161.44162168549,-58.614207120029995
279.94163,-10.534288999999998
160.25115712909,-59.386834666460004
0.524,-15.468944444444444
79.37860393641,-69.31934732829
90.80392144987,-68.01637708252
73.69379222206751,-68.57749007738249
82.6118763868,-69.2244976466
83.27809759651,-68.54242510407
84.80085854845,-70.64267552356
85.3329591143,-69.7082293737
89.71404468164,-70.48981650132
309.24281736112,17.64472103566
293.90992925522994,-5.94321447555
253.50422599855,-50.6326931416
293.5791439481195,-16.3741802523725
95.28858242749,-71.57925533539
72.25614699732,-71.95196600049
74.60974341214,-72.85778805309
74.20321482488,-72.99097264592
74.35325430838667,-72.92943111220029
76.3217459981,-72.37058478761
77.08729110168,-73.02681833207
80.08161556906,-72.41977121665
81.3721048953,-72.00665519766
81.72121551762,-72.18339821512
83.70166428732,-72.64717195482
85.05208730773,-72.01971176793
17.569958333333336,47.61569444444445
297.56421626003,-1.6022348430499995
344.52850986554,-17.13886128692
73.90701383412,-70.04142613612
77.43430439083,-68.52815996886
85.86207455073,-70.43789806752
90.05647036265,-71.00382953075
89.74671206401,-70.05944808104
161.31324973549,-56.36781539252
79.49785852214,-68.24200175382
252.88613310311996,-48.15349940068
84.62544056947,-67.67641559333
309.9896084942599,-1.6596952341699998
83.81376867645,-71.74746121609
87.18300461948,-71.91976693392
71.8654613446,-67.81483233032
79.288884456,-68.71504790911
347.04511297461,-14.190777505510004
248.44360750325,-48.84912118673001
9.931916666666666,40.438361111111114
9.974833333333333,41.58288888888889
10.045708333333332,41.64433333333333
10.0305,41.739444444444445
10.072166666666666,41.624
10.089208333333332,41.72322222222222
10.116124999999998,41.740972222222226
10.116708333333333,41.719611111111114
10.156958333333334,41.657583333333335
10.063625,41.788444444444444
10.111291666666666,41.81911111111111
10.106583333333331,41.76402777777778
10.309000000000001,41.80319444444444
10.262958333333334,41.782
150.591,-26.208944444444445
150.68708333333333,-26.172055555555556
150.7148333333333,-26.172055555555556
150.70025,-26.143305555555557
150.73229166666667,-26.18438888888889
193.03957380071,9.36157429131
309.67115516603997,4.405738749530001
159.44713884032,-57.42797943034
71.5234742245,-68.47059921059
83.83779166666667,-70.35907777777777
83.41827690692,-70.17975997298
84.22847685641,-68.58678194468
88.78682540086,-71.90329715621
87.61121508639,-71.14960591216
295.74994488994,19.759714470080002
247.02194056333,-43.66114692221
158.32519151137,-52.51828849073
248.31345322955997,-44.39772105191
294.38682106978,19.00638329764
93.34617043828,-69.71729464052
88.81796237879,-67.21164304545
76.0322656478,-66.41830902665
292.7846181287,19.63693582204
293.97661079016996,20.21896796935
296.08107368785,20.78671912519
298.90175538741994,20.80022147681
160.00949450823,-27.010188676040002
276.79253242797995,27.243904872950004
12.98233592777,-73.8239822206
277.44385400000004,-12.916287
296.24413346102,-14.81312783351
299.69511860063994,22.169975240060005
157.60543509126,-55.04701293208
133.75636199999997,-51.12215
13.007616343890001,-72.94770078562
17.065370833333333,-72.88111944444444
0.4693333333333333,-15.438972222222223
85.33085707909,-71.74370088957998
300.86797087252,17.09021191845
83.26542683905,-69.37058696983
296.281311,-14.988667
296.20468273714,-14.84916092301
352.1774583333333,14.751038888888887
53.23252095975,52.73712695356
86.09376006695,31.023939673229997
213.84174554918997,-61.43824891749999
159.72880364663,-54.315716568430005
76.05763995838,-66.52186544578
247.11486847190997,-47.54013562709
154.29821044534,-55.11773712367
154.10062486081,-54.99576255445999
212.70551518887999,-60.05165583961
301.27049486639,20.64815810947
156.40076054886,-53.88217550047
249.93882553415997,-46.49559502485
295.45574753569,17.57658017047
249.52443367315996,-45.99607414081
151.27857615499,-54.5344321722
251.3471688301,-45.83643264167
78.03085466005,-64.91295284591
85.3716042212,-71.16889615976
83.94978120764,-70.30324076634
8.117416666666667,48.5025
8.637708333333332,48.52008333333333
85.63398298183,-68.68435390951
71.63492705299,-69.5294347018
74.76924867391,-65.75728682636
260.17237890482994,-49.6181815155
78.69653256729,-68.87646658228
77.56498480402959,-70.56486339459889
83.27274023556,-69.9650678498
82.93073091803,-68.050493781
296.69352562925,21.136784240469996
297.25650092383,22.36784878051
19.114887500000002,33.425041666666665
9.996583333333334,41.85791666666667
10.005583333333332,41.772194444444445
10.010791666666666,41.764833333333335
150.74775,-26.14425
150.8155,-26.177333333333333
10.469791666666667,41.529333333333334
10.464833333333333,41.457750000000004
10.329958333333334,41.77597222222222
10.32675,41.86141666666667
10.337,41.76825
6.554125000000001,-11.022277777777779
357.9442916666667,24.58313888888889
8.722375,39.24477777777778
8.658458333333334,39.15961111111111
8.736166666666666,39.35941666666667
9.606874999999999,41.89513888888889
259.84686868512995,-49.34386807608
79.33651267444833,-68.86322885186915
259.92658513822994,57.97713390157
9.735041666666666,48.33983333333333
298.76649604123,22.78805689809
296.112915,-14.868258
153.75426296548,-51.59652471123
154.74153090009,-50.09703510031
71.58477739899,-67.93311672162
72.57025432151,-66.65818059829
81.82442920426,-69.54392544067
161.92992151062,-52.39003991167001
83.35824603704,-72.0697072659
84.88915467027999,-66.16906323643
259.74701645001,-45.96569765195
302.29327525702,21.950825250229997
265.58603843061996,-46.68475382428
72.83635317662,-67.63654080863
76.25371668285,-69.58761762602
262.99949107593,-50.81439336301
40.02778723657,-34.389515856340005
19.11037083333333,33.428002777777785
261.76059669834,-39.42910242997
353.70448021710996,-8.601162626379999
85.8395290152,-70.61054299164
0.517875,-15.505611111111111
285.7706959681,-2.73574336341
13.499066666666666,-71.72962222222222
88.74033623454,-67.80092043435002
258.6803364530899,-42.23767015193
83.84793411591,-65.19732073484
40.04915472938999,-34.545948899719995
10.31007082999,-73.16922881511
285.05635045765,-5.460909469199999
285.43439810845,-4.186486895600001
267.88286794125,-43.33890956211
283.49398035349,-4.61397786963
13.42681820609,-72.56011216087
268.93136528134,-41.20444753887999
265.12685317931994,-41.630414904
277.98109476909,-5.543628604329999
279.84776336266,-4.82494862298
280.16001337321,-4.3360753735
279.9279164684,-4.20993565144
76.68034105686,-67.06272849196
75.86938633741,-68.822988257
83.62685608908,-70.41036539463
85.7353736153,-71.04630169901
81.05844777883,-71.24437121671
84.84877790191,-71.63907319147
81.40729109358,-68.54228389186
71.84545709575,-70.20674144504
86.80876560568,-68.80184310565
73.61445825682,-68.35557182678
79.64945970133,-72.26987709591
87.01738109993,-70.01523431667
72.17465564109,-69.8388946026
279.76894400826,-3.2376667640700005
279.55675320875,-2.85738250288
83.55505386830583,-69.85918860473917
83.32510339843,-69.98480713945
80.28530400435,-68.97119501046
260.37392477117,-40.48168748465
83.60253128753,-69.24633024558
151.26127896918,-50.53532820266
40.04239398698001,-34.556066994220004
296.213776,-14.783867
152.04484857451,-49.92065335057
78.1202896973,-69.29167387736
77.58371769201,-68.98228400515
77.77640413522,-68.91325121429
79.6088302386,-69.81612806805
256.72931426055993,-42.69324317819
81.41999958695,-71.29285959797
75.80291735799,-69.99721217837
283.13533051589,0.55559981605
85.18561530241,-71.3038549022
88.12651270647,-70.773525238
86.73210836368,-70.53025973818
254.52620383367,-42.32328768273
283.14492388951,0.93639958316
282.92709855276,1.2060321766200002
304.69193443698,27.996549475059997
256.55356187727,-40.09715006791
209.57131206784,-56.35313852395001
149.40008379139,-48.23011089687999
248.02778771095,-42.19906078236
253.03094226835998,-40.989596107329994
303.16655983222,28.09489361844
170.59100339571,-32.77195316441
12.088833333333335,-73.11652777777776
76.1256410943,-70.56178957804
80.9461073177,-69.76194768424
260.44316097688,-38.29551518607
149.8228083225,-54.02215406829
84.24232583698,-70.54956511824
84.89431927251167,-70.02630757938333
149.01056635618,-53.48336918608
158.29192309005,-15.563958386700003
61.92927251273001,-71.79433792975
148.52847979785,-53.07956250000001
13.6565799545,-72.16375344762
262.8218764971,-39.66214463178
149.53573682418,-52.46847606665
296.247101,-14.722958
19.719950649060003,58.15860073923999
150.1679295377,-51.19201537712
146.28402097545,-51.7864994092
84.81001585315,-66.06755255841
82.80638313415,-65.30388173764
146.34863380095,-51.38276139959999
357.48498595761,-6.698594668259999
147.1804783751,-50.46560683854
256.95438905622,-45.94033564824
148.44716894827,-50.50329304398
148.89961876812,-49.93767974983
148.84435722235,-49.87893358793
253.40537022568998,-44.27722040682
145.04451099009,-47.15185283121
278.71363763618,0.85821850133
260.9347388459,-36.48643717951
263.40447091007,-36.2596687854
262.94183473433,-35.27591061691
13.90647078539,-72.69507417058
83.81229591064,-72.03619255722
68.84903769229,-69.7988488497
93.09619305995,-69.49486114284
262.14934324797,-34.02328664705
149.67008770658,-45.460484397509994
148.27670617707,-44.33814757126001
81.61226488333,-68.94921197853
257.96630167589,-34.52280571735
70.78619303172,31.00463632036
216.17316666666665,44.47688888888889
146.20199140529,-43.92801148936
77.81884137101,-70.95761289682
85.71128749415502,-70.53608014561472
90.5300884918,-72.90983265351
145.47195684925,-43.52367963994999
81.20556017366,-72.1334500101
344.03077175102993,54.22933775806
69.55431399423,-73.09873478322
238.12617021889002,-49.62311975977
70.64095773577,-68.91624088712
81.20714245169,-69.61447167031
241.32997660432,-50.60703789964
296.29706780324,-14.80263457302
296.153625,-14.886691
83.68341855331,-68.50098760573
84.76264576694,-72.0677161482
85.86560168941,-70.48174839866
274.58238325122,-33.26524248745
234.26800607983003,-49.44743493824001
145.90060606494,-46.74932150296001
143.62817662121,-48.80056515129999
18.417810784039997,-72.15042759507
232.11639619834,-43.99485008315
228.59248045612,-45.23131282853999
231.35965395417,-44.44334675986
234.93824796888998,-43.62053714473
284.60690794323,5.313070974509999
92.53537413102,-70.90935619401
74.44112974269,-72.1538176988
39.92306287361,-34.56122751691
296.24561023213,-14.78653360108
70.0341486712,-73.00186670834
9.721632,48.335607
45.30637090171,58.55100172387001
72.41724846856,-69.94269825496
277.61030497502,-9.79898781553
136.69997009187,-56.57291145046
275.4956690225599,4.24462486391
245.32048617115998,-44.67985234451
88.51282664467,26.53208047826
82.96269560658,-69.41582317728
75.14838653186,-69.29724694185
70.16129457423,-70.07541648627
243.58258273911002,-43.04479996827
242.74296934106,-40.88323961173
280.14516322655,2.70240939451
73.74845189276,-68.92712325485
154.21899257778,-43.29027025325
78.04594298131,-69.99004875712
89.13095756772083,11.971333372111111
81.02550307437,-69.88503914934
328.18647159798,-28.690721376819997
238.16050193785003,-42.43495551832
297.87678531512,22.69632214155
79.62700727123,-66.69486063619
78.65988196536,-66.50437188746
150.90791666666667,-26.157666666666664
15.363076072910001,-71.94285011179
14.251069021169998,-73.31287776178
77.82611601749,-69.54479314824
77.69508718856,-69.13308903919
71.74495736019,-68.86539996535998
72.51746094307,-69.89172967527
74.18029539898,-68.68664329401
322.61344416070995,30.957936648010005
77.34697639276,-69.0189704078
78.78933228172,-64.78725944486
79.98309989092,-69.80163731023
84.25115344671,-71.34149295039
71.59338141952,-70.35531608799
78.04855134036,-68.03851912387
82.06467741893583,-70.40736616791973
232.39885424419,-40.501179140679994
162.54515807192,-55.844840684690006
10.122083333333332,41.61227777777778
9.991625,41.61130555555556
10.091708333333333,41.73986111111111
10.1965,41.597861111111115
10.045124999999999,41.922555555555554
150.75420833333334,-26.145333333333333
9.940208333333333,40.42925
0.5003749999999999,-15.488638888888888
231.31196608204996,-40.31466055511
233.22482157352002,54.93025186375
277.84694823603,4.38165436256
16.337506843070003,-9.295232878300002
296.48889931596,-14.63820338022
19.16801109358,-11.22079598773
236.15277594835,-38.99978503585001
151.60442395161,-42.2355265857
281.83759660947,5.4551684086
303.85114398842,35.69428474527
341.2677336058,56.62189255934
14.34002478051,-73.2393538233
318.49592829844,36.44688003692001
296.1316676884,-14.759366300349999
293.12430875425,1.0330330723300003
139.44847593446,-44.68476943377
139.08083090057,-44.08019384325
81.74517639949,-72.38540433329
142.11571602459,-43.53304162874
84.58392873321,-67.12267151228
81.69019986214,-66.86521131834
87.19651514134,-67.47918688268
247.64192566960998,-49.01091915121
247.73702206592998,-50.16510940399
245.67647159879,-32.13588116759
18.15484706848,-3.84142974856
247.84046638967,-32.24505638525001
248.27021051552998,-30.904648528609993
82.29880843171,-70.54071390484
254.77224824048997,-33.78200156399
77.70410938071,-65.7121716864
75.36044149113,-66.25567924411
86.13238487633,-66.80237768397
255.6912677224,-32.72548821986
8.2800625,48.52489444444445
74.83241085025,-68.73633159611111
87.44287691051,-70.47028596091
80.23598053891,-66.74381035525
310.88457080481,32.12300062455999
69.45111982455,25.82390724449
296.30849694041,-14.840542331790003
138.3964741959,-41.78971119429999
290.45459675457,2.66891135711
137.69419760346,-41.4755000984
137.40824019235,-40.75407418613
76.94816879859,-68.50906922694
143.29067026945,-38.58820404846
80.23886780843,-65.87067331898
315.08475832402,33.706526466339994
317.65755950442,33.36627748986
248.6150791458,-35.29908256446999
140.9561468559,-45.40002908616
142.55985793196,-46.18820262574
336.58055605566,26.06067054238
11.238791666666666,-72.42819444444444
143.91753137096,-34.26184661456
296.44253175693,-14.762636406369998
296.42801734909,4.727326092069999
157.03105705882,-40.99028022299999
341.79540347946,29.45803150013999
250.16113670182,-32.38001308397
252.10279775582998,-31.376268789059996
0.49229166666666674,-15.505416666666667
81.9789263132,-69.31729528165
291.49149142124,4.45937099521
87.31304836345,-70.40415254509
93.56923982183,-71.92366436536
253.41591396493,-46.31221028699
37.81507323914,-2.71845912248
79.09423971363,-67.72070541144
74.15415565913,-65.65479553229
14.628426110879998,-33.47778630811
152.12300828867,12.345270856660001
76.37052866988,-71.65167298886
77.35348668977,-71.70831995733
91.25623324319,-67.80578387675
301.93974391273,32.70311809075
329.52191811821,29.724792430089998
294.46905499991,6.7288842539000004
71.42221935316,-72.83886459421
31.84454680692,7.211618791829999
0.47758333333333325,-15.465027777777777
10.00828673072,-6.636775079479999
81.31174270884,-70.10148462887
159.22802725152,-26.877379786169996
157.49058324271,-26.99769054812
157.37285077408,-25.28784626432
159.60782003072,-26.514254413000007
90.61487349508,-72.08540455793
339.37389595984996,32.459195539730004
78.59567227978208,-69.05345908572083
253.25787808934996,-26.67722842221
290.32665872589,7.653434261539999
168.32577104274,22.135616596440002
75.06461318528,-66.43131452454
90.88112378741,-65.94281483453
92.5132719954,-65.27037815677
82.67173968876,-69.98361474907361
93.84565951181001,-64.83007480302
95.11903321491,-64.27107206985
74.67800089659,-68.31892113327
90.19998809553,-65.06915202722
92.90809136013,-64.62577575669
93.96577173343,-63.82356482673
98.64448176585,-63.42531861605999
9.785254166666666,48.35613611111111
95.62819369671,-63.884068127569996
85.67994091691,-70.23187479403
91.88691916677,-68.95462112332
86.00381837522,-66.79153833881
84.81652343707,-66.13370728783
14.46110431359,-72.2065011982
14.45969827451,-73.89235916377
0.49616666666666676,-15.505638888888889
252.36163825848996,-30.415438239149996
251.42438358053,-29.298139621600004
161.10092877844,-27.25839707739
78.12970443533,-69.31061138148
101.91116862179001,5.48771132516
88.12574475019,20.08311157754
95.10303081984,54.15996602546
78.81594054155,-66.23901856052
79.13885133659,-72.90889989426
88.20745279965,-74.03285902563
83.60555034679,-70.39400665896
85.10236296485,-69.56589892807
85.82899800759,-74.11064962522
78.45699505025,-62.00374571556999
81.28632802272,-70.45832509402
112.29287787052002,-50.36998495756
68.82447765856,-69.20316646756
76.21336528217542,-67.74991047438554
77.09053419887,-69.42145576147
275.54141214989,-19.019184404089998
79.46669918639,-69.08765508264
82.79685366393,-69.74095164385
88.22448194148,-71.38820614714
282.31298910006,-17.057022793030004
39.96578659421,-34.28816007736
10.214541666666666,41.9085
150.80379166666668,-26.133055555555558
150.80700000000002,-26.15172222222222
150.87966666666668,-26.173083333333334
10.41554332594,-3.5160877840599993
90.71943432039,-60.280748004770004
130.2967454629,-50.27181341096
358.4371951213399,45.26073794034
93.6597662519,-13.86028721532
102.57232867872,4.91113171212
266.23531640133126,-18.6573114528725
106.82374161488002,-21.947089316429995
40.01051134690001,-34.461828142419996
17.092875000000003,-72.88405555555556
17.91889382063,60.19388116251999
116.80951516570003,-54.20068155658
181.62748987711998,-65.70455574047
181.74738803034998,-65.15589720229
186.21235310592996,-63.70346419860001
105.17072825269,-22.73976889904
295.05606646022,9.03221609409
100.3674738868,-50.9510965709
296.98282899767,9.46908557069
296.16205026052,-14.82307767659
15.049343428180002,-73.5506143648
15.04402811842,-72.24952995815
15.072567342609998,-72.60229802188
25.72879159157,-39.68589947238
71.05587012961,-68.67307163324
294.08087508363,-10.838254630209999
123.61195902212,-35.46072919551
124.85044172614,-49.51585724736
127.06451627803,-48.69993922809999
290.07550031547,-8.0366842667
126.18885238599998,-48.30819003688
10.083791666666665,41.77191666666667
150.9559583333333,-26.15463888888889
284.22077061099,-8.705221725169999
115.67506285774,-44.202027517169995
72.27354808392,41.82581999287001
0.4895,-15.417499999999999
14.905847602760002,-72.60358340097
4.01725830182,56.164123124730004
271.85353977323,-15.418349888729997
82.97762142324,-69.16317166533
287.11346598107,7.12311118687
186.75216269771997,-61.5207094288
73.45424999999999,-66.67572222222223
182.47184633129996,-60.48521926623
349.88065333239,46.87382441658
66.16011150819,-25.202790785040005
286.12313086312,7.76202665791
347.69240415124,46.30296299441999
81.50335416666667,-69.7198638888889
287.7900147341699,8.37796033064
186.13667336914997,-26.23563541678
131.81864597656,-40.322907312149994
286.33830632401,8.733009673079998
279.59793570696996,-3.20898803184
58.02953851554,43.76849372786
192.38509518428998,-61.770659114699995
56.26421390567,44.78104782861
286.81203755906,-2.8118026917200005
289.61408519132,1.9537702128199999
128.98204635627,-41.92315252352999
192.49040360675997,-60.881228534989994
83.78561541204,-72.34069897707
87.5327928561,-67.65582586395
91.4864919512,-67.6155134993
124.70382796587,-41.37069550423
124.14998220853,-41.45234712063
152.08365682026,12.33400080403
66.37022669726,50.23993703183
67.49080679796,50.86145338614
276.74019056224995,1.15087810342
75.29306924798,-69.86355719184
76.79339092962,-69.056017062
15.60833122261,-72.90213335724
83.79883645122,-70.37875179985
87.22397473291709,-70.61279734971026
126.46133332791,-39.23820636632
128.92114218912,-40.54852620952
129.03849906015,-40.03192395128
128.94104704518,-39.993460153070004
297.4098298507,11.721824014500001
129.44788806276,-39.87254114025
283.0455779282,1.5871297258600001
129.07198018799,-38.886987393
283.03462979373,3.4003527121000006
191.85282954103997,-59.69474272477
192.24927655392,-59.21594513582999
350.8091600599399,45.41638489273
297.41327941858,3.7755126735999998
180.12108024500998,-62.08449553916
183.85518591894999,-61.00775206841001
109.41025924307002,-29.014336743659996
185.16170780554,-61.00509554599
74.4646957759,-68.1611022078
123.61444571694999,-44.04373078465
87.48549999999999,-70.88659722222224
74.03846852105,-72.38249818282
88.15497576254,-68.0067371742
123.03532041007001,-42.64613074856
127.80611453910998,-46.80600715210999
165.34073599723,-22.741876460229996
129.34720857074,-45.529392825109994
286.27465734218,5.34973558968
180.83915649300997,-64.09224348841
182.87714272276997,-64.04501687589
127.89640654760998,-45.111435894749995
183.34541194749,-63.51668766586
182.14347994631999,-63.39121437146
285.15735485645,-5.319263757669999
184.65646206237997,-62.51962374123
129.76759140736,-43.54357641064
186.00298618823996,-62.899598037779995
187.38304641157998,-61.85206885655
357.74029707333,48.78124810806
291.24841770258,17.11496825335
292.07865602569,18.964929825790005
236.91306191246002,-44.58717275085
72.97072651184,-73.18610783123
245.40112705689,-8.8885251517
85.76974504524,-66.84964252617
244.57130525309998,-4.945012953700001
78.80805196468,-65.95093217315
260.19253859735,-0.07321817442
118.62335489950003,-43.90742614287
259.48138186372,4.601943150550001
231.84832501875,4.47441777923
55.63411355893,53.17432075759
56.31548147652,53.91881581022
48.06356985966999,53.07371641665
49.905581594679994,54.56379013597
262.0141852424799,7.614892631880001
86.85318378378,-71.60058723728
281.73342750774,10.085283805
198.89647041110996,-56.00910378391
284.63511666076,14.363777008339998
12.274907766839998,-0.63644317147
280.88129036186,17.65220616067
295.00638032661993,33.37412089269
299.7720550711899,34.123745516739994
288.8702259173,17.41831470453
80.55626740768,-71.45309611681
288.19432084598,10.20602605339
288.54704270021,10.43099679755
289.3732879365899,10.16433272322
289.55156294458,10.327970844209998
115.19146739335,-39.3351345104
286.90677018499,22.90796698006
73.41626778008,-71.27797141679
48.47320503953001,57.84718125079999
193.73753925069997,-57.96091887934
122.58065732929003,-30.83518440702
112.79209466732,4.19384234006
288.35137687664997,7.0499579925099995
82.69425113394,-69.63929660114
283.90345175044,9.26659924918
285.82678518344994,7.51259451732
84.60900517632,-71.4384040453
80.1235809817,-68.44269027597
289.37338985963993,10.724615245489998
284.52669313880995,9.563617431769998
285.56325625402,10.24018843591
96.27563020766,33.64535525077001
118.15586252026999,-38.47091519832
15.412841518709998,-71.70735040374
1.37119371759,63.914656985120004
198.17132253454,-58.57300536345001
123.26297342474,-40.64728777633
79.8636815179,-70.29379851637
126.26150757845,-38.73086428289
82.58671159511,-70.1978250948
93.26047985311,-69.59979245654
76.11803519965,-71.65025210424
123.45789916257,-37.82910363306
124.49876904127,-37.02742195745
124.47365462409,-36.85860040456
149.82772774102,-56.06283092856
120.80745085020001,-34.93036082244
149.36764766854,-56.04294603633
150.15687382027,-55.3485994774
181.3585165649,-59.37967575724999
104.30561785535,-74.32924276176
95.99166446898,-75.40118398962
105.94218830674001,-72.42339824807
15.132848853929998,67.34315193138
90.01856937419,-75.20746709923
90.27273267566,-74.71042517219
90.64881275025,-74.54654839808
91.55481298155,-74.34715463849
90.93390799305,-74.28890528805
90.51279952295,-73.85105115835
91.6654835323,-73.67688026175
121.26631859140001,-33.7813505241
121.23557788105998,-33.52975466523
94.10209663552,-72.59616195577
91.03530650734,-72.50925613783
97.01831343962002,-70.97539441039
91.74864220464,-71.68531418548
96.10655676827001,-69.90246599836
97.99928405247124,-69.99546197004082
180.97795595200998,-59.082167995889996
96.11359854412,-69.18804036401
93.7959606436,-69.20898794893
94.56092391753,-68.81019182458
92.16380384004,-68.27569991965
94.11042427543,-68.06792412541
92.3676154174,-67.90431644544
93.25227558302,-67.79044711196
100.33284916235002,-66.59799040631
92.55644031022,-67.10364437331
92.14618413791,-67.19746626633
91.61209978636,-66.65362185917
92.2014719198,-66.17542195859
76.27639429376,-70.74526636334
46.78803332227,60.01322572234999
12.949771642540002,-76.31642299078
26.239502461440004,-73.53872343367
81.42550102157,-75.64036254968
81.98545677896,-75.56081121599
87.1120443986,-75.11943198094
86.48845941892,-74.9580923305
82.83036131261,-75.60872308558
83.10900825104,-75.31749087021
81.24438730012,-75.13876115737
85.19533792728,-75.18009723199
85.03770760924,-74.90100728466
84.6216037582125,-74.58887275093
76.52767001252,-75.65202054266
77.12437312801,-75.62195774236
74.98865165998,-75.82537933762
74.91016666698,-75.08146308876
72.86733090226,-75.1452779432
73.89168293089,-75.00996016048
74.7879193591,-74.92133456309
74.99818999095,-74.92161196402
74.5419381995,-74.61876666721
74.65507254832,-74.36388257077
74.77218932764,-74.20564285965
287.39805388319,11.68951214848
81.01844183415,-73.8464665368
76.19146030694,-73.66250787108
125.26166121769,-31.90205362557
287.93505740493,11.9177543353
75.84492032245,-73.50235070689
76.664338189,-73.1276706521
74.67834808381,-72.94839342163
75.35928644828,-72.91309870249
89.46516462962,-75.21279558779
87.56250048425,-74.24246494918
83.86630706155,-74.21736107625
83.39096888861,-73.89240174386
89.18608344411,-73.11519045224999
87.31534103505791,-73.07489208904167
87.1139615869,-72.77695645207
83.75134968341168,-71.95369587033473
83.54841746836,-71.97166063741
83.03196138442,-71.6299288554
81.77159878975,-73.50450201609
80.92823345156,-73.08276563431
79.22500755445,-72.6463570745
81.22354045983624,-72.28363352599361
81.5021628825,-72.20541141382
79.83637638132,-68.06143582457
77.62986950353,-72.59367050842
82.12884620755,-71.68223663727
80.53940710897,-71.49151564316
80.73179432444,-71.35830950847
81.48661866466,-70.90850468578
77.15884531957,-70.68454031101
79.62004989882,-70.73551363931
79.01187871678,-70.59967895543
79.31430361777,-70.1573080714
78.83904536285,-70.2230511295
77.9801602639875,-70.46293346510528
270.46705044075,-14.339207271189997
77.63503651616,-69.84524197855
124.45900119144999,-31.073076408599995
77.67156098694,-69.72179578263
72.02063480097,-75.30117491935
72.03089641621,-74.93327697894
71.29914877629,-74.28589266083
70.97482591319,-74.03025741805
71.50689771807,-73.65999537775
71.40346775989,-73.44503397376
66.00911889705,-73.74171127105
73.4313630957,-73.68343182254
72.40683844789,-73.15319615036
73.79341734268,-73.05269114763
73.18810087616,-73.11866134261
73.14348177035,-73.27483570845
71.01066544583,-73.19827279402
71.38334139161,-72.99484710332
71.42349384659,-73.00085160759
71.00614912205,-72.96183804382
73.83604491816,-72.73199404666
74.68819489693,-72.4429524509
73.13820713303,-72.02206996088
72.39358763628,-72.08395730326
68.39820022008,-71.69172743171
70.52058059988,-72.14169956389
71.43878050721,-71.8676061733
69.98936871388,-71.7445223329
69.5387410769,-71.06342533554
69.52285678254,-71.04422624381
66.86154836714,-72.56369899213
65.67894490336,-72.30025024509
62.23237879245001,-72.38425279202
67.16963509838,-71.64178349397
65.77566033178,-71.29979645449
65.49146203806,-70.64844517307
74.8059152848,41.1675028821
73.80024766518,-71.34504623724
75.54907700646,-71.03159405393
74.98812289947,-70.95518922438
74.09129431338,-70.9539397481
71.72332109795,-71.53225558912
70.0987295718,-71.04209170947
70.17787271178,-71.03249932855
70.39898772809,-70.82519708351
69.79473011538,-70.98155139039
70.80269560395041,-70.82939574615361
71.56824713397,-70.16938477951
70.59030522413,-69.66584657234
76.76718111538,-70.54637224543
74.76688123715,-70.19534578242
74.17684455021583,-70.05035823244944
75.0309527544,-69.93639659143
74.31367703283875,-69.4326754833764
325.81803659265995,38.01749431681999
74.61096322164,-68.75909704875
73.98870138393917,-69.27997041553972
73.35113135572,-68.86655063469
73.22269134818,-68.45395401463
72.46403614073,-68.25505703414
188.19143125038,-56.095611790069995
65.56298617553,-68.59250145298
71.84051597981,-67.97637932381001
68.46258438155,-68.14007360935
86.60496256873,-71.44789179901
84.72633297959,-71.00496823613
83.84001525333,-70.55649851003
85.72001217097,-70.49349550374
85.10872624403,-69.9502499768
84.05711952947374,-69.5935683708775
89.88125006023,-70.1029927324
118.18028370289,-28.44790728541
120.95271144706,-26.637130326009995
86.25839760461,-69.01702782514
86.69596261977,-68.83709015632
85.24600396864,-69.02524164177
85.19574059355,-68.47705043507
82.64278525232,-70.19826780318
82.62351788728,-70.00432764951
82.32519144465,-70.29938528594
81.9328242284,-70.07817901581
81.81173748447,-70.07940597864
81.33804032798,-70.40293566233
80.96465599484166,-69.70954490334722
81.7907830963,-69.69916888243
80.98957495796,-69.53007721218
81.58839681042,-69.07526368634
79.65046658021,-70.01111118428
79.54227685846,-69.67580241257
78.64567597909,-69.50211064115
77.67711273895,-69.33831390185
82.54450415263,28.70997645267
80.08239702301,-69.07349980949
78.59462264676,-68.63030942761
78.39892627121,-68.59805865062
78.96733631795,-68.49950694414
81.79055349613,-67.43844339969
182.32137542362997,-55.680195889770005
84.99056965663,-67.22520627335
88.72866283431,-66.40219225936
80.98623286577,-66.3288400662
79.76667544374,-66.13933206933
75.30333764058,-68.43212534251
77.62476534868,-68.29581097239
77.46762605974,-68.12456676901
73.15989941858,-66.50029487413
77.96436840428,-67.69916586573
0.4998750000000001,-15.49486111111111
70.7297287474,-66.83841480486
71.23248943459,-66.17446995545
77.92569493053,-66.18274125812
76.00461215776,-63.65632184403001
77.65311414083,-62.94014051096
64.81756829927,-67.39480535119
14.62728422753,-75.78360176745
14.81316689381,-75.54218878711
10.84677757338,-75.46193850685
15.09812385895,-74.19054937173
15.613231134410007,-74.72713648025
12.130386491199998,-74.30117117841
13.24870503967,-74.3889886277
16.01277507024,-73.54452071498
12.755534355070003,-73.96575957064
14.428189180700004,-73.75032645503
14.96391060957,-73.45355410571
15.659060798327502,-73.24081765800334
15.442724811379996,-73.19040124694
9.179426624509999,-73.83852532886
11.308498404669999,-73.34120718302
13.00408293608,-73.69769116453
13.29423304925,-73.57702253479
13.579158634490001,-73.42716114192
13.903893471760002,-73.39677556304
12.15918631733625,-73.51655183445416
13.27060540632333,-73.34898126315748
13.695337131710001,-73.22721095538
14.2760087935175,-73.35186456464027
15.242956202498334,-72.94785089198832
12.67288059088125,-73.34941232960138
13.317942151364168,-73.06575681934221
11.90769791482125,-73.11777042807554
13.699631481147502,-72.97480008470473
14.59441880550708,-72.81444526706944
15.107293026399997,-72.7419824947
14.840531866609998,-72.75021993603
14.254492389029998,-72.59660059591
16.972760940910003,-74.3020421212
25.95238524002,-72.61268937184
16.21872200470292,-73.20464272831028
17.089712045436254,-72.87118344161222
20.421510381619996,-72.48347380329
17.37053853294,-72.47257769513
24.016923748080004,-71.78853616266
24.69820723099,-70.97312535009
21.522484240189996,-71.51197411185
25.64286566987,-71.36994265151
21.56474749258,-70.84361680516
3.0963196665599995,-73.50606549367
8.473312520560002,-73.70859213259
8.887559969020002,-73.46404737865
11.495215806204168,-72.93342686529778
9.61050035782,-72.94219702861
12.676438798055418,-72.78763351079499
12.79696006875,-72.66342844202612
13.51405644791,-72.68267201996
13.78328710222,-72.39061096004417
13.373753713359998,-72.36387243772
11.772285442939998,-72.57511136242998
7.69116207053,-72.43763795801
7.823729823869997,-72.45724351447
11.57768214462,-72.04174086833
13.022566093417083,-71.86593605995222
7.336031730279998,-72.04723867944
16.313809314759997,-71.77944133566
16.970299436827087,-71.77142715178695
14.792669007409998,-71.72424480852
15.449023960129995,-71.14224532716
23.987479753690003,-68.22182647648
16.96786483667,-69.36014179773
19.67900292331,-68.53961630271
60.08982730111,58.73427599109
100.42267080881,-50.968907608440006
81.1885647062,-62.98143428201
84.87378013141,-63.405031151319996
89.05380996539,-61.843377070929996
88.1973221635,-61.68302137391999
79.38328546043,-63.04423265307
79.49796454387,-63.09209850457
77.4327389173,-62.04747830152
39.893342954569995,-34.62060499222
39.74291113382,-34.53660401927
20.915914212679997,64.32213580329166
37.88960748604,65.71236213646
295.38247867206996,24.880171514639997
179.9331672633,-67.97698318816
177.32964508937,-66.30853257748
171.63341297305,-66.73609295643
170.17544579861,-63.97632829872
170.59745195026,-64.04494162289
158.79618244092,-65.13265775726
162.14734305699,-64.46151904813
159.96535779982,-64.34394226249
160.00808539353,-63.88953816401
168.46416384478,-66.31333207343
165.32970453884,-64.14843576821
165.71803506903,-64.14490370716
164.0136736899,-64.54821138124
164.13401410307,-63.92441547279001
163.0978208564,-62.85262703202999
161.95852863012,-63.52245622270001
160.5091393111,-63.35931907305999
161.35365112335,-63.10253753901
164.89930671825,-62.87475433726
163.26265549939,-62.36893645538
165.11782949001,-61.75856699468999
157.3638098401,-64.36365992898
155.72348380725,-62.75601224815
157.73103293827,-62.69215477253
154.23251846049,-62.77006123041001
153.08662268132,-60.59244810326
160.315968064,-62.52733263522
158.81306994535,-61.02452584642
123.93296221192001,-35.88489668506
159.62005535305,-60.099133817070005
159.37071461115,-60.06355492788
125.79968007969998,-37.61664594114
160.12356298564,-59.85285655953
154.89660169973,-61.300202989259994
154.20957089099,-60.398599162080004
153.62229106985,-60.72444913161
154.82269126144,-60.21436276053
150.99008359679,-60.010349163289995
146.06801179405,-59.28031381291
148.21422368075,-60.00220839027
126.50078534466002,-34.40063680776001
147.68145460063,-59.07667061328
147.26127538142,-58.93647485003
146.50526249346288,-58.43013661785722
147.15707783,-58.22164962643
146.9782341244,-58.056187237139994
126.34092799027,-34.274070997799996
153.16643063563,-60.22509176412
13.813450151092498,-73.4541633132739
151.73810594527,-59.35681119654001
152.20619280681,-58.50005068336
120.52082298972,-38.19782246423
153.70458941903,-57.31238775555
119.94547258214,-36.376843640909996
148.94479382681,-56.13185679765
118.69133189282998,-36.1093140869
14.17963283791,-76.47273068967
131.09888975024,-49.92351902473
130.38343417849,-49.8303484456
130.75799020749,-49.31875612267999
131.36154656007,-49.383587611639996
204.79918807754,-47.71194379949
132.77256241179,-48.27720757431
132.67850725458,-47.8385199573
132.6201896402,-47.73909156436001
133.24361776829,-47.14550727105999
129.88181686107,-48.88231375906
130.14395876903,-48.2652799822
131.23787098882,-48.43827548559
131.18288103335,-48.23981822551
130.80944864218,-47.82003717435
129.69033504252,-48.3088664835
128.98975571222,-48.426713273820006
130.29348478575,-47.754093064690004
130.3154724517,-47.35996083893001
75.04758557028,-69.06464182986
131.9125266043,-47.63673655607
132.37948304489,-47.4420453533
131.44619810738,-47.307761137869996
131.45291553355,-47.45265700279
132.18629049435,-46.96891253869
132.70135315589,-46.90759746216
132.88646637475,-46.356684751539994
132.52377510769,-46.33164185813
131.6557834656,-45.64900189714
16.15696453905,-72.00569287077
136.98338359562,-44.15547672614001
129.49417579866,-40.48500806295
178.40994223708,-64.60680801148
178.25008317035,-64.14906274814
330.74292883180993,44.39634010994
178.47753936974,-63.50579779548
331.06756241683,44.9458390176
171.9858185536,-61.33684969003
177.88454637556,-61.63170776385
177.05316238351,-61.126342900210005
0.4555416666666667,-15.397777777777778
177.82037884303,-60.258644949819995
174.98559026548,-60.83722766977
21.95455165427,-68.42265444241
172.8524649218,-60.78017854638
172.99969557906,-60.57027594400999
172.33409574476,-60.48249247103999
171.48463263602,-60.423325024460006
173.29250960307,-60.05986922113999
171.56099915486,-59.47031787795999
5.116708333333333,59.242250000000006
172.08789139159,-58.17412139780999
166.66209644304,-61.521455851629995
166.72719230446,-61.05108133492
164.89838298343,-60.27754161105
163.37924779188,-60.952312786
163.61344642684,-60.330605885599994
164.18893538234,-60.06018874643
162.51854981529,-59.57220625239001
165.68702254469,-59.49441928523
352.9779166666667,-6.991944444444444
169.59928971316,-58.35589948241999
168.03743694853,-58.33136097058999
168.64747102899,-56.35097434416
167.20347236217,-58.68089133405001
166.51825620534,-58.61493230562
165.03972877565,-54.87584838796
176.93119163011,-57.85343664028002
99.70864651854001,-34.83214759518
174.96506936156,-58.582820996
173.03077043199,-56.30314667426
173.89367090019,-56.443416103059995
173.33322986931,-56.03135929584
97.5616629001,-34.61892528365
173.05445919321,-53.039148960869994
166.62154863773,-52.33701772733999
0.003920245930000001,-30.62674899507
15.444339224540002,-74.20642279014
85.52768935216,-70.7251469916
161.56680175698,-58.42254271275001
160.48389828702,-59.00564019194
162.08293974697,-58.258974154979995
112.222377908,-41.14123723265
160.60893299485,-56.93606215357
158.22524835459,-58.547271069599994
296.342804,-14.764064
152.55806431977,-59.381361823330025
159.51233209541,-57.00376568192
188.58591384893,-30.111056670079993
150.75548115944,-63.17641089939001
162.31945723407,-55.42467404416
111.94667064598,-38.16024093563
158.93452552095,-54.37021233118
158.277148716,-54.05830560676
158.76832499718,-53.93389759776
159.37111847525,-53.579158280680005
322.31089677164,40.04822663409
160.07784976748,-60.94174368979001
158.99991968450001,-61.43606599586
154.02959276719,-55.53800431716
156.17392619967,-55.10556143629001
155.14632462512,-54.81763386931
152.85313301127,-55.00337277185
151.09454923416,-53.52513425821999
153.86812819571,-54.03326304194999
163.48611574377,-64.05859823798
17.92069260502,-69.68604585859
207.00867652577,-26.52011535531
159.35506693475,-47.80342131315
12.734769614520001,71.66064765206
149.890344783,-53.77586684921
149.28932567162,-53.59640016192001
148.95511556452,-53.6674524691
150.64590395211,-51.92717859545
147.5094707629,-51.62325012483
147.36289809871,-51.375872855829996
146.04261119007,-50.80751241455
146.48588954895,-50.01470591875
149.32937134479,-47.12623570521
91.96754987816,-65.8036250115
145.57336301753,-49.52318286273001
145.68164963958,-48.880359760809995
144.55576119146,-47.39444493231
322.35942763814,40.98486950624001
146.1762686297,-46.73387584107
152.24048992504,-36.93152233109999
286.73758600808,14.34124943622
145.08480369035,-42.70199167661
137.25744961547,-44.0964750288
50.90521494076,70.45139938339999
92.11689842081,-63.33878202606
146.01194621166,-57.30404023145
144.78630615778,-57.60204607333999
145.23567750188,-57.11288216622
145.18697408164,-56.8824798825
144.66311507927,-56.39577676737
140.94638382684,-57.07338056506
140.85481896847,-56.24089277067
142.62027342478,-56.002066079
142.17239194363,-54.99214332856
70.47222032925,-68.52464730807999
146.46227077657,-55.84265382517
145.87081577418,-55.819952787
74.23570672391,-68.70806771717
75.01136215936,-68.37543368851
148.48071869897,-55.62372539948999
75.58968518454958,-68.59666353791778
137.92379426353,-41.386493974240004
329.1412694589,41.68530366252
148.28811865964,-53.88767091795
148.15396093828,-53.38997534735
143.85957508654,-53.25259151754
147.12460602217,-53.24173724053001
147.19781436402,-53.18997726554
146.20023987592,-52.29006902424
145.96759968877,-51.72890533693
140.88184715431,-55.33076826334
139.96920191675,-53.97289190332
137.06096109133,-54.53660754621
135.80304747086,-54.18278556907
135.72985608317,-54.15859887391001
135.89996111708,-53.71722111611
82.89003572376,-71.17876729443
82.90820273946,-69.14311959738
141.67961480008,-53.48139989803
85.32808267047,-68.61030239377
141.36528285609,-51.94083607436
143.86959208352,-52.58998576994
143.55838317893,-51.55806476293001
89.72487673216,-70.69446388326
142.98228569353,-51.58875100169
142.82292254436,-51.66589912748
142.32341479809,-51.32708542353
130.9808718076,-12.40194581193
141.38715959198,-51.25751568816
142.66178187128,-50.38558271451
140.78261587944,-49.74893951967
132.3624021708,-52.044826042669996
330.58216521697,43.57893501966
130.7892742114,-51.20064297099
130.05270898907,-49.90234989671
5.94842326663,0.09138823037999999
128.72832984597,-49.12098829471999
136.05652451335,-52.21817429904001
135.41158066908,-51.20085385589
134.07116532049,-51.14028635075
135.25922449084,-50.41353542155001
73.92793211893293,-71.35525312735498
138.33126838454,-50.26415330173
294.2483832016,12.277774860140001
72.30590705438,-71.15621413979
81.02253427465,-66.17259910079
140.1810101404,-47.23851123717999
128.33083298839,-47.46226018152
128.27267371087,-47.10692214424
129.812791132,-46.27548820407999
127.83884058455,-46.97579909298
129.33488512972,-45.43544397427
131.80175872774,-44.98086039658
130.93536412952,-45.11811684104
129.59072173949,-44.664552754329996
127.91771140220001,-45.79407849244999
127.96448967267001,-45.28880494833
128.0393293512,-44.1501917771
129.2216076912,-44.14317947135999
129.05448618508,-42.783181657499995
132.12535751046,-44.672128085020006
132.68216530431,-39.85338282224
126.21713938870998,-44.37680191767
126.48351168324,-44.331973248409994
127.0224494173,-43.52841121202001
126.51300659356,-43.27677532077
125.89509815841001,-43.116284502800006
125.99048548258,-43.36383588069
128.64291242249,-41.268633598609995
127.10660944441001,-41.34535430247
127.94275359541999,-40.39737693659
125.91669892410002,-41.16908175238
261.27123416762,-29.694788602949995
126.28113494519,-47.96471363848
118.04663109812,-44.04731128018
122.15116543879999,-41.20580024968999
121.94574615488001,-41.18225718971
322.1215371409999,42.48469071883
121.74475078619,-40.20209056768
121.36821155774,-39.22151194704
96.01329451183,-62.56283554771
95.47389061519,-64.28928710248
100.96794901046,-63.34047280627
3.2192117372199998,-73.28552563932
7.956510594680001,-75.94598199721
7.37628375163,-68.788815095
95.04300236816,-73.37191455113
7.588076157000001,-72.09809939567
67.32566044589,-72.08936253126
81.25954308882,-61.64084770384001
3.76546182395,-73.83705279831
4.65281768936,-73.94660576864
7.719863094520002,-68.44555244223
94.83270572399002,-66.11156392795
90.84101936833,-73.47249999283
95.84487145893,-64.34838958409
101.15077020181,-66.86191279602
90.46147591586,-62.488585524410006
92.48416049221,-73.19796737466
118.53862247344999,-36.86453014163
117.31780465838001,-36.67280533313
122.70352844082,-40.01824661656
123.73516469832002,-40.00524790181001
124.91613244732,-39.022995663589995
124.42854336185002,-39.28139814125001
123.09823614861999,-39.07272863398
123.76475836318001,-37.93024678696
122.83915004313002,-37.581752455570005
125.96356229205,-37.06361821453999
125.05578382545002,-36.26688870512
121.77108655761002,-37.17529650296
120.02129941206003,-36.97184989815
120.67542459016,-37.13084205978999
76.26323602156,-66.4686011068
119.60048370531,-35.06893952641
89.23479548803,-67.29763149148
79.28231285773,-66.51710989268
82.31598358916,-65.80726463141
323.25907943818,42.109769743250006
120.92676119870004,-33.25084197724
124.04781561934,-33.18861912767
125.17596102106002,-32.4517171758
121.87074070229,-32.39236716919
199.38222166392998,-44.92047004521
198.87059369211997,-45.13055788596
115.96053956651,-35.974675789509995
115.37311606426998,-33.76303414486
322.68933171421,43.53274862871
116.77538952223,-31.659461467170008
118.62693212379,-31.456441828490007
118.06134580682999,-30.8861940182
121.34289784914,-32.16084068448
122.16901794054003,-31.506435435320007
120.39898129971003,-31.89688896172999
120.60628809368998,-30.537785597129997
121.41502397869003,-29.957584765549996
122.73166096896,-29.077244788109997
119.13028558004,-30.926548675080006
118.82350315848998,-29.472573805770008
121.17639158620999,-27.52754172247
115.37396371031998,-31.958778081849996
114.16461936662,-29.332644780280003
116.24528890683003,-28.991138745619992
317.77689346959994,39.21606177864
111.4114685108,-29.755939071040004
110.04381745542,-28.069069100369997
113.21347562648,-25.5900367668
114.32132424375001,-25.85244271439
109.85774156707,-27.058024326650003
114.84909221628001,-35.47807224728
14.995572500450006,-33.476434180850006
133.17142658388,-30.874925742560002
115.21159709721,-34.65559846817
121.04248206926998,-27.33493819335
124.51442061371999,-20.138757228380005
116.38560755414,-19.84483361297
115.58858349908,-34.04036454890001
121.71424643759003,-15.556399061670001
178.00404000764,37.18590204467
133.39895109298,-37.54493220772
109.44574864985002,-36.34938167616
107.76473441603001,-36.01660974691
320.61961506594,42.39624064849
320.93585669026993,42.48662209863
138.85621422536,-49.94446774440001
320.73925515136,43.42272591211
321.00241632829,44.14763054758
16.020507445200003,-71.5139878634
319.81426326981,45.73283672041
243.90344436719,-64.09948897642
74.38039557479,-66.54228391648
296.26253242186,-14.847881439870001
150.6893333333333,-26.150444444444442
150.69379166666667,-26.204666666666668
111.4623782512,-33.81165501642
150.69679166666666,-26.185277777777777
16.07892214806,-73.57530293766001
150.69975,-26.073888888888888
150.70133333333334,-26.187694444444446
150.710125,-26.144555555555556
150.4862916666667,-26.05213888888889
150.53237499999997,-26.22319444444444
150.55737499999998,-26.122333333333334
150.58974999999998,-26.364805555555556
150.633125,-26.19130555555556
150.63858333333334,-26.157833333333333
150.64441666666667,-26.174055555555555
150.697125,-26.158916666666666
150.7025416666667,-26.13216666666667
150.7434166666667,-26.17966666666667
150.75004166666668,-26.14836111111111
150.75320833333333,-26.148888888888887
150.75470833333333,-26.146472222222222
150.77262499999998,-26.132472222222223
150.77770833333335,-26.14425
150.79941666666667,-26.14938888888889
150.79991666666666,-26.155111111111108
150.80162500000003,-26.159916666666668
150.80458333333334,-26.18011111111111
150.80562500000002,-26.164611111111107
150.80883333333335,-26.170944444444444
150.81291666666667,-26.167972222222225
150.82304166666668,-26.147750000000002
150.82429166666668,-26.16197222222222
150.84891666666667,-26.185833333333335
150.84979166666668,-26.17613888888889
150.85033333333334,-26.177833333333336
150.84241666666665,-26.17138888888889
150.86720833333334,-26.148416666666666
150.869,-26.17002777777778
150.86758333333336,-26.152777777777775
273.04820416666666,-32.25681111111111
150.89295833333333,-26.161388888888887
150.8970416666667,-26.159611111111108
150.90879166666667,-26.194583333333334
150.9175,-26.176805555555557
237.72703272453998,-56.97246598929
297.19218533976,15.13230711218
150.85029166666666,-26.160805555555555
150.8345416666667,-26.145416666666666
150.78458333333333,-26.164305555555554
150.93429166666667,-26.154027777777774
150.698375,-26.15844444444444
150.86233333333334,-26.17613888888889
150.74079166666667,-26.143944444444443
150.78983333333332,-26.150333333333332
150.94854166666667,-26.16438888888889
150.76025,-26.159277777777774
150.80566666666667,-26.175166666666666
150.71800000000002,-26.15963888888889
150.84333333333333,-26.16777777777778
150.76470833333335,-26.170083333333334
150.849375,-26.171583333333338
150.89391666666666,-26.158416666666664
150.80466666666666,-26.157777777777778
150.78745833333335,-26.134694444444445
150.707125,-26.131333333333334
150.86083333333335,-26.145555555555553
150.90712500000004,-26.165722222222218
150.858875,-26.175555555555558
150.833125,-26.149555555555555
150.85154166666666,-26.14836111111111
326.93396938374,45.89815216479
239.26169874589996,-55.56347201639
296.47523163028995,-14.898237854909997
272.57333297541,-26.64400057264
118.12320320963,-34.35528809870001
85.83374487207,31.96863854513
150.97266666666667,-26.122638888888886
150.45441666666667,-26.381833333333333
82.24387829853,32.63187483726
201.34400362931999,-67.9275205822
118.22941071641,-33.422009474510006
328.12022360988993,47.38703556775
0.5103333333333333,-15.430666666666667
327.56301024582,47.800429545220005
118.67122205408998,-32.98615550137
119.19526650952,-32.58889298953001
118.61582436832002,-32.34951791469
119.29883982137,-32.0354623018
117.22448705112001,-32.34731175323
116.09479432295,-33.08075475508
116.27568554653003,-33.02097558422
115.54447006294001,-32.86649035524001
118.16624692058,-32.72248970501
118.16115318168004,-32.69713416722
117.66925556583,-31.846631725519995
90.19699364714,-62.92316657184
118.3986009271,-30.53609486561
127.38860194853001,-49.11126380838
126.26666792045002,-47.36666980586
126.43363308385999,-47.21685951433
125.85086194566,-45.47559554804
125.64185655741,-45.15282273622
125.04592567632999,-44.2023511539
123.21967864611001,-42.9517812948
0.505125,-15.553805555555556
194.36215579254,-65.23198246104
196.95817428276996,-65.48882587827
215.58319556451,-49.84936025985
78.28403912474,-69.16846301431
198.71703462995,-64.741276069
129.7303350058,-46.94354294849001
82.0005,-69.62825
114.55493862202,-30.304056191730005
182.07946620888998,-68.05080515486
184.26959635708997,-67.22667058488
188.13429991025998,-66.05551225375
189.86318184014,-65.92201195193
114.29337741696001,-28.80493277488
190.36137487616998,-65.34786292747
115.72164391373998,-28.2180767502
115.29724553802001,-27.627655642200008
118.64541051481,-29.49017977255
206.87123358192997,-66.27855851782
9.982541666666666,41.75102777777778
10.00225,40.420111111111105
10.010166666666667,40.38005555555556
9.946625000000001,41.64230555555556
9.965,41.74597222222223
10.052041666666666,41.73619444444445
10.085083333333332,41.581138888888894
10.120875,41.73541666666667
10.122333333333334,41.61094444444444
10.122958333333333,41.65691666666667
10.154166666666667,41.66119444444445
10.157375,41.565805555555556
10.160958333333333,41.49766666666667
10.166458333333333,41.66722222222222
10.170875,41.562305555555554
10.195083333333333,41.58638888888889
10.269541666666667,41.59308333333334
10.427708333333333,41.58327777777778
10.440458333333332,41.61480555555556
205.43784380779996,-65.66546773067
205.77727528654,-65.54622747273
10.428913343173228,41.47531640365193
10.423666666666668,41.63191666666667
10.075083333333334,41.62027777777778
10.34325,41.52225
10.120375,41.581
10.22825,41.65588888888889
10.260416666666666,41.62488888888889
10.413666666666666,41.482194444444445
10.2185,41.702111111111115
10.427708333333333,41.55
9.997541666666667,40.43122222222222
9.937333333333333,40.382361111111116
9.951125000000001,40.39833333333333
9.973375,40.45205555555556
10.001291666666667,40.41588888888889
10.057,41.66861111111111
10.012541666666667,41.760777777777776
10.107833333333334,41.76663888888889
10.110583333333333,41.76841666666667
10.113083333333332,41.79675
10.117375,41.804916666666664
10.479583333333332,41.84402777777778
10.491833333333332,41.767694444444444
209.17410690587,-49.61517474495
120.02330431723,-27.83516673584
10.439291666666666,41.803805555555556
10.106583333333331,41.79241666666667
10.231916666666665,41.844527777777785
10.261166666666666,41.894194444444445
120.17097790053002,-27.423558183750004
115.59547196426,-27.01821026054
83.39114835181,-65.87151171115
329.95057903723,50.636021663010006
326.56214286910995,51.12468852649
327.18692941864,51.904432914610005
218.73713860368503,-63.961666148176676
327.57616504833,52.63767750274
216.04259967128,-63.73891638175
328.15737980419,52.84835767956001
329.38780933918997,53.796481953690005
71.15817703817,-70.0085145306
332.31107564796,50.48284252874
323.02565661719996,46.30063035055
110.40291448009002,-28.961871550419993
201.47897668867,-66.26906499067
197.46406119776,-66.59580363898
201.30797313997,-65.3896698052
193.38203923779997,-67.27303914076
193.51561807897997,-66.7034920368
195.00461794305,-66.57941219511
191.97059003582999,-66.68048976425
197.62168805321997,-65.84378244561
197.66255701462,-65.78588031365
208.67542724328,-60.84497498988999
209.31013860347997,-60.21632092403
17.33210447067,-77.7335915703
213.95755896191997,-58.9882554358
73.63849474097,-66.36870225616
201.80397486253,-61.43830027675
202.39029633635997,-61.01206251739
102.70447309013001,-41.8966987029
111.26902490674,-25.122587844339996
24.9065755069,-75.90399432387
30.741590358549995,-75.98804903135
32.20896990226,-75.52074492524
206.74418458006997,-58.94277939481001
29.814881027019997,-75.20001280886
112.75556379607002,-23.702085700690002
113.08619300703,-23.50917933089
112.73899167281002,-23.46409677837
77.92850207298,-71.49033194389
9.760468000000001,48.31681400000001
224.26290626772996,-62.05572408751999
104.35171815477,-27.80226968277
30.23391471244,9.759870363969998
230.97847018361,-59.51515079486
183.64375734508997,-66.34551503623
186.02377812586,-65.65957380003
96.36358426639,-9.53506900072
188.92532405931996,-64.44435805088
189.28580688684997,-64.46721551344
195.20896103361997,-64.63082452684
191.08095643465,-65.64137195398
75.35768413037,-77.68798188082
22.92247241378,-72.95845051864
196.33367631751,-64.45184420149
335.76498198745,48.46466913229
46.21191286898999,-78.5746607952
114.58200803595,-27.00538449567
111.72040909136,-27.963467793660005
339.15776952266,50.49139728559
195.72434461024997,-63.94044160835999
217.92472932449996,-43.70296449181
62.89372204016,-76.57564711865
110.64438275234001,-27.340661287839996
69.30938861064,-76.0463528928
70.70171071491,-75.51074658435
70.97943267232,-75.19584949263
69.93547926384,-74.95026526237
69.53065258475,-74.82696511896
65.4740286769,-74.78855835535
65.56665090759,-73.99521276866
193.72868678075,-63.65411555643
59.13977419972,-76.01313715912
194.15232742244,-63.743839014239995
115.29320450825,-26.413783667550003
190.87767112959,-63.672080436959995
114.92970271132003,-26.016774971249998
219.58765309453997,-42.96191001748001
194.916797753,-62.91711855853
63.18504245142001,-73.64415684834
59.71684704084,-73.67995908383
201.88062085480996,-65.70764555917
203.34518326796996,-65.52478247827
59.66309026276001,-73.20135210007
296.0879756377199,-14.740210223989997
113.40020294555002,-24.87574057039
113.01061520703001,-25.03787142438
202.49708637344,-64.44786751351
113.98372920887002,-23.60455203775
201.53221067120998,-64.22151471192
202.61010670549996,-63.41200590161
28.332295751859995,-80.34169844066
115.49151406342003,-23.18911503525
114.51606214095001,-23.69124914852
29.938270417969996,-77.93459996555
359.87411813137993,57.67282636249
83.40285413644,-72.09458464755
112.78510740543,-20.47278629492
112.68911309282,-20.14726915696
83.0204504321,-71.72241645057
110.79705838272001,-21.45340090468
86.28232100051,-71.90080656738
353.02487083078995,57.02749402084
74.0404682885,-74.54127061425
84.04864719557,-71.16646391275
83.56192899779,-71.38180374722
83.09317595782,-70.91743989708
81.65026178088,-73.41993286072
82.07546343899,-73.10763675141
80.85774568698,-73.01303899014
81.08696938972,-72.99413759747
78.85065017405,-72.52825508742
80.99036744535,-72.7220861491
81.68163564393,-72.3657351541
80.29710515901,-72.60145126479
133.95229206403,-39.835773514180005
78.13353364089,-72.69666112376
77.10014740205,-72.76121414513
76.88273414045,-72.7681222574
77.0197940263,-72.71668922551
77.39591279699,-72.70177585284
77.14355852923,-72.2070112857
76.51863977174,-72.69491134865
75.97203168354,-72.44967244164
76.25902184451,-72.11328146515
75.62077307459,-72.0730454723
78.63156822908999,-72.00312583435
77.93350062239,-71.98774218653
77.71529211972,-71.73290378937
78.54136390145,-71.74259398497
77.69875274989,-71.53429241715
78.22459168375,-71.4761629404
76.14655123706,-71.66498317763
227.24598509868997,-53.55835763711
22.66142605324,-76.05883773413
22.23432471627,-75.83003159308
150.83345833333337,-26.16916666666667
19.99791126315,-75.67917715936
133.91548945824,-38.59628352314001
133.97672097379,-37.16891038658
337.92628677656,52.555911957400006
132.96715844386,-37.80315783077
132.8247308385,-36.36920235748
132.65379140529,-36.06870486304
52.47207504885,-75.04442146488
229.25437244757003,-58.54880092797999
218.6834160593,-61.77429167406
46.91633515512,-73.23397237038
74.24971902058,-64.86863512875
131.17193838832,-35.70944764790999
130.00183642927,-36.310621773730006
218.07945954989998,-59.31390334169999
57.41907924827,-73.17593822196
130.35601242203,-34.93380728577
35.08281505531,-74.19946810765
296.17046493948,-14.798802673939996
36.50597776836,-72.83005127197
296.22924456529995,-14.781267125779996
296.23459057248,-14.767652971230001
231.28710732127,-58.65755434539
359.7732114642299,56.97092866552
37.37143814356,-70.55290350936
85.63672171295,-76.58742157696
141.63330537103,-34.03547080025001
81.10156856125,-75.3959695531
350.96731635824,54.70359381368
85.96267548561,-75.83025838955
88.67030991876,-75.72804308829
87.95499814312,-75.45400300496
86.91525521471,-75.49824941616
86.88521034197,-75.21320392852
87.47810057484,-75.17109215726
87.20145979863,-75.04245750832
86.2280640015,-74.84825651632
82.82220838235,-75.40215508872
84.99334981333,-75.22883333910002
168.41445833333336,22.154694444444445
85.69154999274,-74.65954570226
82.38093454728,-74.38019220924
77.96405053716,-75.88120343398
76.72918594823,-75.76330497708
80.00232073694,-75.54673487307
77.9315234422,-75.45634696952
77.70525413275,-75.45656446005
77.96197596576,-75.00665084587
76.88052891325,-74.93659063617
77.97142297189001,-74.80219485032
73.81311629548,-75.4007238686
74.22560322831,-75.23006768465
74.51603086202,-74.99461811396
75.04614662979,-75.00978766133
75.03187694397,-74.65918042437
74.68308348901,-74.72540225472
74.84058098685,-74.6512326298
74.46675034718,-74.53213563332
74.56977434323,-74.43859882604
80.12247197402,-74.52284892463
78.27623146758,-74.70156928433
78.52213751778,-74.08160669204
348.02024528016,55.64481767732
78.10646979042,-73.64549752788
79.72449283981,-73.77643653923
75.76204921832,-74.21956710963
76.34446290938,-74.11745174231
75.02730458186,-73.50651177474
76.11281925989,-73.44218034172
77.43190760855,-73.34383376536
77.58226006124,-73.27660266478
75.36179147845,-73.18126674735
74.56755458402,-73.12050589331
75.88335499691,-72.92866124774
76.26232650266,-72.75564476306
76.00382719782,-72.86303868351
75.69522564556,-72.72012472302
75.41092972621,-72.61621384885
75.64145894478,-72.6226716891
89.56293915508,-74.5565559469
85.86697000024,-74.23063286541
89.62723836576,-74.48944899342
89.86136295417,-73.90202810161
89.20398884422,-73.87170818165
86.2369819686,-73.54364265543
86.80851643024,-73.51494264391
350.84987580661,56.49762952055999
85.2951556823,-73.90508247462
83.43831264523,-73.91406235115
113.27693430126,-22.26906417625
82.84322394789,-73.48428722071
85.02806911435,-73.12961667921
83.36178976509,-73.27442848032
113.73988298651,-21.62106453533
89.2003836789,-73.65348808098
88.95728647464,-73.57052114006
87.32846279904,-72.50841706963
111.12755090062,-22.166913174389997
86.36760128781,-72.19943288595
86.01870361412,-73.06566991313
85.73546606288,-72.65598665733
110.28404880661002,-22.11232035203
84.05613694454,-72.12490305784
224.60292460631996,-53.50461333709001
339.99464948798993,58.631699630010004
131.21247030034,-32.93471418595999
269.26579801060996,-60.41144877706
342.36004003365,-12.94296779222
341.54454275199,59.58566992976001
246.57133110885997,-57.08027027478
77.1416645189,-69.91935533593
241.38823183237997,-54.204666345540005
240.41441071218003,-54.03638053456
241.93545767511998,-53.47446108022
72.13715526753,-74.74434325722
70.58726227684,-74.30396243979
69.63276274482,-74.05326907897
72.59916098407,-73.64008014542
72.1160800424,-73.61970971791
71.10490009532,-73.84547751258
71.64171231453,-73.79431324184
71.70603632735,-73.47411836594
71.43893141155,-73.49912329511
71.48352983083,-73.37690099546
70.76997243712,-73.64673614859
67.33342027822,-74.04812913019
67.70321456815,-73.53030740014
125.98488153601998,-31.701191209529995
66.36702597619,-73.30637617758
69.3714277166,-73.62650120438
126.53963927759,-31.352070334790003
126.85103657095999,-30.91347078556
68.17662489256,-73.04553651537
126.42903044121002,-30.506734535369993
72.87270399812,-73.47176209112
73.77777193101,-73.42081380916
73.02558455292,-72.97729922246
71.38469318029,-73.21277713034
71.87267587635,-73.19464211915
72.02496364913999,-73.06020856333
72.15949712307,-72.92815911837
71.99186627541,-72.88948030899
72.53783953499,-72.82198061121
71.6191191579,-72.70931114572
73.73062831704,-72.82852870871
73.91481563643,-72.79226060983
128.03881630532,-30.17826920859
72.90293305507,-72.7719734965
73.46161049516,-72.57757565442
73.56593142552,-72.53154826556
74.24406204973,-72.23488685637
73.22906415832,-72.28791892112
73.90477015413,-72.23724073409
73.05403377825,-72.39149148301
72.44897612925,-72.30550739297
72.8737354053,-72.13256144232
73.12063968886,-71.9606255687
72.32699694643,-71.87967216406
72.06718777484,-71.77476342163
69.63813794992,-72.46635531524
71.06106382233,-72.54933675231
71.11145265411,-72.44600091475
70.46550964596,-72.39041562586
70.25489763056,-72.16838389639
69.80324921663,-72.13961990394
128.34407796979,-29.941427166490005
70.98514442392,-72.18026693941
70.32969929565,-71.99294656722
70.86590383282,-71.57924155649
70.50404223363,-71.41287733505
69.73631698458,-71.94296039593
70.12618207152,-71.71288159694
70.28161962867,-71.51485422504
70.14541012603,-71.19932992763
69.5705937384,-71.25374319322
345.86768378991997,57.30989602296
65.62005294214,-73.33614818372
63.13812752874001,-72.8138492461
344.67410446561,56.9869765406
66.19336505289,-72.93005235261
124.40897011364999,-30.60549229274
66.0778623989,-72.54772483616
67.1174204536,-72.58855392376
64.50108739457,-72.15420556076
63.89059216217,-71.20876313132
125.50713908563002,-29.208325704700002
62.59595618643999,-71.7625801675
339.1065040765,54.83685054698
342.14411261578,54.9393234135
66.51926373655,-71.79588212726
68.57828294919,-70.88432897742
67.56960352532,-70.86029825633
66.83854256151,-70.81843929346999
66.82302736992,-70.73748761517
81.46487032,-71.93910053881
331.51768817094995,52.84444057998
79.53409885355,-71.35941959849
80.27057437077,-71.28831899588
336.59150698885,54.41379483105
128.55725143467,-27.408367821929996
332.08494325856,53.58756877585
81.11126362073,-71.03505278909
331.29468067491996,54.018087935939995
18.13093362155,62.186216654089996
81.95025622769,-71.06221929295
333.12415256159994,55.7505173514
260.92864284488996,-28.346043348689996
336.81597613697,55.5885219549
337.04442869161,-13.7728913492
74.7852260658,-65.13451719561
336.94894895648,56.81564305277
82.47174654592,-69.51599164521
82.43519072405,-68.05920708223
83.36744833418,-68.71786019435001
84.74300330409,-70.5324735078
87.18824833155,-69.69043122534
87.12793208765459,-71.3254831881011
86.69882890826,-69.26772299136
92.48513950764,-69.85998688342
93.1112849443,-72.06407152601
73.46021174959,-69.43063021455
74.88037659035,-71.99661436071
75.04761111168,-71.90599274786
75.13990574396,-71.69272788323
339.35576634417,-10.0385855469
74.67556466949,-71.42466952328
73.00260952612,-71.79437943382
73.12905637948,-71.79811535029
73.33107798671,-71.67751293013
73.34360416692,-71.62862218785
73.17475757154,-71.52709516382
72.86545187292,-71.5825882918
72.91188111569001,-71.24972528862
74.31687907889,-71.232144923
75.38894706773,-71.03634067869
91.58478808459,-73.92903057653
68.57915466122,-75.01236132873
75.69740762501,-63.99063257064
73.52626311204,-71.05866649014
138.35542661286,-23.43562270739
71.73485447923,-71.50892187698
71.14399881636,-71.30902627871
71.09472893751,-71.03763832694
71.36034156203,-70.96577533237
71.63779030718,-70.78817827042
70.41768276986,-71.20582342306
70.52717110712,-71.08467222678
343.69371317149,-6.96406182797
70.03249472151,-71.08560532065
70.15892533626,-71.00068220961
70.20692349317,-70.99279164175
70.58392016189,-70.84625333328
70.20919990358,-70.78610885007
70.82596519589,-70.7742494441
71.05974594775,-70.78235884334
72.1484058577,-70.75800270363
95.47434853765002,6.440817853209999
71.19381853228,-70.47269034033
345.48991887456,60.7253985053
296.22679003614996,-14.881395101530002
246.59760358506003,-49.1763478873
247.44119921034996,-75.8797119129
0.48741666666666666,-15.413805555555555
0.5124583333333332,-15.499277777777777
0.4926250000000001,-15.526583333333333
5.0852916666666665,59.37302777777778
5.089416666666667,59.26911111111111
76.21575286943,-70.47469158067
70.90355088888,-70.42466724803
75.24737871773,-70.7896414514
245.56916981794998,-47.855227505900004
245.30397226624,-47.03715412317
75.2426931397,-72.69143180922
21.97649037241,-73.40424874752
74.60974324679,-70.15294063572
72.95973827712,-70.81607908334
79.57161640135,-72.59869399317
73.82164938251,-69.8745585314
78.32581151997,-63.629486215609994
75.00033054357,-73.04189463936
123.48411596244001,-39.08279892633001
229.6488007006004,-53.77797559224917
125.70384451132999,-39.56689387691999
349.92311457090995,59.97166699787001
76.29173781998,-69.4607579554
203.87704977276996,-41.305693706430006
355.41266930129,60.240616466640006
75.21988865633,-72.39171307551
73.34313443464,-68.7829571721
74.23265910509,-68.96398162221
75.33939456363,-71.18416341185
74.40404063869,-68.53021763827
74.63908866647,-67.07169272031
75.23850873591833,-69.13705425426723
76.25208109608,-67.90912533754
352.90763273393,59.88357933932
76.00913283665,-69.66971158867
76.99500835687,-67.65729317864
77.80935983979,-68.40366228863
347.47776890724,-9.62682691326
78.93110834657,-68.7252442903
351.17627581533,60.12292775651
75.23393553062,-74.38068776147
80.64974022130416,-68.76736521691694
81.11849807162,-69.52179611946
81.09253014510709,-69.58120810608389
82.11008582894375,-69.40484076466723
0.4992083333333335,-15.494916666666665
76.63612050822,-69.82453983032
70.38967281783,-68.64413223159
69.55548582742,-68.80167786857
69.37315407807,-68.67695030255
82.20362023677,-70.46232144289
82.7075727528,-71.05675822635
71.58293001575,-67.86377781651
70.08635166545,-68.27144400121
69.77145977744,-67.51338224924
68.93570417505,-67.46674406426
81.00070514786,-69.90881778457
81.57198318598,-68.91797458913
289.42857882848,26.26853045765
87.67110785924,-71.46641658117
186.35501859928996,-51.03955111483
83.5338882517,-70.19088729086
83.44469614102375,-70.11451114925555
86.17905136041,-71.36184440447
86.2172630905,-71.24888951359
91.7807109032,-71.52936279175
85.12825199926,-71.04912182668
168.78092914958,-60.384808886669994
86.19120876379,-71.11732224454
71.1690787553,-68.8555133935
293.17097047298,28.100311301489995
115.60086807438,-17.59412401155
350.14484062191,62.13647562242999
75.40176140835,-66.0727758659
84.43849755143,-70.91980608403
84.55311834821,-70.87316911638
84.62161679901,-70.5263670697
83.2783870575,-70.50972030245
84.99024550905791,-68.93317015607639
249.87840196028998,-43.8661061677
86.17709191566,-70.63461035046
85.81274658014,-70.69317580646
356.62578335115,62.68462589466001
356.9406317512,62.70086039167
304.92827614347,5.067790998889999
75.29462102467,-69.42405792522
350.9127499996,63.23849623042
356.38665230178,64.69123949995
292.87213933001,20.142645822709998
216.18954166666666,44.53994444444444
291.25457290601,20.82608602923
292.6330115429,21.0059655843
69.7076112653,-66.74416573202
77.79628101616,-69.95162217105
292.14113106749,22.00871870843
291.67402078761995,22.11170378936
291.82539230575,22.360430540330004
88.09818801597,-69.98322606903
159.14315002052,-39.41449302852
293.2111367318,22.93090340626
293.2900263706699,23.09442264949
293.04992263248994,23.424439755799998
293.23716058687,23.52858134319
85.81313401372,-69.8885880472
88.90727047845,-69.25540255018001
257.27611732921,-43.7736673816
294.0174913431,23.293547816940002
71.84679877232,-68.54652500363
296.3456620849099,-14.834568780870004
296.261169,-14.861173
295.42959442022,24.25504645305
76.73998357156,-70.32689205188
73.63098658513,-69.12412898765
78.27843509263,-68.76675820442
231.48757589953,-57.69804295370999
293.25240716106,24.70368816148
186.82795896020997,-49.079024301500006
187.21965988569997,-48.49827195627999
71.99521572009,-68.34579001364
81.05110342,57.53154291828
81.99995184989,-69.82411844121
79.60722921742,58.8233479197
82.99615442297,-69.5383975076
70.03100136423,-69.42864268371
68.82726825954,-69.28878490915
75.10990700518,-67.61502166748
87.2525491298,-70.26254200569
62.885492585479994,51.334150231319995
71.79774776888,-69.30121048828
66.77578982568,-69.91837906454
66.13977050721,-69.9072317359
66.75567425027,-68.81591962085
44.36624252574,0.8261970773399999
257.77217483531,-40.43409356394001
81.48589349198,-70.06278898464
298.43659773709,28.022899670800008
298.91699244884,28.411369774199997
300.7498410458,28.11672170563
302.72194923256,29.56802885174
302.65261395473,29.562192673439995
187.64370141822,-31.331811179500008
302.48183688751,30.991289462079997
301.77665528781,31.080894179469997
301.12663422581,31.36118479861
295.62387301689,28.457129126250003
296.85335223025,29.469656950860003
79.96572470078,-69.45692651759
68.56990740819,-67.97666718074
69.67620220393,-67.26793873865
77.40522373737,-69.07575846593
86.2159469321,-69.53456069712
123.19684574025,-26.751883055930005
85.42540211171,-69.22341101604
124.65514133703,-25.909852820599998
152.1187168094,12.330167596940003
296.23637906664,-14.797913697240002
298.30078190848,31.19394669225
297.52105124979994,31.014081447250003
258.14583278674,-39.53157607325
297.17348146934,25.63937524133
86.21574920643,-69.06802342806
86.13373376997,-68.72596534526
298.38200110505,27.114319716400004
84.75156585732,-68.709727218
85.06917731099,-68.56965623569
48.60206881443,7.74574744415
296.81383935464993,26.70453408582
187.07359697452998,-47.46284327971999
82.62817489553,-70.10526687823
295.8616270129,26.907111786309997
82.16515598366,-70.0285673333
81.16428769319,-70.31141960098
350.79276869201,1.14069494961
200.00327097164,-40.84119738259
318.17620225449,39.47563775197
325.98864068926,54.18223799631
324.14587503933996,54.5113223333
77.42592006464,-69.06740947522
176.22058430243,-26.30821437178
78.59962139599,-68.65529036897
120.45184616869,-25.86468130588
351.41508829947,-0.52260849191
259.4910610897799,-34.60306568844
238.32018080660998,-57.11465663439
189.62196937161997,-40.93586243762
119.98997816505,-25.196740886929998
83.63078575299,-68.64563587051
82.33280584157,-68.64448206147
120.23265749506,-24.445628354510003
119.32500372799001,-24.37406489495
120.92399352063003,-23.83562439433
258.16388650383,-39.156046402730006
83.56022098559,-68.56419369603
82.84926854126,-67.98044132482
120.92075087171001,-23.267474274820003
75.25373946375,-67.72811803924
192.84356610159998,-36.97007852341
214.99041699999995,-62.266281
8.375833333333334,48.5876388888889
185.58321399999997,-68.78982500000001
79.35229711199,-68.21378343286999
81.04084703474,-67.39261152059
8.53917588319,-73.20073560179
80.99683485685,-67.23442886843
80.29254432773,-67.11914781235
80.42745440334,-66.99513760403
79.57390503791,-67.23693022696
198.89454450192997,-41.11936528696
121.28266477793,-39.75513967149999
195.00074713066996,-63.67202386137
181.98942813565998,-64.66977537271
183.73371530494998,-64.25534157011
89.24041299984,-66.93158925551
186.49508187884996,-64.05283967055
186.81806535707997,-61.76571256521
186.60703785752997,-61.80382949493001
88.02870317217,-66.51970450937
88.45961878754,-66.56841001598
54.43313033823,11.22715732979
196.54565685092996,-57.98881734328
180.14708870061997,-63.37597182515
181.36827997824997,-62.99234869866
181.04169285692998,-62.70731063161
202.55600047630998,-62.69756523119
86.91963199299,-67.0876742005
86.19069665292,-66.57485219959
86.24280405952,-66.26652788113002
85.21237901198,-66.41828108033
181.98094092917998,-61.878600911359996
353.66519116641,1.25436180464
180.38807894121996,-62.16172646633999
85.66869091157,-65.99188728324
85.86950127655,-65.92286327922
82.97157335553,-67.6572555507
187.98351430532998,-60.71763847033999
83.63682370482,-67.12710201123
186.28929163009997,-59.83196035787
180.82016809358998,-61.66398052942
188.17032861095,-58.19154022689
124.98113560612,-19.852696124600005
190.06342341863,-57.37944587634
12.69103490916,-73.92047906669
180.49926595587,-59.672548957400004
180.61041864294998,-59.49252489595
180.13293599393998,-58.720168802790006
182.55390596831998,-57.965116232910006
83.79054610999,-66.96092625783
210.71935784802997,-53.146592318429995
82.02073941851,-70.94271820796
84.24720561599,-66.74033111628
84.06087174723,-66.50006683338
83.81594133651,-66.28917412379
12.693958333333335,-73.11566666666666
82.6456605552,-66.64957314881
82.65902665534,-66.65635079191
82.30180316671,-66.53122028835
206.84597576963998,-34.78984111946
8.410827329789997,60.31512623875
82.71014615922,-66.19336591397
118.56986797567,-23.61929065708
228.06076299999998,-57.224373
118.46206612969003,-22.88452060883
80.35092392878,-65.73288514355
79.23156895091,-65.7103634413
121.76823170377999,-22.54945361885
80.44726631722,-65.64499896377
63.27307511694001,16.925256270989998
80.44118036622,-65.36827670891
84.16506411965,-66.13927177815
84.37663144022,-66.11724354506
84.13021359798,-66.06534806422
83.62338466988,-66.12047125236
83.30693425849,-66.05585691429
295.88945126763,34.48997794158
83.27331874346,-65.86429452377
84.46215766768,-65.76309226083
318.18014632901,54.86688954896
79.26520706678,-66.84744373718
89.82511517107,-69.31823644384
201.93138891383998,-31.96353427921
122.92114537296999,-21.210183264590004
89.30167950171,-68.05984875197
89.52542792089,-68.07558178619
89.9140501014,-68.08356288477
207.74516993855,-33.11601574293
239.37098709306997,-50.41399659519
88.51081068835,-68.21242265181002
88.53231135102,-67.87251344617
210.02661021842,-31.06256762305
87.28635408892,-67.32053244826
216.14733248398,-59.362124702760006
85.62438479759,-68.21533015121
86.49834861242,-67.84022100379
205.05702666483,-29.640623478149994
205.53891851751,-28.350448570730002
209.85409212370996,-28.116277966729996
84.43659926479,-67.42790265031
84.26403742409,-67.33737209841
86.82549048983,-67.85949513486
86.31969076221,-67.71935459815
0.4817916666666667,-15.352138888888888
209.22958518335997,-26.126479392730005
86.91445447056,-67.42530977409
86.03657321277,-66.92318956001
84.40906464482,-67.07729257134
217.970491,-52.98194900000001
85.39498812716,-67.07543580568
84.93560442029,-66.68096709476
89.45253727104,-67.50292166428
89.47456991238,-67.057399944
88.86921901352,-66.90853152545
127.75568820981002,-21.79368996098
74.54258508771,-65.72253396876
117.92761181378002,-21.21947673341
71.82541785592,-67.1023757285
225.42732449450997,-37.8798484317
71.33958035808,-66.26535086506
71.70428572974,-66.20044136423
68.88554076993,-65.44370798165
73.02853566294,-66.2641389361
73.12783693618,-65.77020680282
0.48216666666666663,-15.532361111111111
0.47704166666666653,-15.454833333333333
69.88406041256,-69.38671765033
74.44707481499,-66.75011064301
83.91206082182,-70.6914528001
197.04736089165,-66.89725330545
89.08987479888,-69.56490519285
70.20519930502,-64.02635291584
12.86855232533,-73.87445107672002
76.64662413484,-65.39443654787
77.25915857447,-65.2618883355
78.30549179089,-65.32539464423
77.95258293243,-65.24595131655
78.53745320627,-64.81062094728
77.2196824248,-64.6748363397
221.5172598614,-36.323416313340005
75.68346248032,-65.14319664636
219.93232963755,-35.25728003886
76.14031554928,-64.82158316706
10.04444154,41.75685556
75.12826161599,-65.00446643551
74.82682492993,-64.94955188103
75.32146022446,-64.16726596253
75.56184680666,-63.99481563785999
75.28457743128,-63.71442578528999
78.33049753091,-64.53320209698
78.17846478433,-64.52308523889998
55.45073271030999,62.64844324789
290.39799262491,76.55959921158
309.03077672671,60.090566462359995
76.27347053679,-63.865972076350005
76.18567315753,-62.85475332162
73.92085226824,-64.76966117606
74.01759180106,-63.7893148388
50.31773705526,23.980962891879997
123.01708724516999,-20.040333807860005
74.92505814878,-63.22184906874
74.6107703324,-63.26454557948999
82.10528013824,-65.51332987927
298.39976299829993,22.97597182656
100.91264170365041,-2.3620999339644446
80.0102258781,-64.85564146186
80.17412046412,-64.55602576264
81.71827478866,-64.07761695627
80.90285132205,-64.28311438125
195.46834410398,-26.287956036489998
133.10620895461,-51.95764504045
292.3750406366,37.0857798194
120.10621025450003,-19.70305328491
274.93169437216,-39.895637161779995
76.0242407589,-68.38454852042
75.53621917026,-68.23773737183
200.43295557836998,-23.94097658934
204.94349939447,-22.31683835455
114.97983868149998,-21.46047721439
288.97070147819,-32.85435967381
287.81211343803,-31.886150212659995
0.5208333333333334,-15.622916666666667
284.33968533286,-29.13173261147
115.73228436359999,-20.54306536169
114.41345634688,-20.9722124301
300.89257582672,-25.45433909642
303.33096363191,-23.695541332809995
300.76597515615,-19.817770566329997
296.67601701735,-16.5712574863
160.01433967913,26.020620107609997
74.19821308543,-67.55565309057
73.91721596462,-67.28891471819
74.3019213301,-67.47400271468
99.02478288605,39.58668794946
120.89710756346999,-21.99133508753
77.41319940422,-67.62851033463
77.84305616388,-67.2746761184
76.90897459448,-67.11115634972
76.38629730652,-66.57379654646
76.93280288944,-65.92133424537
76.41410955169,-65.89512947422
74.59540222256,-66.50309926692
116.31027878455,-22.66309392637
116.51234166661001,-22.24858741471
117.11665423739001,-21.88167024503
73.83105256042,-66.41923967657
73.68719558125,-66.2933861314
116.06013774123998,-22.356888224250003
74.50480409036,-66.17288907543
89.86694349767,-66.50731888675
114.42481961881,-20.2774816814
75.9407757874,-72.29391338297
0.5032083333333334,-15.456805555555555
74.85523791041,-70.25324938217
83.48987584693,-71.8829829645
304.47262642381,33.433064195
302.30939829241,31.429119612039997
51.78229350437,23.8132766821
302.89305898339,32.57338979358
145.72745093155,-60.44341913133
305.0212613667,34.19236573551001
82.17868421454,-68.62757956226
67.68890410347,-65.98774874753
116.87006768779001,-18.36107564661
58.86948671371,27.10043620852
210.14791256398,-60.060349477849996
114.09464285049002,-19.64353130453
113.52688801627,-19.78225690475
113.35085645711001,-19.37718152686
115.97010035567001,-17.784638982859995
226.95209524225996,-32.45347868884
71.68933666493,-62.127294245509994
93.74565479226001,-70.50207957751
75.387875,-68.03902777777778
117.48172238988998,-18.72179096382
74.65600177794,-70.88891039632
78.1945730068,-68.6533657632
62.07041540767,-70.4467716309
81.03992550412,-71.15879289032
118.07520985266,-17.82279643637
82.47069381907,-72.38448929553
73.13125210435,-66.04090790472
72.36005387403,-69.09448761499
74.62668078696,-69.01973051895
116.77794170148003,-16.775011688380005
65.81315475238,-67.50821953264
296.30116112445,-14.779043449949995
67.23390584369,-66.70754976583
296.17930616006,-14.68807983367
296.34375967677,-14.746590743969996
60.87824852924,-66.87878659002
89.62091447652,-66.66951969565
89.69637758576,-66.46780210937
60.77098825626,-64.48851554431
158.61623022498,-54.24118902948
15.051555036430003,-72.60904923729
13.931934532720001,-72.83171052993
13.61101686635,-72.84680271129
14.02208400701,-72.78367605608
13.475222334600002,-72.83394148332
13.839719957110002,-72.72270729643
13.583150823570001,-72.76102086171
14.181480971409997,-72.5994426728
14.556384583010004,-72.60222633662
14.844679235980001,-72.60988012202002
14.418069540200001,-72.5768401608
4.955875000000001,59.299055555555555
23.683102855400005,-73.60554096239
304.29226390883997,35.19288101456
305.50656675303,36.582168157599995
75.04032119199,-68.45240361721
17.484432730239998,-74.04641389404
17.65022328628,-73.86371803047
306.68571566423,38.28899555432
301.3654249396,33.7372144628
9.57699105955,-76.55962340918
300.48583569196,33.59771541931
9.18010312767,-76.32944531574
11.50339486532,-75.35356761408
12.949246522519998,-75.07676561465
9.74351115214,-75.59883068943
11.37260939805,-75.10205113244
14.913460882789998,-74.99149892187
15.027132364170003,-74.77199050339
13.736366868170002,-74.71730481114
14.184634615480002,-74.71078946846
14.864690147820003,-74.58563626378
211.80407353029,-52.51531021138
14.453118817020002,-74.53333911701
13.790393174889997,-74.58310176149
300.80810955346,35.3426135699
13.611225190149998,-74.45124822059
14.324911444820003,-74.46343884357
14.527827969139999,-74.44473854243
14.279624820889998,-74.33925374337
302.31312751273,35.21090389376
15.02922060812,-74.47101415597
15.375139918309998,-74.26525377938
123.64756290674,-34.66582230288
5.8303175431,-75.68340009149
5.70443702885,-75.17653420368
7.207925922270001,-75.11774940466
4.603515120380001,-75.14697343663
5.03008884383,-74.82478544387
7.874536796109999,-74.03072491993
7.390413799679999,-74.02711001881
0.48254166666666665,-15.440027777777777
9.4919375263,-75.20863123273
0.4972916666666667,-15.490055555555553
10.77202391951,-74.86468359957
12.63765066258,-74.56660663389
224.29002690116,-30.19985807404001
224.82448546243998,-29.88567202741
211.38231453300997,-62.340752082760005
9.15308497905,-74.57965834768
11.42251753919,-74.44758016405
11.68231098356,-74.31696702247
12.240622052890002,-74.29154775831
11.81597624912,-74.18562757768
10.65424235265,-74.30681027216
11.109124783590001,-74.26198260614
114.74240719494003,-21.970419589840002
110.91072080344,-22.969658773909995
11.917214982600003,-74.09859647266
12.06393502714,-74.05207849429
11.51934493775,-74.06280044496
223.80920811891997,-28.92363883083
82.83183970035,-69.5876407231
13.2475813371,-74.44448223793
13.56207748922,-74.4085501367
14.55435667644,-74.25117508332
12.985505537230003,-74.3178297887
72.482731947,-68.92479207718
73.69352593778,-69.61294130196
13.908569604940002,-74.06764106523
13.70503224264,-74.00896966909
16.056666431900002,-73.93009826016
84.61643755011,-71.71144547472
14.847337599270002,-73.93360700941001
90.34663856367,-73.09238734465
14.855879145470004,-73.75904322725
15.47737595134,-73.72065727964
13.1033237659,-74.03192715041
13.23604948407,-73.99944308629
13.274170536429999,-73.90444492853
122.1093316057,-17.52083306641
13.66685432082,-73.84113285254
13.704136432680004,-73.64573632935
299.74264206119,36.227354408070006
12.646684846460001,-73.91180659903
13.179582955820003,-73.842741947
12.53691061201,-73.8242583183
15.83682695436,-73.50454154001
15.618523356540003,-73.50429397728
14.23504358066,-73.59173645212
300.55860631217,36.70063250739
84.29340331205,-72.75010184525
88.17927900705,-67.51108954873
15.70847759233,-73.3311777588
15.57106368705,-73.26238495107
15.116623844659996,-73.26330527524
15.603371259619994,-73.17609189335
10.515115510280001,-74.13594766784
10.95116395993,-74.0355278789
11.8760242125,-73.8886494088
11.83887729428,-73.88539460143
303.87237848452,37.01984561098
121.84699877890999,-16.42188591376
8.887271737229998,-74.24504904530998
10.913924244779999,-73.91295234404
11.20621570907,-73.86042738225
11.537686938,-73.80246533208
11.79646483305,-73.60345650527
11.945327743130001,-73.57928389355
8.86165350312,-74.12560093141
10.37405987052,-73.67322764088
10.58935386086,-73.58409670392
11.26990785119,-73.56888290127
11.753071224380001,-73.49726153312
296.32653589195,-14.641393300619999
10.076222593289998,-73.64596421883
9.54360555139,-73.68483183633
9.68706586649,-73.60284359399
8.57118897704,-73.98168952887
8.98677386118,-73.88806411681
9.13860851473,-73.84471380753
8.75340872456,-73.88604237453
11.37877851585,-73.4497873517
11.84244265745,-73.33917225977
10.59517251089,-73.45432111317
11.68092190344,-73.25769996317
11.262871933329999,-73.31283209346
11.260865319469998,-73.29028611363
11.16685571916,-73.29341052567
12.538353100160002,-73.71060160873
12.940887513420002,-73.71203049891
12.45728281394,-73.67504188812
12.736336713050003,-73.58887808205
12.94588095398,-73.52621925916
13.230699185389996,-73.59357658233
13.253314391269997,-73.56727379816
13.682140657650002,-73.48728194125
13.44812821592,-73.46926871037
13.099687400560002,-73.49363504357
13.29703778572,-73.46883087002
13.612479540550002,-73.41754364607
12.78335289061,-73.52584849424
12.061516141369998,-73.49132753084
12.14581361701,-73.47980702374
12.553189069420002,-73.435270365
74.91435169398,-69.31101468092
13.19672236746,-73.34647322826
13.269747416259998,-73.3443670919
13.094661312610002,-73.30113185697
13.03532773666,-73.29825009755
13.614480231769999,-73.18610875621
13.68707761204,-73.1493910943
14.54883016939,-73.32890210458
14.62355660878,-73.31509528386
14.561099315510003,-73.29770507802
14.29981227746,-73.29936074203
14.182698096349998,-73.31428052584998
14.01033457525,-73.31340057408
13.94100961255,-73.30120928156
14.186629541620002,-73.24298885619
14.476847760659998,-73.18897111299
14.335617738350003,-73.21281334677
14.978172091730004,-73.25698653294
14.892719548870001,-73.26381735071
15.17381733764,-73.19801419049
14.961058722919999,-73.21494751389
14.853710073099998,-73.19905817538
15.22094763391,-73.12528918902
14.938927277799998,-73.14664672223
15.08680712409,-73.11347210834
15.175012612439996,-73.12277203619
15.477431941449998,-72.97290506033
13.977690644399997,-73.19351323396
14.42347021699,-73.15355865437
14.309611765909999,-73.15908376364
14.300632123860002,-73.11797472207
13.920310114169999,-73.16166833906
15.218782949940005,-72.92941238144
15.35704899025,-72.88721016804
15.318856696319997,-72.83254577496
12.30326314509,-73.42376469526
12.407240350529998,-73.37974587796
12.055467004350001,-73.41305895408
12.52428609697,-73.31484039292
11.95736127641,-73.37060330774
12.344660667730002,-73.24847932867
13.19064521512,-73.19728844259
12.90226130242,-73.20708896435
13.08181826494,-73.163585487
13.60753387636,-73.13552646656
13.472110732930002,-73.07088993163
13.5007382841,-73.06168309807
12.76025177836,-73.16204113214
13.110121819099998,-73.08624896582
13.270376529240002,-73.0693198504
13.594514928809998,-73.01829058006
13.56374537513,-72.99955386272
11.898839772,-73.25188957275
12.29892155324,-73.1465740886
12.41742178267,-73.13772051796
12.6528119143,-73.06610424352
12.54913640895,-73.08049761002
12.17354774969,-73.08672415822
11.813140807779998,-73.1611407086
12.29807980858,-73.1088771785
12.41930208738,-73.01882879066
13.02675865378,-72.98111411534
13.2743718461,-72.99520371553
13.306981840640002,-72.91472213279
12.999551473660002,-72.86445972388
13.23082952789,-72.82215106137
14.157721561020002,-72.94165419142
14.11612078723,-72.84591734931
14.1709798942,-72.80864940696
14.547304289940003,-72.89303448982
14.492757732400003,-72.88926689248
14.982889881460002,-72.66031937837
312.86101024911,43.65565322391999
21.90862188186,-71.00996998413
312.07211081044,44.28552136808
224.83009943286996,-29.067856545209995
7.055684218509999,-73.93109116566
6.27025725092,-73.99817861473
16.02587556778,-38.05481265517
6.376422747040001,-73.84072927036
6.819739315090001,-73.77563368012
7.66582233593,-73.72208842225
4.465551327880001,-74.08885722919
6.60647402784,-73.59895811902
7.702124989269999,-73.5494425496
7.937415858000001,-73.46525268685
6.172431337889999,-73.47998292549
7.7413905205399995,-73.20951739835
3.8231596905,-73.68171103473
0.17694905234000002,-73.99798386531
2.58687177463,-73.70705500596
72.16348475813,-68.2148949614
74.35210900635,-69.86462536296
76.0055377878,-69.86404872554
5.852265575290001,-73.05922962533
74.72926900238,-69.1885303321
75.8461553552,-70.50460008519
6.461540315570001,-72.6136237573
81.76976856487,-69.63786485075
81.7784157485,-70.36863863057
85.20429466031,-68.91547564632
94.77158716353001,-71.2859658045
7.274084220309998,-73.06579786566
7.527663800819999,-73.05629247018
12.685011889710001,-72.62750214546
44.13875315816,63.97535657067
60.80220430821999,56.22751516095
5.34756651731,-73.22198287186
39.67951612716,55.76651321767
9.22146686065,-73.6057544844
9.69004765135,-73.4624521644
9.398924933650001,-73.46614617701
8.92252394831,-73.4448954007
8.840315885879997,-73.40635862665
9.25403818637,-73.27724701389
9.208792620099999,-73.29380166261
90.62501022552,-68.32965140244
10.86415122249,-73.31330231902
9.94049915618,-73.38225752916
321.77855861584,-3.922895700279999
11.415900436980001,-73.0869117248
10.304881238089997,-73.1027655333
308.22967902509,42.54961652963001
10.739434014719999,-73.08145406301
11.51243399314,-72.92547587625
11.07628307118,-72.89136720008
8.48824064392,-73.28877762378
91.23940712015,-70.08701193992
9.30351653384,-73.19274066056
9.61994212309,-73.09664002619
9.73576294761,-73.05160507928
296.17947138215,-14.752931691120004
296.17868701727,-14.876316056819999
8.35857594494,-73.17686474686
21.54737190048,-73.56887955028
0.4752499999999999,-15.486416666666665
123.82857010723001,-12.754782768999998
8.017920215849998,-73.09993997758998
0.47075,-15.405277777777778
310.48494021082,44.46018045385
34.62239723036,24.19151981705
310.56722140356,44.86755187878
24.058842105000004,-73.27118861499
24.17680892393,-73.05394926634
26.658978846640004,-72.72815098013
28.7651461698,-72.40381256284
26.97507157084,-72.65544744295
27.74658143861,-72.4534681742
24.00689053169,-72.77019723046
39.95183186638457,-34.58547724008167
27.003216663870006,-72.13574684991
26.58014216966,-71.85399291684
16.83699230338,-73.73057157136
17.147600010849995,-73.43524917418
9.762137500000001,48.36013888888889
19.16109695179,-73.06461804164
18.399296616669996,-72.99528261142
16.86253301905,-73.49455996129
302.64487191094,38.70526925209
9.881065778280002,-73.08407256104
17.20455703136,-72.85619366148
75.91348859965,-62.804533292840006
16.971250535260005,-73.15137370517
21.4552219845,-72.4067982994
21.52399069665,-72.26065204996
21.608798911100003,-72.25149181637
21.781217614660005,-72.18392035338
15.909081588810002,-72.98275455247
15.73710384409,-73.01536044813
16.12226625302,-72.85290606134
16.757061854019998,-72.81987028624
17.026902174660002,-72.75789840348
16.921708942499997,-72.75787057185
16.417505493980002,-72.78573777806
16.55134606205,-72.7671926935
16.833936758470003,-72.73317568062
15.45659518032,-72.87801004542
15.424589114030004,-72.76882884901
308.81239856806997,37.95454756718
16.026611049459998,-72.63791051719
16.51714556696,-72.58286714707
17.199149894499996,-72.59535092845
9.97012953344,-72.88264327636
17.07652928971,-72.58797803326
17.34507327013,-72.51320469392
18.58118586722,-72.23583384993
17.14493505911,-72.33205967511
15.502084239419998,-72.71142803249
15.670830858060002,-72.65007777532
15.883692588399995,-72.62404947651
16.01592397135,-72.50472621894
15.735906928790001,-72.48757430106
15.58747395472,-72.49767288021
16.07743535105,-72.52932145531
310.24341482444,40.56325762532
309.94810300542997,40.78443703224
15.577434781979997,-72.38278239833
15.093764493989998,-72.40091865524
102.71351306788,-4.572277067189999
16.91818420602,-72.26042731948
17.120106726,-72.13554588103
221.82101129586,-27.014395651000008
75.33132566334,-73.59839212562
17.263559801299998,-71.86165922557
19.88207267786,-71.47588692195
20.61786481787,-71.15722837262
22.433017455,-72.17714723645
22.6201728167,-72.13708744333
312.71022626674,42.55695749764
25.46494271397,-71.20739852103
26.768586985609996,-70.51856253852
312.55462538165,42.9970332845
16.88518554362,-70.14330444754
21.48495182263,-70.67392819884
23.46600704528,-69.683613409
20.45734657067,-69.98073161685
20.82252338952,-69.13642855704
16.497260610079998,-70.15342293129
16.28375177921,-69.52519457703
21.50292099929,-67.71609547548
326.95126887054,-1.4640890433
27.597644647180005,-70.64579127527
10.91575860656,-72.86611292859
10.62973077282,-72.81032898279
10.66311010926,-72.77862372764
11.33931669103,-72.63224203182
9.92365881593,-72.8848768805
9.816061972109999,-72.7321169139
11.049165392499999,-72.44481258282
11.90765039548,-73.00367378955
12.273809967290001,-73.00423629794
11.764526685129999,-72.97362566905
12.4734060132,-72.80279815128
12.58946587991,-72.90336218962
12.595346219119998,-72.86149010356
12.925460944090004,-72.77525392135
73.74679580652,-67.16044482852
73.24457320241,-68.5757784253
74.17641299499,-68.76560336287
11.6400402076,-72.84468365428
12.19810948394,-72.72469081553
12.83067748081,-72.5690965026
13.13896941752,-72.53852805033
78.49909373264,-68.99424146683
12.738982444859998,-72.50337002828
12.86797982274,-72.47881358866
13.67767364413,-72.68559687048
13.417407049910002,-72.67507213829
13.921415395100002,-72.61256046064
13.83681816136,-72.61280192817
84.36887065153,-71.30964422197
13.590477076789998,-72.54786599077998
85.11137610499293,-70.19384228953611
86.46256817574,-71.79481112629
13.72345522512,-72.50984271735
85.78573060157,-67.90301923952
89.06157674217,-68.9472512917
14.359098249359999,-72.48811264438
86.86157924916,-69.92262987801
87.51120101515,-70.17987778181
14.912555941950002,-72.38553758268
14.591403254959996,-72.33819256373
13.56476706848,-72.42542827644
13.30304307828,-72.44878536995
13.264902014270001,-72.36437110327
13.45677705245,-72.34809791167
14.5300857543,-72.19638235217
14.22624032886,-72.1310475751
14.608053115100002,-72.09036697639
11.47201029098,-72.6579326339
11.639246675839999,-72.57093524099
11.73973554775,-72.54023373946
11.988067231800004,-72.53057577292
11.9870050179,-72.43740289179
12.57140860338,-72.43619451126
12.722806970400002,-72.41118061628
12.92771802407,-72.3268972899
12.644353456490002,-72.37901615253
12.80785170021,-72.28735349265
11.696493763150002,-72.4605828993
11.976656268739998,-72.33845746371
12.33700471679,-72.30877938947
12.47186105992,-72.26411830025
13.17667600842,-72.36495649666
13.1940563412,-72.33461820891
13.412764989629999,-72.2647600768
13.79884013895,-72.18137010593
13.809539035799999,-72.18377774607
13.765303939030002,-72.12013373359
13.510070579339999,-72.11263898051
14.35534758265,-71.99020320479
14.048687645110002,-72.05627405598
79.80109554328,-67.68676050345
302.45716251948,40.51894073006001
82.44209238855,-72.28247526569
75.25600445139,-72.09747612463
76.551757113,-71.96236807115
302.43428032164,41.49345780839
45.02603029129,29.682283073550003
13.136421408689998,-72.0701993497
13.055343806970003,-71.99064125921
9.89470923278,-72.67853286686
10.15184339623,-72.57100793721
9.70173008268,-72.60957279899
9.977745688459999,-72.5083871151
8.691393236189999,-72.4287595543
8.79256342885,-72.3160290902
182.89437644914997,-63.760712457800004
9.479397992080001,-72.31446229718
9.89112598329,-72.2174293179
9.73413712056,-72.0270781566
11.955740181540001,-72.18581792623
11.05798933285,-72.30306212185
10.854774512469998,-72.31415489666
9.65350232078,-72.52565979341
10.972976763030001,-72.25358547593
11.07671047826,-72.13106411497
12.855105903219997,-71.9398778091
13.742238734369998,-71.74762025825
12.164317491739999,-71.99123200395
11.153658508790002,-72.16389464224
12.22287797734,-71.76004994998
12.142509779679996,-71.6543075214
12.392222497120002,-71.66516412425
12.148293599149998,-71.63622983469
12.18136525789,-71.60540511232
237.43321981898998,-23.83271818125
12.210504067419999,-71.44847714855
13.16777452907,-71.47174872802
12.649896675560003,-71.35687709014
74.35442158542,-69.19677287975
83.17081927396,-69.44348100512
79.97411330714,-65.99811469856
40.04841131825,-34.46453073232
52.30909131615,29.49229212912
236.00126476313,-24.486680014999997
6.271098103480001,-72.449620023
79.08381407571,-68.88717067263
0.5005000000000001,-15.443555555555555
8.677354062039997,-72.12222081561
8.72955407869,-71.961871378
2.78323101517,-72.31054306119
5.2927404921,-72.01136440452
6.5082149001700005,-71.57139191963
86.09458983394,-67.25105968864
6.23991421528,-71.4478852767
47.20314881565999,27.91655914323
85.71230973119,-68.98307603601
8.14716151377,-71.58243519145
11.0646638589,-71.26115805375
12.16284547543,-71.0691987497
299.066072757,37.86838515016
13.66199915741,-70.78472066119
12.682542321639998,-70.42611288724
297.74080105293,38.76775994313999
15.439116240140002,-72.13244134302
16.3210383328,-72.04888828851
73.43116902496,-67.65267470581
16.40531340729,-71.99028097587
15.473322143519999,-71.96787416878
14.995102966999998,-72.05024170562
15.04106736733,-71.99542110793
15.477634828300001,-72.25656427638
16.01586862628,-71.71536302481
14.748475184389997,-71.95424451673
15.101217672920002,-71.8240000643
15.095434709500001,-71.71096998946
14.94536642987,-71.69355231877
86.88748400596,-68.22940485969
18.217591364450005,-71.15183926377
15.043663497530002,-71.6038279475
15.076616725320003,-71.49868100849
15.993479451969998,-71.46396945365
15.98959553468,-71.46478815396
20.062138659819997,-70.9409651065
32.97289296217,27.259582571670002
91.39726520816,-68.91498703792001
71.18205798516,-66.90116718971
80.68388591043,-71.40439364758
74.11287820784,-70.21193690783
168.36950902777,22.11641354218
43.01279838447001,38.47931758572
4.298501241860001,-70.02845116694
12.35248093867,-69.4387748423
88.72880549608,-72.39069299783
234.45035620276,-22.6828780531
1.8408243943600002,-69.42789964975
49.70938160600999,33.16013231178
5.959244827220001,-68.01796437486
7.261237682330001,-69.1344227384
48.6362508568,33.50787257788
136.30731965799,-12.079915477170001
8.72064627742,-67.31134466436
12.822293757419999,-68.96952280161
14.35194327122,-68.52834256586
19.624468657809995,-66.60532579754
87.94549663883,-69.18631748533
37.19598554388,26.795093779520002
91.49514711905,-67.4816950525
152.11461912502,12.28162695198
72.76558113592,-69.13461209482
243.03588173822993,-5.93108890114
296.261353,-14.883708
37.16331491187001,28.10638220276
76.26413582246,-71.0856789217
78.89170736789,-70.10046151664
82.29116666666667,-71.90636111111111
89.39450596523,-71.65943172767
79.97065027083,-66.86066215594
45.95915596899,31.03015911253
44.12167940951,31.86904537325999
29.31493592875,-61.67886444865
24.926032338729996,-59.2600140737
80.38794239686,-70.28202255187
70.52227165255,-71.80818079646
73.6279518173,-69.82392127485
71.41042784359,-69.05414034708
80.08218721169,-67.50799130747
79.34178748229,-66.06806800553
46.33051059029,-59.691479034429996
84.48109153177,-66.97492358634
72.21623791395,-69.13278242911
81.53842989427,-70.98854692493
87.45313171429,-68.62502354889
72.64691032914,-71.36586556523
74.44584340574,-72.26184778178
82.72305742456373,-66.32771686733416
63.21532973530999,31.43656312347
327.51324517562,-0.8765298170200001
63.72425271476,32.265424536459996
0.51725,-15.441500000000001
76.90972810744,-68.77681762657
78.87768745992,-71.2633166593
84.3764465416,-70.34853063047
86.10762488145,-71.23173683784
298.03642200587,44.038617819779994
82.13140446309,-72.40421811603
83.23096004624,-67.25300928445
89.89470399016,-66.1831059367
63.41729699659,25.00018147606
299.30211115716,44.26112158584
78.94272764711,-70.79712458518
249.27300137734,-4.427249998449999
68.54883823018,28.393439597050005
68.63989237232,28.400681125460004
74.23221353732,-67.55317356709
73.55772161825,27.787228741990003
89.96513442615,-66.08261401838
72.88026885697,28.526907402429995
84.01746837342,-68.74630691335999
77.3353753471,29.911395138840007
77.79930498932,29.63922131905
236.74881032008,-21.15700957451
76.89851291631,31.362630735969997
238.69148938961,-0.43059509795999995
80.61188864977,-72.27184179719
296.3759166666667,-14.730888888888888
68.22154255295001,29.801352614689996
31.740976901710003,-55.23998502401
72.85602446459,31.695785245770004
228.9084852941,-21.41473630441
72.73466695462,-69.61350203117
63.0962997529,27.24964104766
5.066083333333333,59.318250000000006
73.81923231354,-68.5937814353
76.25149524832,-69.51666387746
78.81987629424,-67.2410618195
80.33684206771,-68.4322985276
80.84713531065,-69.85510769729
81.39427111967,-70.05629628352
82.68044563871,-70.04372841421
83.77585311959,-70.83694780574
86.3231713099575,-67.98660961725473
84.67145833333332,-70.6036111111111
74.58528824258,-71.94050165246
84.43242832223,-66.7588627654
79.53187277564,-67.45319388562
81.21181229665,-66.30359662672
70.4513188038,-70.62548192113
77.62295634699,-69.08632988459
81.072059179,-70.82251247081
323.60829351169,-18.86308289623
91.11510550347,-68.82107206523
89.92260053644,-69.44488916307999
67.73079942384,40.91301949152
78.76018363864,32.566813626729996
85.55977210593,-53.44197715873
13.165125000000002,-73.33394444444444
77.09118574322,32.58912301877
77.61520753851,33.99393642511
81.25653674242,33.8244000277
83.16497886419,35.6590628807
82.11072383539,35.49552958924
83.09507124125,36.583999079390004
79.42338323909,35.60039910771
81.44146544178,36.339033007800005
81.75928945534,36.79287597259
82.10654149216,37.76180921433
77.50656551839,34.596240306759995
0.527125,-15.424999999999999
76.39868367472,35.31490927877
76.21972984881,-65.16276530029
87.72607773677,-65.76096555784
87.40581799725,-65.60480285078
87.5515190569,-65.40235878471
88.54716271297,-65.31127847287
87.73384569216,-65.41645603646
87.45144997459,-65.29523956748
89.46724348514,-65.45415007763
89.60051841699,-65.35388241404
89.04733352948,-65.2638549347
88.41521790557,-65.04310244603
76.87497411479,37.40916235753
87.48501047697,-64.82090547374
88.30471791237,-64.79341533186
87.43572969457,-64.40127417799
86.76026144618,-65.36721713461
86.32523382165,-65.39644328533
86.2874801782,-65.19214005191
86.4968318348,-64.89249051376
86.22337533175,-64.77104572278002
85.71041811743,-64.96901622436
85.20090532367,-64.77650586365
86.79281266596,-64.73895280596
86.68434906768,-64.65400329333002
85.28433464278,-63.76527989685
85.19228041714,-63.823173698629994
85.21246444562,-63.91174504719
88.78120831233,-64.40901771574
80.33887486393,38.08967812624
88.67358915568,-63.40043082781
88.50310494265,-63.241404990590006
87.03210823562,-64.00471967559
86.36426308393,-63.73754659472999
86.3001277186,-63.35084961844
85.45952626443,-63.58666387528999
85.89282860362,-63.23937606707
87.17564282443,-62.9293896815
85.87783790694,-62.337555927850005
83.74139319759,-64.61415441877
83.44728629622,-64.00831983843
82.71656666158,-63.79314657506
84.05327114884,-63.58325991073
82.97732220604,-63.50025774075999
82.87056454843,-63.47369462833
82.05992217798,-63.80184508029001
82.0236946154,-63.634397324679995
77.17492138722,38.18696697634
80.65899480429,-63.17831308193999
77.56936830406,39.38875570374
84.98596773727,-63.22498015418
84.06169331239,-63.036709669
83.62879348757,-62.86454838032001
83.27312650982,-62.36846943813
78.25923707651,40.92368643169
82.22049227769,-61.26239062204
306.06856619868,45.79933479854999
81.1827697194,-60.78129999178999
305.56382975263,46.55662097166
89.2645588943,-62.90008009779
89.46910749384,-62.82913970784999
305.7383149156099,47.62096370823
87.77531286884,-62.76168305795
82.24928879176,38.69672861526
89.53752864952,-62.43031789157
89.27145317882,-62.33417289758
88.5608391364,-62.065792841320004
83.8714741856,39.73345505554
83.4076035888,40.47503222847
88.10877415239,-61.69371206375
303.31736130557,48.28591235134
303.285299603,48.57916141379
71.10847435572,-68.62215488068
75.01765754564,-68.29334898694
73.96083693409,-69.32627847795
75.13262709507,-70.6144839599
86.03976570306,-61.47248829685001
75.0335717291,-69.90741205583
89.90636194554,42.00807350870999
304.02571235592,49.91877525510001
75.219234062795,-70.38669704515945
86.91292993151,43.21430593069
87.33162641338,42.56674455506
79.61418506865,-68.30167371538
81.41048324822,39.87634481225
81.50198100097,40.6162298703
81.91560922955,41.16848827718
87.39472659533,-72.36224394438
90.1835217444,-69.24908058707
89.68282224473,-61.049644438339996
83.28972632471,42.44119357394
79.92534555087,40.68513789136
80.21475761315,42.62033048242001
81.4160639475,42.77250660737
5.062833333333333,59.27605555555555
173.03595195942,-72.63933123704
87.1848904111,44.910268618669996
73.7856836118,37.15331412377001
79.25017431079,-72.41230146016
154.37660290177,-70.50255403709
73.17274342442002,38.02161726690999
73.94416353013,37.96067006489
78.50039258798,-62.90285373043001
79.62561208634,-62.364018880509995
184.48295550268998,-28.00850199272
76.58606601766,-61.605195653760006
75.7484179997,-59.89499552115
19.04525467654,-71.64661212223
301.57576231807997,48.1846224888
61.068751250300004,34.28026091017999
80.76028490669,-57.21096838828001
78.24798688062,-57.37458940456
68.15902052657,32.37463065568
70.96705878969,37.12843154351
320.94237280160996,-3.01414142684
296.04294994882,-14.782197580890003
296.22168549001,-14.839439463410006
69.92838246737,39.02860570753
67.57766144171,39.56721147756
68.44122061099,40.03364878096
83.06671158015,-71.90877379492
83.71256013561,46.18847898997001
341.34407344014994,-25.377966381630003
78.30829106974,44.28396142109
78.44376424443,45.05061283163
215.76302231428,-17.21400948468
72.11998386941,39.279991830289994
129.32093450224,-13.353984978370002
73.83087488541,40.84228720999
72.50328635462,39.93254703061
71.94838316485,40.29717380247
87.15664643504,-44.45564600118
87.64301323626,-43.89009361762
76.87065909202,40.31100833939999
84.41853821617,-42.92739414006
72.40541420557,-31.503824478229994
210.30146858629,-25.37755357481
74.42034303002,41.6790451506
75.65917845761,41.96900979493
75.78481446129,42.30887334351
70.34978351283,38.82071444201
69.87928069332,40.51405437127001
70.41637865781,41.36210379678
70.16028453433,41.49789213599
71.71465209907,41.43034958882999
201.70773856103,-38.88866329801
218.94829800594997,-21.860265140230002
71.8139299564,42.83360279467999
76.31981696255,-73.85243676972
69.89690848652,41.61978373389
68.21418466934,41.55793648256
108.07721417602,-63.63593808675
71.62439657785,43.04755491478001
97.02523643733,-53.18480705735
76.32073707308,-66.16289382226
70.12571067794,43.19783782984
72.01872532958,44.28113547109001
217.16477597013,-21.101328295019997
217.74746923136,-20.061642830239997
15.04466941829,-33.68272594416
241.59731253635,-76.98571173365
63.641494323059995,-56.29860836642
47.556983020409994,-53.99155429251
72.8148748349,43.68018638028
75.75485908049,-49.85730364701
207.99264173510997,-23.755381646680004
75.16731002605,45.81334079916999
68.39789372835,-54.2998708003
81.46185915714,49.15072201046999
134.55466440052,-62.16484734355
73.93758794794,41.874245680570006
80.35687788713,-37.79887593987
86.97550843044,50.39348817421
80.79739705737,-34.38218115128
74.43475992589,-70.71084927706
269.97277158176996,-27.57346148661
268.80913765797,-27.96000913624
55.332112751109996,31.136335987620004
78.12361064657,-69.55107966037
79.64471099805,-68.89458513339
90.01959689591,-67.52051379698
75.15937803304,-66.25240732703
83.96733377185,-70.09196795531
82.55171110996,-65.88282555286
80.46414724169,-66.32517991114
77.08244450617,-65.510254538
112.87780811746002,-18.65112556327
90.66483151775,-69.93558686253
224.46509555858998,-14.419425428510001
55.91476790811,35.30864330726
220.61007046110998,-13.85505657728
60.69226064818,34.57682591318001
225.92030545771,-11.219066526
169.71929296086,-75.14978055249
231.39751987451996,-13.375487889429998
303.80160175538,34.47225404431
84.56898463668,45.62652277505
55.21237627334,-41.52434968214
85.66736305576,46.13210240861
88.00109528748,48.43415436937
85.2789588751,47.83804560106
84.1623901071,47.69797977417
77.90935765545,46.28449726725
76.34375903166,-72.62035694989001
79.61094975519,47.96741713630999
99.5538036633,-70.09432305694
23.479672764130004,-49.898355468000005
77.46349473066,-66.02183034176
76.7929502706,-66.21190181653
72.68583318625,28.48248361376
307.96566617522,10.299701279090002
83.00911763093,38.63990382104999
319.41905100034626,46.33708423341279
350.41880243473,62.11957130347
297.90474862387,28.076989640999994
66.72878454633,50.37203716229
69.42618806883,54.13040821518
93.86429382083,14.638913743539998
11.279461519049999,53.446570947459996
6.5976793251200005,61.30082266557001
2.89771145948,63.308554313330006
50.61426697044,55.2720672874
67.33952856525,-37.10726710547
53.043087169779994,60.49501717327
41.16202883944,62.05000025231
35.63082566099,66.99446116122
18.92175445425,63.65702241807
160.78747285631,-61.56689740249001
154.59202327548,-59.660151071659996
13.00988088463,67.41480117825
14.67488689765,67.7819224545
145.19501139944,-56.99167680774
144.71886762573,-55.77567498333
139.48136962468,-54.67058979602
139.25588934592,-51.24833734604
141.86634687622,-50.243033694759994
131.92090906687,-49.2991809988
172.58193871794,-62.34195720827
162.82777531351,-60.33043851741
170.14069736829,-59.51410469548
162.71613306489,-56.32519071546
55.49400884671,38.13582974696
128.53617914059,-45.49503608152
127.87443085270002,-43.29614359192
129.34299482114,-42.33550715851
119.59476407908,-43.17726943329001
123.35801823025001,-40.18829395296
122.51902130318,-39.77910575017
125.81670269957999,-34.04186988211999
118.6450574925,-35.76044483607
115.92542901237,-33.78109751063
117.89882475366,-34.5131892118
118.38996527289999,-30.916702484220004
114.53462620417,-22.7321940131
110.82339663584,-21.08326603152
135.38958840848,-35.83154972294
55.07549057557,38.760670509860006
127.42586594766,-29.33539554154999
123.50654057822,-29.603521711410004
119.88912469192002,-26.261496694180003
119.59306454938,-24.99898178324
117.14831238018,-18.65175329365
114.25885182931,-19.548337716599995
185.28740339040996,-66.44212271428
193.49028452419,-64.9199886823
192.14136927425997,-63.11046796252
181.12274715337998,-65.39616587205
190.29549655687998,-63.05736708021001
194.89656247617998,-60.49039981262
181.48528031626998,-58.64871485076
55.89075880104,41.25869548474
9.748541666666666,48.34777777777778
71.47071760483,-31.529330169610002
77.15104360705,40.44768087527
78.6685127318,41.40637240442
64.49024834078,39.35700968295999
64.96192339998,41.12825601055
218.63593645580997,-8.14357503415
63.67351852852,42.51343071251001
314.03362468163994,51.0754371233
80.47554829683,-70.94910202093
71.3238843927,-25.296619924550008
58.18258220096,41.68838610044
59.79912771636,44.21954977284
63.0196236868,43.02589259937
63.6909034619,43.77409650063
225.18084296508,-24.68141368299
234.68804634607,-28.65807123409
221.62560958893,-5.27242706096
63.93565714097,45.67683318522
65.10393550013,45.67727632836
64.14258951044,46.34252679235999
51.74907317256,38.94713340783
51.88078399015,39.08061576757999
152.16828180741,12.27940864093
52.67603751933,44.59194668547
52.30338052522,44.89150329851
9.699541666666667,48.25713888888889
59.45735617334999,44.77245260372
55.10299418669,44.97920716016
60.46060693399001,45.5795563563
61.18380026146,46.901670395100005
60.45549366971001,46.633818642099996
60.38934305326,47.27512771274001
62.33660837642001,47.7728563792
63.30250136409,47.61764591446
63.49579742908,47.7161669895
60.34738190478,47.79015545209
58.72346038164,47.68754055785
59.86310868109,49.17473916212
5.077458333333333,59.258805555555554
40.02576246421,-34.59101309590999
272.84955014716,-80.59911125114
79.63368175895,-68.99373795728
80.26096946932,-68.9563251211
81.94082654778,-68.69990880026
57.5559098292,48.16969853011
86.5265699311,-70.27722471431
87.26324407822,-68.73162213947
53.48703108279,47.388454560099994
18.635053646490004,-48.25206035792
318.77810990811,1.41840743976
59.63075051892001,49.74694597113
158.85501706327,-20.76203265936
54.1192377119,43.08937857522
71.36712650991,56.160384981680004
75.76469602661625,-68.46148066458001
64.44712917666,53.00324097483
62.71538219327999,52.6922816225
65.35732281573,53.38022412145
64.85761272656,54.817503383730006
63.99129353756,54.90208377127
65.14531342755,57.14862614391
69.16378031534,55.37452452617
81.4303507968,-70.31854537551
66.49463068872,56.694387745040004
67.74362249059,57.51294950607001
85.7188809381,-69.07720785607
90.66893854065,-71.20440634069
296.156158,-14.860967
312.236819428,-19.01918277385
115.23106513021999,-26.02517570794
110.24586396746001,24.999468351030004
117.38536494045002,-27.39344883908
121.23979263908001,-29.85711448851
147.45593608815,-62.93583676558
150.86993803647,-62.17700727028
159.38863730625002,-13.384542478611111
19.020960020900002,25.76935830696
72.15381629001,-67.82316349159
82.07787484946,-70.08978605865
165.16226767768,-59.00799322238
71.85358798758,-69.02419661394
75.58885710136,-69.96135345824
80.30680255633,-69.98643718019
85.29256800629,-71.13029033473
67.79298749261,45.24063008407
259.98874442195,57.91792478039
70.80542013708,46.79287803642
71.59279369233,46.24299717030001
75.95629266015,48.12036641044
74.31760945034,48.16573337039
292.83698203453,49.57090804237
74.76570694677,49.49935685349
75.36627954045,49.81477987637
66.8644797824,48.20381059561
67.99741995472999,48.98591735484
72.67547883859,49.591025619679996
72.61903876263,50.88325362044
125.17280257924001,-9.34261902237
77.50076744741,49.59972392014
82.13623270415,51.61679887843
86.89640079555,53.35156822478
79.50485350027,54.4563065859
64.13830415634,50.626278688350006
65.253906137,51.50235643843
66.77917825137,52.0894111229
65.72955347047,51.95249548614
66.45010304213,52.94641644272
66.49499315963,53.18823051055999
68.86313800987,52.94446200561999
68.32865777667,52.98351168129
71.35709615717,54.91516773048999
214.95885954046,-61.02033326827001
79.1611425829,-70.97902601311
330.86591376849,45.568606535810005
296.17123318127,-14.74522911196
76.51501821402,-67.9959844439
24.495017031499998,43.71037991157
24.176950998690003,44.29205435919
28.988427440130003,44.485406078509996
78.96075090398,-71.84822757502
31.861368385799995,45.53805854013
33.46688365377,46.686377092789996
82.99353900654,-68.32955271457
85.31775833333333,-71.40385277777779
83.00321806926,-70.9020532325
85.45873728392,-70.49705296685
84.78857578310084,-71.77443475021889
83.45809863251,-68.77914683798
0.461625,-15.576055555555556
15.086409781550001,-33.75501345199
352.57529158556,-72.06116264424
73.51858748691,-69.74285661582
13.041385120340001,-35.77416558670001
73.59257083333334,-67.69336666666668
1.8419143432500003,43.91768766357999
5.067666666666666,59.29086111111111
0.547,-15.579777777777776
0.5264583333333333,-15.335055555555556
0.49629166666666674,-15.472361111111113
76.8847730598,-69.35364612383002
75.9969977176,-68.19333346478
8.259428448700001,48.49182330041
77.06868007133,-69.21182572902
70.28762299406,-69.17740672816
70.83251046745,-67.71240379484
70.10014181316,-68.46483543616
73.44366700082,-67.09346980996
75.23300669551,-70.08190630318
76.25597093021,-71.21036318099
74.83532868969,-68.60697247526
76.24226995844,-67.94930548445
77.07969543551,-69.09597587491
76.14203736478,-69.20936371619
80.07322426305,-69.55066303217
80.0288033567,-69.17737338058
81.88567822891625,-68.76148869237028
82.21225630444,-70.45001738353
83.87399074393,-68.64121149626
83.91333533947,-70.03785535168
86.18274315142,-70.75439047326
84.74391787371,-71.50912242429
87.21026918505,-68.71734050475
86.88624700986,-71.03991515478
85.9037916645,-70.6036375513
88.94649221793,-72.05196230611
90.42983884533,-69.7177369821
90.82148025711,-69.28506355937
81.02030897479,-72.28907969644
11.83868667701,-29.730946663420006
35.55904151016001,50.08459000402
78.10856917858,-67.21123392213
81.31585187481,-71.12822142141
80.36401246384,-66.73409532133
84.29664367342,-67.27204790741
30.92476871362,52.999067912300006
87.99132935047,-68.10154463137
83.79558075544,-65.36496682299
51.92662983636,44.17680187269
88.80593108773,34.04818290654999
83.71871287679,43.64831452133
203.33073234659,41.91422027688999
303.34859036417,38.72901945302
290.03813172815,37.87692200716
0.22186102521,61.582264067900006
355.84778901525,58.2070519574
225.94730478595997,-61.67946912625
76.52918204601,-72.36258340445
313.88349109459,64.2901784581
109.77069828871001,-42.96707510458
128.35737771637,-44.89204363919
115.27516265104998,-26.42196070746
115.33231051056002,-25.26443052464
35.06022924317,48.25766473972999
33.53347753539,47.66245891041
84.48745396528,44.68337015725
63.80205028669,52.92708283835
108.87141196126,-17.55645436594
103.13480294382002,-23.03881967544
359.67798396864,-72.30952761124
359.11542105111,-70.30276416044
75.15927528893,-69.86496747159
14.88698582992,39.32272776488
75.43202586958,-67.53952399117
296.35416708372,-14.85554823136
81.14418850609,-68.3611943423
9.120391262920002,40.01979819429
76.90317962731,-62.82969970691
20.90933196937,49.8539783421
8.369166666666667,48.53883333333333
10.095999999999998,41.65355555555555
44.09261120552,-32.96438211285
53.25183446307,-28.08727709979
26.8232727583,52.93157958079
20.71069510454,54.64787567387
16.724039017560003,54.91202953087
0.484,-15.484805555555553
23.56704888801,57.72430230664
40.003920114319996,-34.37868076122
0.5263749999999999,-15.379277777777778
0.4955416666666667,-15.492111111111111
19.14762283328,57.634048569469996
86.25803888319,-70.31616181899
73.21953137353,-67.50112759041
70.48672283052,-67.29452398641
72.50575734096,-69.17871400731
92.24106483577,-69.09921572208
74.99789406824,-66.66733122784
39.419141832890006,-34.33557160234
83.59562123114,-70.26951362398
39.91919236716001,-34.33745891705001
39.9152372801,-34.331185105
4.827125826429999,-74.10701341112
296.36584383808,-14.852499109669997
296.1631559953,-14.894489413920002
85.00002822565,-66.25519909386
81.47290786419,-66.45291176118
76.49540918868,-73.6492829333
219.42252714703997,-61.43005840682
143.97535113709,-58.75933989895001
80.75272005094416,-69.15925446181195
80.55247240442,-69.11688443026
76.49902105086,-71.9637068979
79.65526765973333,-69.56511666039138
8.277500000000002,48.395472222222224
79.44578825947,-69.31348494661
20.71931109356,45.6596902632
121.07494363361,-40.85707217611001
83.62167336306752,-69.25374320225639
8.49571328396,54.08702629655
7.871467426489999,54.828445849679994
82.65241150772,-69.04976240118
83.38858728533958,-68.95021738103028
83.60837718099,-68.84616228173
82.05388535688,-68.78766136482
81.59490453772,-68.4850811293
80.88496554726,-68.22839157928
83.76207730181791,-68.33596859219416
82.83530050658,-68.14341797756
83.79550077297,-68.13968702957
83.07102973495,-68.03435292946
78.5468583465,-67.31717483493
80.46450992005,-67.26062568168
79.69964541159,-67.32017816065
87.54050484833,-68.21468459608
87.32721031957,-68.10239815314
85.14459145588,-67.94389286449
84.27581453681,-67.99344800679
84.03246400921,-67.83431034225
85.03993134379,-67.72027837638
84.83092371597,-67.66013718638
86.97615558335,-67.59133194792
84.90297200633,-67.33914009732
87.31928107859,-66.98564592126
89.06627121866,-66.45436067141
87.46888686568,-66.43741586779
84.92426798435334,-66.57100685486249
84.90175810366,-66.21892635907
85.27404082754,-65.7982352162
39.78366573841,62.247938968110006
85.18738806179,-65.42438158559
85.06948929846,-65.40619044987
84.78702260036,-65.26717246489
83.38868690415,-67.61368471257
83.52744151315,-67.55274165717
83.77301179342,-67.3195209842
83.69065097441,-67.15063331653
83.19418022403,-67.1544769963
82.43222968256,-66.96468239074
82.62608674661,-66.83649070898
81.55221944168,-66.55441871266
81.27637610576,-67.0136630192
80.46438766738,-66.82812963667
83.20011646504,-65.6582434167
83.91562181506916,-65.33234936574082
83.51381819376,-65.04501268965
84.05639028348,-64.93192441716
83.96379614533,-65.12079871710999
82.91615147142,-65.16344695701
80.5749503127,-64.82217962821
80.07483513124,-64.51233722907
81.42668413608,-64.7227746907
81.48629720351,-64.58655374406
81.21355011153,-64.20952609455
0.5961100876299998,56.04223413336
76.54843883422541,-69.04100187227222
77.17652501722,-68.96024983767
77.07246616064626,-68.77863229763194
77.87104875659,-68.69337445488
77.14666239669,-68.56840681376
76.3833757506,-68.41606438162
75.30167450217833,-68.70664468458443
75.67065815752,-68.77795044313
75.72768535002,-68.70423724773
75.03472153762792,-68.79569713391832
74.89488430955541,-68.36039031349388
75.40643458095957,-68.48838264176084
13.677854166666668,-74.08070277777777
3.6857015265,57.80356224363
77.14761036739792,-67.7704847338511
77.073169514405,-67.7554264080764
76.05609355779083,-68.23799739610223
76.22831166581,-67.92744215401
75.90884626339,-67.55254882862
74.31952759307,-68.48448941633
74.40695690054,-68.2215577571
76.65506829224,-67.60929805447
14.89221194564,55.31772842701
72.40736584286,-67.85210583829
73.40432981102,-67.74597429052
74.56805508469,-66.95462591133
12.15736509744,56.56388690764
73.22786936647125,-67.37200377656389
77.67158004386,-67.74208059564
77.85209501251,-67.2943623782
78.15198906179,-67.05028887841
77.03021378492,-66.06403819388
74.93875842342,-66.1920803909
74.26570651181417,-66.55608769208804
74.32220501623,-65.40607790268
71.48574514512,-67.65643197446
70.44288824733,-66.72217356298
8.542890517860002,58.179555549039996
71.50706132889,-65.92783473416
69.18821821055,-66.59117217255
68.42167213716,-66.01670279948
69.63226944941,-65.97692115658
71.9764762885,-65.91666867624
70.97689770936,-65.46019359147
78.78259101099,-66.25281416438
77.16861350347,-64.50858018762
75.8179166483,-65.48987468592
75.79433414065,-63.98255818413
79.51398055257,-64.16746085648
77.99997859625,-64.2330769534
14.771263487470003,60.34337633084
79.78021498039,-63.68334383878
14.25568817218,61.17114684319999
11.57438783456,59.62781329288
76.27155848105,-63.698718520090004
75.60023452671,-63.57317016806
76.2354682636,-63.09322669296001
339.0517074615,-60.02299347550999
10.35661202579,61.47297929631999
74.22565322184,-68.65994058989
76.39255069014,-68.26044075684
77.8184860578,-71.09984443286
84.27262248099,-70.31183546275
65.02804017199,-66.24392999215
88.0571875268,-70.60793728607
50.70799376349001,-65.28436021789
11.71546003061,62.109158959690006
10.69086090349,62.84675712314999
12.41256383735,-75.71529567283
17.27955715126,-74.73076006489
15.754358453820002,-74.67034483748
15.11161715876,-74.56939684191
15.890183021919997,-74.03555932824
12.215160426620002,-74.16702433932
14.5252918655175,-73.92139953695862
12.618179034724585,-74.08415764164221
13.184556934909999,-73.97138988991
13.3951305864,-73.93951736167
13.124061372991667,-73.78261466059583
15.134047188080002,-73.58615832829
82.57583975135,-71.32490382821
14.404186691499998,-73.41101964674
14.83767950894,-73.34450210641
10.336631741045,-74.04026993955166
12.04259386908,-73.79669183301
12.020364562383334,-73.64322618749861
11.927486180050002,-73.63606252356
8.537141600320002,-74.09784700411
9.56285582315,-73.65298226558
11.844650270129998,-73.50459777379666
11.74627068863,-73.42185406004
10.87715269485,-73.43459857967
11.15421054095,-73.41315756726
12.419000923250001,-73.62755085405
12.079484326390002,-73.59713074946
13.084682850688749,-73.3693950230636
14.164478328940001,-73.30569456925
13.81567373466,-73.19777700866
12.51442285691,-73.22480116318
13.09286015708,-73.16245283336
13.577228729239998,-73.08984379303
13.367460713500002,-73.07537739051
12.081370491701252,-73.22260350082306
6.8599533700199995,59.50945048821999
12.354308543940418,-73.01342434970306
12.89543360294,-73.08479412881
12.953362922046248,-73.0454979593736
13.348752651599998,-72.88539406314
14.339813463559999,-72.8145855576
15.049064394840002,-72.81346816727
15.20114043922334,-72.7795897811711
15.082913033860002,-72.60530303912
13.908399250586667,-72.75460968221056
13.81153659401,-72.7069708768
14.545827062560003,-72.5941691109
22.298746144539997,-73.51377762917
260.00287857641,57.89625739868001
17.04310939546583,-72.88552914066028
15.718740610880001,-72.90530863235
18.888808655099997,-71.43307933004
7.377929655429999,-73.99022116226
7.351954671280001,-73.46693639185
9.841125672309998,-73.32852090669
10.1652697068,-73.30576496523
11.237719011479166,-73.09882043473611
9.398414980089997,-73.07279937125
10.254719002668752,-72.93035389100196
10.09279141440625,-72.88376890573612
10.705033579190001,-72.8757617499
10.68198878158,-72.70406297224
11.09712231482,-72.61520315819
12.382203635434998,-72.93168879180973
12.69413712487,-72.82523305018
12.986490187290002,-72.6725959826
12.900390098611664,-72.66775017353251
13.677913080775417,-72.39245535220584
13.98710817941,-72.2105742442
13.215492384984168,-72.31930798839221
13.529325988114168,-72.22127052143223
12.89080690196,-72.024238297
11.94130113595,-71.39492323461
9.37635327491,-71.46324307108
16.10184342132791,-72.05147492919805
14.87228744492,-72.06817123595
78.01572760738,-67.4575755743
19.32417883524,-69.64501974736
83.86138618181,-72.07694602263
75.44262277371,-72.0991562573
296.003693,-14.974891
296.23687820326,-14.872168597589999
7.00409572333,61.00391300417
4.832839912369999,-69.1578340514
222.37764005328916,-58.81966685601139
92.89825759982,-70.03431319041
89.09885587577,-65.74029777626
79.13757108018,37.07006993721001
87.72483802131,-65.64089456657
87.95244236735,-65.55817168837
87.33643236675,-65.19519131573
87.74778299955,-65.33220285867
89.56227705574,-65.33218450227
88.51296038812,-64.60476540169
87.15434251039,-64.92721617631
78.22662524281,-70.5714230019
87.29088550292,-64.75443125327
75.30230764554,-71.7498230811
3.9736320366,60.89130058929
78.21379759626,-68.87103973127
80.00776770021916,-69.17998681241583
79.69243032205,-69.04827752026
79.24433183827,-69.01266214712
79.66611068263,-68.87820116933
80.17463098347,-68.76809504076
78.79674999999999,-68.221
79.89492264763,-68.65812361164
49.11013956747,-28.180007865690005
78.52301362278,-68.74570477362
77.90502365691,-68.40853232699
79.18625554116,-68.46605482945
11.849360140549999,55.45005694916
8.761447959239998,61.31726132781
86.46150722511,-64.22510050618
85.12404196614168,-64.00192781819305
88.50748098052,-63.78144007028
89.71933032789,-64.07070673906
86.20011210995,-63.4044380114
87.01566338649,-63.22183285907
6.888342999799999,62.17113800634
86.31651565599,-62.53709306629
6.7234214642,62.3117281129
83.90050156337,-63.98299978159001
82.9629704632,-64.01221273875998
77.75368981408,-70.7979527587
81.71925271898,-68.22784150631
82.23342958027,-70.71980480939
83.84122361622,-71.64162936867
86.37986631228,-70.48415218914
83.36822605825,-68.46679091166
88.04794942199,-70.95248956082
81.90144496519,-63.738302145110005
14.6495,-72.69605555555556
80.90742017578,-63.29027243403999
81.54813759254,-62.72333943369999
13.611177751210002,-72.00568863794
7.787928193080002,64.02486409284
82.12441915116,-61.68816122404
81.55634693197,-62.23763542882
80.74023561618,-61.87904616359
74.18144729557,-71.71352485424
88.86792398856,-63.05672705803
87.00107239332,-61.552089119
5.503809499159999,63.49398444397
84.11468016189,-61.28963312123
291.02777311838,50.11236617284
84.88357375636,-68.72055085132
232.310309004665,-58.5056781483961
71.82884859897,-36.20932536959
3.3938315922499993,63.378951082629996
3.34696850392,63.45865647285
79.6610230714,-72.42537213995
77.87257100589,-66.51103314411
197.61753353119,-67.07789314449
0.04539751399,64.43184159534
5.083374999999999,59.24088888888889
5.120333333333333,59.38188888888889
39.88244583961166,-34.6111093623275
35.45747808291999,60.07002656909
8.010083333333332,48.65644444444444
8.070375,48.444916666666664
304.57850272259,-66.84945716299
45.612610544960006,44.64140527135001
39.71063899901,-34.675535702999994
296.21246110901,-14.824875659330003
74.38990728274,-67.21276241521
75.54494768604,-68.51288599168
77.76530539116,-69.53890339194
79.71365447637,-69.79222987217
293.90006808322,-66.6576257686
293.33217241385,-66.52587430643
296.159454,-14.733294
296.31103325011,-14.97309466378
296.28699018375994,-14.962607404049999
296.33478015766,-14.993686734519999
296.09659176325,-14.881416235699996
47.440937470250006,45.9654313288
296.16803,-14.836925
33.296349459350004,71.35167059808
75.20303840021,-67.36201661577
80.03684595778,-70.4078722706
165.52507053431,-65.0497350277
82.90406401922,-69.61800541435
165.21943042945,-64.94751163943
275.76188333226,-68.00504231657
169.26549969085,-64.87267505677
76.07224000722,-66.55602985354
74.73033579869,-68.33242656599
83.02266690843209,-69.85392260269111
19.280369182289995,62.84209533338
81.53664823664,-70.35370584919
81.95722336535084,-70.57077463565167
84.25734290729042,-70.19053785304584
83.64812156744,-71.59715728393
296.229279,-14.652489
287.41264762699996,-29.948926010690002
23.37705769656,-72.90262174072
287.26856011191,-63.10647376487001
76.99320543566,-69.09409698203
174.78496199659,-66.31382450809
292.2699174089299,-65.31441438977
169.88880925577,-65.64972333442
181.00154742821996,-62.65227941455
8.131541666666667,48.44036111111111
78.93152839203,-66.36159987848
302.65723687255996,-58.26224954495001
3.8415803755399995,-74.93224050402
170.52535533809,-63.99343402935
81.27370833333335,-70.16961111111112
166.6577090282,-65.97430417381
292.92875810307,51.44175298829
14.34370670833,-73.96836890773
15.802130315960001,-73.88816819649
162.69561497744,-66.17705240167
162.34273369,-65.80100483882
70.8940964582,-69.54170745192
70.93806599863,-67.77560562133
163.17160822034,-61.96221243462001
10.0112,41.697199999999995
161.4800524787,-61.56250149852999
163.47655512352,-61.45588283151
163.47080892675,-61.42504611554
39.90574688261,-34.60747350154
81.94415718285,-67.61732629509
73.80398632649,-66.57424373522
151.2586659424875,-41.9691386984161
86.46290322932,-67.61068109169
89.74235882864,-67.2726710976
86.88570890885,-69.33171747714
224.41089028981,50.34887268069001
84.77273583135,-68.53829918985
43.83060642094,47.29996403735
43.16142753872,47.74231382284
44.24671504443,47.92994500727
0.48366666666666663,-15.395638888888888
82.47502646789,-66.01239784736
83.87525134597,-65.68490738898
83.47741256308,-67.00509109427
82.43044879295708,-69.6803579882689
86.03246045672,-72.45984740672
93.69389254287,-72.71147063784
159.70036369859,-63.426297719530005
81.65845683597,-69.19056442233
83.48594263049,-69.9008773723
29.390465058279997,-22.11851621603
71.26743503458,-70.61802211784
73.16175609605,-68.6458582837
296.16858343397,-14.87784035247
352.1967166666667,14.716413888888889
7.881666666666666,48.592166666666664
8.147249999999998,48.48272222222222
8.165208333333332,48.44161111111111
8.075416666666666,48.352250000000005
8.340233333333334,48.50106944444445
8.191541666666666,48.39380555555556
8.234125,48.47163888888889
18.054146514260005,-74.37050900757
8.233208333333332,48.45852777777778
8.246666666666668,48.44136111111111
8.263366666666668,48.521391666666666
8.3154875,48.52917222222222
8.333854166666667,48.51865
8.346941666666668,48.507250000000006
8.369020833333334,48.492736111111114
8.399875,48.584
8.432583333333334,48.64563888888889
8.584666666666667,48.505861111111116
47.4142754966,51.19906654192
28.295758058720004,-20.40090495495
165.30953173543,-62.98381774576001
163.89147359367,-64.57170615501
161.60248507746,-64.01580599937
84.91999104768,-66.02206808934
24.75739919281,-18.27841242266
164.69605936565,-62.65058906805
97.20815359177,16.8266214342
215.11542511736,8.920662327869998
52.85316441081,51.50608743492
51.17270704244,-7.25384608958
156.69925046703,-58.619797305940004
132.2788189874,46.45760351903
155.82342458334,-59.59559776752
15.684666666666665,-73.35033333333334
337.62844914309,6.329478590399999
86.93271126506,-70.02670044551
7.039350756140001,-73.70533552562
7.848967711039999,-71.15759727999
152.63635322422,-60.6153012396
344.60023282912,7.63114820081
341.57247609214,6.27894409513
9.16170070165,-73.77662978463
10.077048065669999,-74.3667146608
73.65785832216,-68.61020093189
85.1370716798,-70.97103427828
150.41230294855,-59.42423752356
71.34592912912667,-68.57179673746944
154.70935042906,-62.35056591372
153.95769338103,-60.98489427261
15.319791666666667,-73.15883333333333
85.37222799872,-70.85723054079
158.50872448908,-61.42474026503001
158.84803670579,-61.501463667079996
7.204484312099999,62.4767343162
296.0512517247,-14.726868574360001
296.28247372199,-14.86894581242
354.31685927834997,-59.30134845724
101.57520975883,54.52602478714001
8.100916666666667,48.40002777777778
159.26183100089,-59.74324502388999
8.125875,48.424277777777775
156.56395563808,-60.32226666620001
8.295220833333333,48.49838611111111
9.735566666666665,48.36385277777778
9.717625,48.34080555555556
9.853875000000002,48.41011111111111
9.681208333333332,48.32497222222223
351.45668002017,-56.37119173077
9.748625,48.32975555555556
351.6564166666667,50.69125
334.99389700078996,10.25081475329
156.81684088092,-59.67273802089
81.14838481941,-69.29694311952
68.76195454531,-70.40362554581
79.45427841686,-68.79180078118
80.71392385152,-71.12899076748
80.85514754937,-70.65604887566
55.37331843167001,51.5032578147
81.84451682578,-69.3299762494
82.56231688408,-70.05581921832
82.10756883225,-69.77983302336
56.72133757135,53.27093328203
93.16856065398,-70.03249483952
55.73434967341001,54.5591934335
55.130430519609995,55.72685776869
74.27814484462,-67.87401001932
82.9404667703,-72.07739944268
337.60806198988996,12.475552678140003
50.34668471572999,54.12989331907
51.10346520387999,54.76029081203
150.908625,-26.178444444444445
208.59898429325,-65.37886551203
9.763041666666668,48.36622222222222
78.11369101077,-44.435780776319994
8.896625,36.48341666666667
8.296041666666667,38.93469444444444
82.5088779296,-70.4205743556
77.46298813198,-69.25487535206
10.016874999999999,40.38111111111111
10.011666666666667,40.39752777777778
9.996,40.41616666666666
9.26016409827,-72.96160634497
79.02133489228,-69.75855153955
79.95792080713,-69.95915482299
54.14151453916,55.81394531891
54.49046993882,57.49201931391
54.1676457619,57.48898627076999
9.718041666666668,48.36258333333334
339.52073151671,15.164885072949998
50.77436090388,56.87875894786
76.49321310721,-65.56949950742
355.19123569128,70.32752915231
152.327325871,-56.11279851019
5.065416666666666,59.254583333333336
5.068083333333333,59.346944444444446
5.086374999999999,59.27172222222222
145.15663305961,-60.55217401261
93.3589435121,-70.86773962033
340.27632047544995,-41.455741917690005
83.39366268018,-72.21523072207
343.7363741908599,-40.30646920691
38.58932505680001,52.96900375599999
149.49772126866,-59.21154208686001
148.9843004674,-58.49295022460001
45.27036181463001,-2.10474486842
147.64893994887,-58.99631517001
147.56217935229,-58.01775501614
41.91263633589999,53.02856150611999
44.25148594677,53.87348072291
154.46167808873,73.42037482921
178.0278180722,-59.142072272209994
39.40985396104,52.97798558781
74.35118378349,-70.55400288485001
76.62341772993,-68.92630084133
51.70981674396,52.08700964974
40.07413994956,-34.45994609492
40.22219407326,-34.203657309
284.65167772439,-31.339700123449997
58.56773109665,11.60578176559
148.49259858763,-54.90966128447
149.74612128483,-54.46665365117
116.18598315150999,-28.402186080660005
296.521088,-14.614511
296.24437187595,-14.810498830760004
296.252136,-14.757003
148.19562104337,-54.22852903647999
87.60155303818,-74.21401239344
144.73980103158,-54.75584153105
145.23754982396,-54.89137984691
357.27285692993996,6.382402448349999
73.87677745111,-69.99495133398
221.68673819735,-55.65893267932
271.00857494191996,-28.678194551670003
91.34311157707,-77.16503091755
95.17424795963,-74.30518984563
93.91428830436,-73.22164185558
96.45105512303,-72.43120426416
99.99034383147,-70.64093107808
72.03352140951,-69.85400015413
72.35875374368,-68.77093543486
77.61812083333335,-68.74204999999999
95.87467712854,-70.9651020622
141.08687002224,-79.72633631207
38.25054388393,55.307108715240005
90.84421353059,-70.86498508879
97.79744013781,-69.20504268054
94.25340676645,-69.03150707312
94.0954106161,-68.72142982331
98.54797591358,-68.63472110089002
96.45454516105,-68.19683862439
97.02081452631002,-67.89647267567
332.17224464792,-41.81776841871001
76.54875180518,-67.92055602295
77.92021642966625,-68.49083452613472
265.68130553714,-26.271667247760004
94.47478756674,-68.2688645331
83.88194797658,-70.17564105363
83.82769560755,-71.15225980541
83.35486529578,-69.67342920689
83.92134377238,-70.16746899522
95.0656920379,-67.77973024168
95.84169930265,-67.35919406542
92.53407553557,-67.63131116926
92.18033140851,-66.95585019169
92.3432909983,-65.92559647642
39.65362362948,56.42734410767
84.16490367459,-65.234853797
4.32675297334,10.867542442139998
91.98450689085,-70.65587069148
5.068,59.29119444444444
38.57785464141,57.97309383567001
38.18760507586,58.2438536647
132.08986932124,-57.35818674188
179.43981701111,-78.43542030151
146.71018327493,-57.43402838707999
145.01453711836,-57.44784290698001
70.01112328826,-68.38647462742
85.90397905512,-70.40994538281
86.28188764242667,-69.18291363810361
88.38973514196,-69.70184708996
92.72818013908,-71.18220561186
140.99219396582,-57.80023981274001
140.44816840549,-57.82563791771
359.1714206943,9.17711703743
143.8748740833,-55.75381954253
74.19512985781,-69.19596616146
80.11566335483,-69.23611679038
142.88270124413,-55.60427222263
82.07643512425584,-70.77494775372556
84.03588189291,-71.70879799454
93.37407227294,-70.21625334694
152.09448846559,12.387732264250001
144.61468579758,-53.52082875183
145.39850438105,-53.43798956532
146.03143269767,-53.38397988958
81.35535609485,-67.75719734809
355.16193746973,15.144913575990001
357.44443438825,15.290137490579998
261.32566621605,-23.51287763514
182.40854651325998,-32.21803895084
135.71083243703,-0.8388303975400001
320.03951460007,-45.02189128616
140.14116886173,-54.14737043423
140.17420064149,-53.656632495530005
75.31501090525,-69.49837382836
76.59815991914,-67.31842446375
78.26296042939,-69.26617307672
86.7941989461,-71.52452438288
138.66859974383,-53.81748923948
139.56200942516,-53.10165704182
138.25335322961,-52.58947030248
324.0081166339,-42.30227318061
138.58771686592,-51.7061377607
343.96564716833,-40.67131054586
350.54620980911,-15.304482060640003
142.7887835826,-53.69977293834
142.1245636398,-51.90348281075
141.7290418151,-51.61358218477
144.5076887606,-51.67501925248
145.27528095425,-51.29985396618
142.2384065896,-51.28026275362001
140.56290017096,-52.621063591390005
39.894712846619996,-34.64932542476
39.85076373274999,-34.55062011645
39.850963993929994,-34.6341199274
39.88888334249,-34.64173282862
39.974905914903744,-34.573431321060276
39.84737951619001,-34.48525283539
39.88143187875001,-34.53082067945
39.902909965080006,-34.50686687702
40.0181266235237,-34.5776831418803
39.91426969597,-34.41606623493999
39.95482446964,-34.52328069948
0.49758333333333343,-15.430472222222221
40.084909236,-34.58191390249
39.993179862299996,-34.605962546339995
40.14229244846,-34.39733866942
340.95978219326,-57.02319388012
140.635953076,-50.81535247446
270.90292174533,-30.362878860199995
271.55657881755997,-31.05720661899001
256.95343360705,-37.44492066578
256.98225015366995,-28.868254005949993
272.4861333333333,-31.309944444444447
274.63482916666675,-32.66611944444444
140.43387211583,-50.16774790632001
303.06327161029,25.28899084051
81.51815401857,-70.82830943678
82.07269422556,-71.00360752783
93.19361173101,-72.17940641628
74.44175833333334,-69.59945833333333
142.07510540525,-49.96743628061001
141.85265832008,-49.829865302490006
83.44615699474,-65.96160347021
273.45416666666665,-14.876666666666667
257.28578828595,-40.04799424294
132.6701947525175,-52.759974650528335
131.06964032501,-52.62395805945
162.42262452078,-61.542738731200004
9.148311848319999,-73.59786809327
135.57886187801,-53.68784065927
135.87425400167,-53.541761033579995
135.55189109901,-53.36623690643
134.86906266695,-53.42641508471
262.3402850953099,-30.939359341340005
11.393234411050003,-72.4693872616
11.6094250452,-73.02681997291
135.92487041462,-53.13256844972
135.86677992574,-52.14067091482
133.99143325835,-52.97860279153
259.13645756511,-39.17939111639
14.492366265319998,-72.9391057776
14.75168361597,-73.00606924011
15.434049511030002,-73.2950952408
15.60746137127,-73.8428793019
16.07949927549,-73.67069470483
16.02083352745,-71.89031117846
17.357511382699997,-72.34195926336
267.83351457334993,-39.37266298558
0.5020416666666666,-15.4995
37.21815128867,58.00897682635
137.25254585084,-51.48584468975
16.152833333333334,-73.22322222222223
136.12338345873,-50.51160922626
132.82237344849,-52.13497387447
134.38359861357,-50.71595583973
11.066583801449998,-74.2094245735
16.193748984229998,-72.19100434262
134.18136493807,-49.072839728199995
84.01582100019,-70.03525942058
135.19224429304,-45.5034156783
135.31723271169,-45.37825969835
137.2953646138,-45.29606392871
170.75045420052,-72.80291822299
133.25105924886,-45.315827497
133.63225989726,-45.22005985992
114.69718168225,-35.40035438066
0.4564166666666667,-15.538305555555555
0.47270833333333334,-15.583388888888889
135.28221684695,-43.48740264320001
43.242345311790004,61.06632571266001
342.3179189215799,-29.58662595804
9.965237499999999,-73.38343888888888
92.28184195499,4.61148810075
168.38238771167,22.15169833267
78.12536943325,-70.12735779621
82.70251365302,-69.15594058122
82.93004583333334,-71.075675
85.91402812911,-70.92923949195
93.90335266018,-69.8519729767
177.5125392054,-64.94938200209
6.724781173109999,17.557832836880003
75.81524548548,-71.51481528691
93.53407989631002,-72.47140998503
94.50761834934002,-71.05086967182
268.80348707756997,-32.06563927279
143.82598135884,-39.500168241489995
13.257444546089998,-72.92689298245
91.84364722438,-71.22755441914
198.8871928044,35.33106538099
231.97158247064,29.03527553937001
44.63493801638,57.07439657433
117.96187747688,-46.491424586220006
47.85552860473,57.90311772875
9.55512417734,13.76418190354
121.90431996968998,-19.78448997212
126.66773087216998,-17.243088961110004
157.15427655141,-50.40503158817
78.7682367808,-67.97721820535
43.532856041870005,58.2653846747
179.21851443368,-63.36786326287001
355.4290359156,62.70072711968
139.38291290468,-50.089843748849994
243.30416228539997,-2.16186108034
139.44419884431,-49.55931773149
49.17033878353,58.39814163666
137.77835028214,-49.79056500811
209.83176749057,-79.35922828918
296.19137500000005,-14.818694444444443
53.3766360741,60.80696337174
52.75071331926,60.7942141773
259.50011452091,-81.55299067248001
134.71454913687,-29.375190320770002
17.424994491490004,16.96929090237
46.76874796979,61.0531152534
164.51151552775,-38.93217370656
140.038993289,-47.37358436025
158.62144939551,-48.39475088028
307.72902084442,46.36191515609
302.77563109553,36.11359869454
72.22529353017,-67.94283940136
49.8106723625,61.98536773507
80.22016662944,-69.30547469987
81.08183483304,-71.07356387191
91.42452688136,-72.26574856441
136.4350690658,-47.24978676315
42.66488417764,58.88564412066
132.77423365431,-49.8693401947
130.14785323214,-49.74721824958
131.70617007465,-49.44906076113
131.89320013794,-48.5450280298
132.63824281849,-48.84143926691
133.25479463791,-48.65801332670001
43.00798062453999,59.58409909936
43.27188155885,59.98461087311
133.38142079192,-47.59547966775999
42.55343484776,60.02460660284999
133.22740225973,-46.9676503685
268.14745716452,-78.17822516704
131.08099213329,-48.75216685463
129.23399755737,-48.319861591359995
129.37482780037,-48.21979685364
296.264954,-14.715384
129.90599927578,-47.43963985573
130.14653979283,-47.01627652402
131.99366489048,-47.53005612572001
85.58638493127,-72.7207017216
257.97361188243,-56.28767587322999
79.51432862341167,-68.98528030377167
150.76845833333334,-26.14386111111111
150.75008333333335,-26.145638888888886
150.79908333333333,-26.177694444444448
16.24120963994,-72.71995761374
150.6865,-26.189527777777776
150.76329166666667,-26.171833333333332
264.0107649083,-52.1892161368
176.37173577589,-63.07473729880001
9.156500000000001,40.211083333333335
10.26625,41.63805555555555
10.002833333333333,41.625861111111114
10.097958333333333,41.64527777777778
10.053458333333332,41.76244444444444
10.388041666666666,41.72022222222222
150.70091666666667,-26.162805555555554
150.76120833333334,-26.146055555555556
10.028541666666667,41.67897222222222
7.94940290483,-72.54248110499
9.926708333333334,41.537166666666664
10.08,41.72552777777778
10.365625,41.69394444444444
150.67870833333333,-26.161749999999998
150.74325,-26.14913888888889
10.134875,41.560138888888886
9.149083333333332,40.19094444444444
10.269916666666665,41.590444444444444
10.040083333333332,41.867999999999995
9.989541666666668,41.72119444444445
357.99566666666675,24.579694444444446
9.811875,41.57708333333334
10.074124999999999,41.721250000000005
10.331333333333333,41.555166666666665
9.841166666666668,41.56819444444445
150.747875,-26.133250000000004
9.1685,39.97502777777778
10.105583333333332,41.74311111111111
9.682666666666666,41.669999999999995
9.915208333333334,41.821138888888896
10.114083333333333,41.75383333333333
9.939458333333333,41.62825
9.998541666666666,41.79544444444444
150.745625,-26.15208333333333
9.134333333333332,39.86230555555556
292.460375,-17.65283333333333
10.110375,41.66908333333333
10.063708333333333,41.78963888888889
10.48125,41.87402777777778
10.0805,41.75133333333333
150.82525000000004,-26.164555555555552
150.87158333333335,-26.16358333333333
9.989583333333334,41.79713888888889
150.6765,-26.159499999999998
150.746625,-26.138638888888888
150.78316666666666,-26.136305555555555
150.8274166666667,-26.16283333333333
150.84737500000003,-26.167444444444445
38.50224618694,61.98221045794
81.339637423,-67.33339899674
87.90581821591,-66.94419307371
83.09803063343,-66.14296922274
17.29508418661,-28.364846914019996
10.35636608923,24.35944022626
44.59173078038,61.174972918529996
45.14608389514999,62.417506380789995
135.00260868965,-53.95195785616
331.72363678186,-25.10783472845
30.25054325872999,-0.71640166908
16.2625167371,-72.45411144914
296.21218348935,-14.83012457531
295.96945806671,-14.694464480750002
175.27344590923,-48.62625862601
16.23026005241,-70.72530249096
16.22922651583,-74.30900174544
60.18765853010001,54.92981147259001
60.79927055837,55.683852111369994
60.22007813534,56.33736082347
16.238359128880003,-73.39969030656
63.76283763435001,56.8038468392
16.27598167008,-73.67399086065
10.10764329769,-72.94672188941
16.27038807189,-73.02921771717
60.85518790963,57.667601333140006
14.99082110757,-75.94773111659
16.138816974530002,-72.08992216462
17.55697837791,-67.46383254029
77.39849363001,39.9996608314
174.51659758644,-62.2441337922
293.54190426935,28.06898923008
75.20745833333334,-68.68311111111112
61.93188371699001,59.62425257208001
67.42750014366,58.62735311225
84.04165531939,-69.98819846797
66.04278423658,58.79690585713999
68.2095873401,29.710958495339998
88.31920201033,-67.86330706412
296.16005847037,-14.802094984789996
5.38951891882,21.59074907313
116.38256885232002,-39.766698360309995
78.0204497785,-67.97622005179
78.64420551774,-68.35984231744
87.18357389215,-69.0580732191
59.94057554410999,59.968306626540006
8.125524434459999,-73.3803765285
14.842962556080003,-72.25201111131
55.66659992747,59.616662747220005
12.44640387457,-74.66409703586
179.67617124318,-62.41377510864
57.24434653347999,61.79586260109
179.23260331804,-62.258586682090005
61.97303985141999,61.90463315
178.68280427645,-61.536565032869994
69.92758425395,21.969061963859996
165.98563176374,-71.77405694172
148.65947065578,55.61455276257
175.38037652591626,-63.567007027039445
150.70370833333334,-26.157027777777774
10.425666666666666,41.49294444444445
174.2802345729,-61.38495936745001
131.58172394622,-48.2096442215
174.04470450476,-60.95786804083001
86.47901890355,66.03920598779
70.40243733059,-68.56082081886
73.63097690005,-71.24864522452
75.28239297658,-68.42723386816
16.38814866403,-72.94070651752
81.13810491033875,-69.98667092699166
81.51690442724,-71.15099776822
82.31215809254,-71.48328067622
173.35944843623,-59.812360190929994
154.54636521604,-60.31533693478
84.88103415911,-71.40269060114
93.67295101651,-70.47460676875
175.20383081789,-60.01538280983
267.0507381798199,-40.826598068600006
173.60420895575,-59.70915076936001
174.52210751483,-59.200481140239994
70.30375114663998,63.91618630994
257.3174073781,-75.13336620843
4.856791666666666,59.25205555555556
5.064958333333333,59.291888888888884
5.0932916666666666,59.26625
5.129375,59.35958333333334
5.154041666666666,59.335055555555556
81.56543412021,-72.76911674491
80.36751343816,-66.69213244633
81.99000731685,-66.99068856879
88.88354384726,-67.48668257964
345.63229232656,21.024941576180005
348.51835743712,22.07848405986
81.00036160001,68.83344291012
167.29381207943,-61.119652115559994
55.16846403164999,61.084218636310005
54.99282584990001,61.690282586280006
81.31928020811,-71.11183113115
8.569941523489998,-73.51425912908
169.78995864756,-61.14268666741
74.1839045056,-68.14894672687
77.62717710717,-70.30124400577
80.38639838153,-69.62853984897001
82.48740197682,-71.19016604482
3.0413719880300003,25.070452289599995
0.5269583333333333,-15.408
55.55388017375001,64.22441811339
77.80158811042,-69.68454121325
85.93265019328,-66.17985278516
296.46227753233,-14.852394331999996
5.084375,59.254555555555555
78.41209178293,-65.10474163945
49.62199592694001,65.63919577112
176.22035187916,-61.43091669233999
154.00949043496,30.571956971810003
349.802531,17.192536999999998
49.477483125110005,66.67148315846
178.86376792141,-61.48408142750001
48.90919967068,67.11054739975
296.20161705171,-14.886356273299999
295.9935,-14.990264
75.12807267589,-68.56851828145
16.34572677518,-73.9868819131
16.34723077775,-73.21200417533
16.343689709,-73.09843396974
177.04355492061,-59.96389966208999
0.47262499999999996,-15.419083333333333
76.63291234534,-68.02503323748
273.75594934204,-22.73285716475
353.60717606802,28.01861778156
168.26572435911,-58.04519246677
71.58230195928,-68.25082816825
9.636583333333332,48.224555555555554
16.45837523051,-72.18403310768
82.21793865679,-69.961356722
16.46331115137,-72.56263265883
93.34756397568002,-70.17793588416
164.13963742898,-57.1811797606
165.58404824129,-56.863014441740006
167.97623281049,-56.19197806989
178.477566,-58.973343
200.24069751331,-25.12516383251
80.52617016972,-72.49524192715
71.96325066912,-71.73473478793
82.20392568895,-72.52223327793
72.93663367558,-66.29919241225
89.87991834277,-67.69445643966
81.74632662917,-67.26250376174
80.37352720129,-65.4135263243
87.43807244201,-67.93360301269
73.67011178708,-66.91697597347
84.1839324861,-72.2419158603
81.38672592227,-70.10513373633
16.519415240499995,-73.31073659242
47.53492907740001,52.90671322179001
266.79502219825997,-69.4484059598
77.01224648102,-70.57379855427
85.3014840949,-71.47517202192
72.44088535189,-69.9736206894
74.18978213975,-70.66822196212
73.53226051832,-70.41112208537
288.54457186678,25.298955398589996
75.27156230269,-69.30029361779
73.74163708165,-67.7906627076
70.59981407314,-70.60526639321
75.8853947443,-69.30358118078
73.37064010757,-69.53218550244
75.82687879836,-69.35724706116
77.64566753108,-71.00080596795
77.55827731378666,-70.33750429630693
94.12652309656,-35.65228531924
75.75570132708,-70.57704591836
77.30764518819,-69.17310249491
79.07454942468,-67.99618622885
80.93099038572,-69.90542014031
163.71273154398,-60.25024955626
81.3914493441,-69.33209230484
82.28048983871,-71.58520090548
163.11552877771,-60.21036380100999
82.59207322397,-69.15598151892
82.74918862919,-70.15891547682
82.93083324979,-68.20908602594
150.73016666666666,-26.15361111111111
150.84545833333334,-26.16963888888889
150.76141666666666,-26.153166666666664
150.78508333333335,-26.15169444444444
150.79754166666666,-26.157111111111107
164.1869829252,-59.52841015943001
85.46985090815,-69.16644776218
87.07205688384,-69.7938196553
86.92450940069,-69.4471807119
87.55821292352,-71.15326495383
89.80565014675,-70.52917162283
87.35277130561,-69.67860090634
91.09477578662,-33.04383940145001
77.27465242006,-69.47644510204
31.664900683869995,56.85174707125
165.52204380969,-59.82445974873999
165.26657907347,-59.67034100932
78.68074385828,-68.81289155612998
78.71637726767,-70.65552703119
273.13902595323077,-22.47287201488
28.064702944600004,56.96734159898
0.5027916666666666,-15.357055555555556
80.75659505694,-69.99824054451
80.64391157483,-69.77486601486
284.41906516127,-56.64243990339
171.01770149473,-60.22614788527
81.06468870769,-71.42368742881
81.49185224321,-68.8119034556
74.43506421865,32.12466438627
69.77372449983,-69.51158366521
83.61997645612,-70.66983173039
73.23595429206,-71.33311682586
78.51048274671,-66.04899949208
156.80789513553,-56.23570168384
296.36957868736,-14.872914941799998
159.45224547164,-57.349632007809994
76.78091666666667,-70.80827777777777
7.448042472090001,-74.19423382241
39.72120530838,-34.822224300129996
282.92108024326,-30.060494755680004
283.91242088303,-29.932449045820004
83.73476641008,-68.04601961979002
162.52368409617,-55.62152973431
103.71419219138,-23.311302240219998
88.4507464153,-70.42388230703
82.76918852719,-69.372579612
84.65080066355,-70.01965745259
83.68242939112,-72.03835489647
93.32440730605,13.751580918430001
95.97262143372001,6.461626584620001
98.89642085872,2.58155503629
100.39130534368,-8.108031053239998
106.35362465613,-9.74606064477
296.26331785941,-14.70897055795
296.09284423353,-14.892200823809999
296.197479,-14.883656
296.248871,-14.764977
107.53272527122,-14.36073195836
107.54534605094,-21.44738738863
108.03201085345002,-10.277528961949999
108.54852573528,-10.46176560765
111.88448579524001,-26.605545326190004
113.17806020619,-24.655274851959998
113.33230533495001,-20.871785024779996
113.93873584316,-17.80187257423
28.0383998056,59.59851557911
115.05449034478002,-25.35026414149
115.25311175423003,-35.83297673306
115.86348462007001,-36.77570328437
119.17800416469,-25.99601203064
119.8511365659,-41.05437821799
80.09006658294,-66.60116649483
119.99604054935999,-38.20485001868
120.40289723076,-39.38132953573
120.77956641344001,-26.57528229571
121.55187483004002,-37.19906984882
121.77593861968002,-28.79447352616
122.08910366982,-35.47793255076
122.51044268912003,-33.14148069901
122.70368747963003,-32.86823204415
123.35181743212,-42.12278330668
159.65164375007,-53.40294537404
123.97862929994,-37.75106926624
124.22959111349999,-30.21991420699
124.45552659144,-36.77711633081
124.79419552673001,-38.69882952439001
124.8993287627,-36.15774450594001
75.1907126323,-68.78786618564
125.42192078318001,-34.95678639828999
126.47428335728002,-43.11728319199
353.61466077683,43.55036759646
126.92610852350998,-45.74586778616
129.01173409789,-34.12603933073999
129.17041931778,-35.57400829599
129.31770917406,-37.66265988195
129.34145214993,-34.5791931704
131.81453079647,-38.73734161698
76.55794485263,-69.5952605176
132.86132714902,-44.82215977668
106.50689228038,-23.52218393486
134.09995383262,-44.04189851878
89.6470530989,32.356467738949995
89.97484985716,24.8089732844
78.10812327801,-71.76720064497
107.96531665087,-22.39282076956
82.63566339992,-70.1098903956
87.22700998431,-68.69684804788
86.84416606335,-71.52161586503001
108.07231348059,-21.39104937933
105.23655614007001,-21.718197531270004
106.80490883342,-21.58305227694
106.90908833298002,-20.195224559620005
109.27784005606001,-21.44277629478
109.61358923313001,-21.07312592343
110.13435729627,-21.09841258439
110.39758202439002,-20.460126148380002
81.74284467514,-70.18537323456
112.30243985944,-19.46351642399
110.53419071581,-19.411209540980003
110.58429008493002,-19.339813015260003
108.01668802873002,-20.289756817530005
107.82839516285001,-20.15528120405
107.65104765364002,-19.974600023060002
107.15152601866001,-19.71941029206
107.62621725949002,-19.047950309750004
108.17141999946,-18.90569452209
10.467500000000001,41.48538888888889
9.60675,41.88686111111111
9.680187499999999,48.34113333333333
150.9620416666667,-26.175583333333336
254.25266891946998,-67.25170833084
82.8954578884,-69.56374326024
287.20817583653,-17.26541561639
73.22501783108,-68.0680382244
77.63441986902,-68.54820310817
104.63507481388001,-19.1664240384
80.27601424709,-71.86275553479
105.26650275007,-18.85990698844
29.64695443829,60.272315784019995
71.43191543638,-71.47680969315
296.48553698693996,-14.756836539519997
258.25073375865,-65.96940036868
95.91301325104,-27.065751466200002
276.74202207138,-12.32185869645
318.79170708684114,52.03834788571028
85.92940277715,-32.39131326658
19.304714894310003,33.50122377208
296.20939681336,-14.56924342207
22.425336461530005,58.89366126446
9.816166666666668,48.33561111111111
190.00397864531996,-66.91404957321
296.25789805457,-14.842684447589999
296.19424997245,-14.821997881850002
150.79212500000003,-26.156333333333333
164.28094323696,-62.328189083720005
76.69642729767,-62.63565851223
73.80365424232,-68.59510970815
74.37656270184,-69.74821158404
71.11058245372,-67.73214051415
203.51710823972996,-63.68364326609
203.54162136659997,-59.38556782012
106.35956075075,-16.15856700369
106.01951070673,-16.10623087935
107.29125323023,-14.9354849148
106.27428120857,-15.016089691269999
95.41767382773,-24.190509197829996
15.95608851327,-72.55476751438
21.93386864333,62.11111472482
19.13554583333333,33.458202777777785
9.921875,40.379444444444445
9.936250000000001,40.44336111111111
10.051291666666666,41.69602777777778
10.047083333333333,41.71869444444445
150.8092916666667,-26.15947222222222
150.81483333333333,-26.147972222222222
150.87654166666667,-26.206166666666665
20.682845981129997,62.05369237492
139.82173336673,-52.00779411612
140.04032604279,-52.48544407733
140.78524312644,-55.72900372685
140.93982760052,-53.87227327444
141.29062661096,-53.897119599970004
141.68950721208,-49.37373065793
141.75839296251,-52.43951717938
142.82039967613,-51.89039081594
143.73738211747,-50.40844442841
146.47273462488,-60.54625671986
146.76064910895,-49.72694670358
81.61206421628,-72.15025613907
81.0824839816,-72.14287134645
148.27794248481,-53.64818031885
77.36314150137,-66.20065523125
80.48196470708,-66.52980883894
148.60770276014,-58.636992610849994
148.75093099509,-54.56618210004
149.30961512118,-58.66958773758
149.58614683074,-61.18288642687
26.20156055535,61.92112121120999
150.3037645001,-54.0896420852
324.82613796965995,65.7776553551
150.54763550028,-46.93938080857
151.08168289574,-59.066640890980004
152.5519549466,-56.47009272732001
26.399581669480003,63.117413115880005
26.282377375050004,63.91731402781
15.096872918879999,-75.21461901703
155.14210535231,-59.15543859750999
155.43323851353,-58.276335422680006
156.0075025642,-60.874299935130004
73.53113968552,-69.63218431335
156.4075277357,-61.57512133069
156.53371608388,-56.91508640625
156.91203561506748,-59.82245540581388
77.17780636035,-68.28149941721
77.91645307865,-69.795290547
77.43725647191,-69.74534617539
76.59712499999999,-64.03591666666667
78.85699669159,-66.68872586638
80.64375697434,-69.83293446691
159.15129268531,-59.80512742893
159.30826310575873,-64.05841936938833
159.93439990024,-61.48893173386999
82.30363213937,-68.65117954188
160.59111880103,-58.69480236692
161.40325120426,-63.23314779495
85.71098704759,-69.50618531975
162.15550625333,-64.3611218084
88.72746359127,-71.49758211134998
162.69722814452,-57.89746159743999
162.9100362701629,-57.012154829747786
163.16184721617,-59.52742667966
163.46917297047,-55.93721719399
154.74518963334,-54.59412338827
164.44613712391,-62.32107288676
36.09270623215999,64.22916040998
165.31460630454,-59.08620894243
165.36594689102,-56.33401282503
33.17395935067,64.26656256795
277.52818225895,-56.98772722754
33.21767691548,64.64649419135
167.34538992949,-63.69052626028001
167.66345394534,-57.58597046429001
39.916874425989995,64.71554244965
37.8822180256,64.91559017256
43.514293421859996,66.00375437847
35.594431044290005,66.85786040235
169.1621528786,-65.84889871759
169.66049281597,-63.02133363443
259.92915480713,57.97762318836
170.16494345335,-60.72040082753999
100.43529890082002,-51.00581004932
171.85861180882958,-60.053538195805
28.013580981159997,66.21007039484
172.08170677906,-61.25103263244001
172.243155128,-55.51624599683
82.51185709855,-69.50274864483
25.235260518699995,65.56644584142
172.69188115821,-60.589614700249996
25.6448868675,66.03712203437
173.07809753967,-61.34280532991001
173.26352178759,-67.29623177953
173.55606139663,-66.80668635663
94.26085979998,-70.98339266046
174.51089759206,-60.799307278650005
174.55784749006,-59.197558424890005
174.68190801221,-60.87341448201
175.12879820458,-57.872447297600004
282.64325280231,-53.83839293787
176.61946997017,-60.82938974178
18.56575730562,61.93490901340999
177.20142349406,-63.62429665505001
177.33850385349,-60.11803166002001
17.863333306770002,63.22529776625
19.389602951139995,63.36806105387
178.03603986697,-61.89504892566
178.02132700547,-60.28897408676
172.35995572024,-69.30287201628
94.00025179448,-17.45748385876
179.53252624317,-64.24551325921
180.02581069669998,-61.7699030923
15.888391850840001,-72.95112849362
180.72756410719998,-64.04385653542
14.233858163959999,64.45033939295
270.18781878493,-55.93342754753
15.291856021500001,64.54580799534
181.74920928409998,-64.57600832492
18.64447096972,64.79797822587
182.27869552143997,-60.64209188534999
15.23249856957,67.34497367553
8.92123748139,64.15222144185
6.65541304651,64.56842419292
8.52832863119,66.52738135756
184.81736391904997,-64.38731433616
185.54255782791998,-60.404106255529996
3.4434680483399993,68.29170424233
10.0525032898,67.37096842414999
271.94357887901,-54.556143999359996
19.388516797680005,68.34095715256001
188.99100990879998,-65.01275718152
102.84650737537001,-16.24882829806
147.89993131937,-52.79169872023999
26.28633924741,71.32113338326
190.6936880987183,-65.06069466293528
149.37974105879,-51.69835216114
151.39926105908,-51.31914203151
191.50416098944203,-62.13616845872611
150.738,-26.15611111111111
149.54742300414,-50.95618708963
192.27178451924,-67.77602647892
280.7716519446,-51.7574824059
80.75933891309,-67.91411966898
82.37154410966,-66.81200348964
193.49438045795998,-64.15457022826
194.31579639243998,-69.03096605136001
147.01452096992,-49.79063040268
195.02801426793,-67.30604072323
150.16816618737,-48.94164695506
35.73568413485,73.67065408676
106.86934164721002,-18.240349264000002
106.05593479106001,-18.02341795076
106.4415232725,-17.380687315119996
108.67558527393,-17.428037770989995
199.57992573748996,-63.88312730929
200.68306761729997,-65.73947166247
147.75096914931,-44.14213087070999
202.66468533371997,-65.83776205171
132.29018839089,-43.6816075159
215.78344490724996,-63.68591371214
104.61116286908,-14.63278467794
9.751758,48.324229
102.98922885988,-14.867354542290006
133.08520866515,-40.73481721641001
218.93064081026998,-61.342822703630006
129.20731831796,-41.65844267537
97.3862801454,-14.04472143775
220.80753574513997,-57.14596348606
5.140499999999999,59.30733333333333
129.9305094106,-40.24714417266
130.25181268514,-39.23387844388001
131.01258405851,-37.74542572315999
122.47175720658,-41.46174572238
120.92386291961,-41.58160006329
120.74644296111,-40.94160183205
119.32957689729001,-39.75519614776
118.63654093380002,-38.804047177
118.89083886508,-36.58212608202
223.09914074114,-62.071976157310004
123.92742099597999,-40.969125915430006
101.56462835278,-12.88125904148
125.8987724279,-38.95523859508
102.97260772806,-12.38004144002
125.29196348701,-36.528130144049996
124.74749280497001,-34.84393626619
125.74705413083,-33.84444397574
305.06871998741,-49.81737158746
122.87699147060998,-36.27117660836
122.3623033205,-35.50136606811
118.68896426106001,-36.16949976085
121.49759642722003,-34.68580739503
99.26479008544001,-12.095465753019997
122.5571828249,-33.93987992536001
122.20778061271,-32.89314663605
124.03414663945001,-31.2077835975
123.53109329486001,-31.00758283117
79.21918597505,-70.01107285898
79.94498620624,-70.39333344077
99.84261048019002,-32.54595722327001
82.84043653042,-70.96675502074
136.98385371676,4.940368549009999
83.03499105753,-69.71569481917
135.67618274833,5.08418533498
116.03274342738003,-35.66829536146
92.84746555639,-69.28158635021
140.43125484985,-44.53047946566001
10.000083333333333,41.737833333333334
10.064041666666666,41.718555555555554
10.128333333333332,41.69736111111111
10.283541666666666,41.60627777777778
10.01925,40.392833333333336
10.255416666666667,41.65213888888889
10.135666666666665,41.724111111111114
9.18025,39.968583333333335
10.032662,41.659321
9.931125,41.83730555555556
150.8121666666667,-26.17238888888889
10.354125000000002,41.64372222222222
142.21499454565,-40.75672269352
145.20524176923,-40.22990264198
206.96527174540998,-63.42942216739
134.57915363427,6.871994659749999
80.14823089935,-23.32062900248
207.23329926107996,-63.26273130925999
93.8614352281,-65.12900562307
90.49863376632,-65.19203517601
90.92083550425,-65.13178603766
92.11321125828,-65.01117926251
91.03574712841,-64.86977438054
50.15207995448999,8.55041973375
96.621446962,-62.994900083500006
78.81230966486,-20.08283542069
94.64070870896,-63.19386135818
90.00633628407,-62.20269634947001
208.91648323188997,-58.26526627964
140.33838768495,8.877889907989998
144.72711051435,9.183972767580002
16.70328909067,-74.49120491895
211.02005806838,-61.03061432076
127.88210843368,-47.602768611470005
211.13693094964998,-59.689363334620005
143.09806539691,11.76754680527
141.09767304868,11.751085855779998
129.87198785559,-46.98788093927
130.45849746686,7.438697533759998
127.61674340617002,-46.42656490438001
129.51842182256,-45.82028319782
127.59192168447,6.9211710342999995
127.85768930858002,7.195124700100002
129.93924313883,-44.64984395594
128.73504331566,8.58501460306
129.72998455183,-44.39914201491
5.071625,59.31947222222223
126.96808430578,-46.03922360221
104.56618630329001,-15.88721986128
129.90365276109,-43.99913504111
128.76190485971,-43.77899020362
111.48981103623,-26.98935103936
277.78853942624,-48.78293008214
150.83608333333336,-26.167416666666668
125.34797374609,-44.38970523486
108.81613277613,-24.10481605657
110.33047503873,-23.89797115048
113.47602122466,-22.44432228516
133.14398607652,10.58500103227
132.13092654736,-37.51468324657
270.70734879624,-48.66736257272
3.8481113547200003,-73.3932922825
10.638489109959998,-72.02842115674
10.77836937128,-72.40045796885
128.43465375335,-33.96394484435
73.45926749672,-21.0757307809
171.94652338511,-59.31245750236
278.30570970327,-46.16396343040999
150.96016666666668,-26.285611111111113
206.58450392693,-63.748012876909996
10.127875,41.74391666666667
10.066458333333332,41.65783333333333
10.070041666666667,41.72277777777778
10.260416666666666,41.54313888888889
9.664791666666666,41.8125
150.79129166666667,-26.17152777777778
150.96379166666668,-26.158833333333334
75.14386488558,-17.839254998399998
14.381682345519996,-73.60315995445
69.42536897649,-20.47727853505
71.54539526534,-18.694342069170002
126.99055002438,9.16059479967
264.08040984722,-34.60855551267
261.4805112077199,-32.42187266019
118.40604818585,-23.248241747039998
130.6410026734,-47.20702916639
115.31707862920003,-21.17805701823
127.37092092473,10.77337031065
264.62942469256,-28.753780685780008
296.19766666666675,-14.763194444444444
117.0923461804,-18.392584636419997
77.69588318192,-16.010943158889997
73.52069986439,-69.86967280023
75.07255298506,-68.42188156945
17.051670833333333,-72.88771111111112
82.75563428761875,-69.89580831528723
82.80486687481,-69.42315860596
84.90444265985542,-70.16374756318778
84.84576073913,-72.3296327007
75.48338577689,-70.45493473052
297.3880082652,-36.97704818407001
91.43211226462,-69.45920408264
76.48191819614,-67.36944102863
79.25557591157,-68.23409611794
12.59950365986,-74.12234380449
3.53859661534,-72.49896326456
80.734670339,-70.50369021256
5.443210546270001,-72.87247898864
81.33129166666667,-71.06741666666666
4.415330776819999,-76.19960927509
21.76017839468,-77.35685758333
22.22748934032,-73.6187896933
22.001376659000005,-70.18164071575
19.924222806420005,-71.38141862881
21.009916081490005,-71.25128228197
21.327488085620008,-74.36994456226
16.66614815381,-72.96237987902
82.99604966256,-70.04740506731
83.5874616499,-70.1045777798
276.806477326,-45.411413952649994
56.89506259687,60.25117432387001
69.67013746174,47.20246375018
93.28019244386,-16.41251188409
93.64970670953,-15.019443995009999
245.21013132198996,-48.11479199106
88.66547928416,-14.78300009676
150.96333333333334,-26.154083333333332
10.461500000000001,41.476444444444446
10.065125,41.83438888888889
8.89,39.37572222222222
10.41125,41.513194444444444
8.78175,39.20558333333334
10.448666666666668,41.513305555555554
10.486416666666667,41.55344444444444
231.65796501277,-53.58305148761
83.16712502502,-71.97373386979
84.06041007171,-67.6605456118
79.56703192129,-67.07792236453
82.92384088488,-67.25437971165
85.5487129459,-66.81616103836
96.77485419517001,-11.363460990870001
97.00266366605,-10.95350768439
5.60441024906,-70.58080822308
240.02401803467995,-68.66051716116
71.49776134032,-70.89107900825
70.27568816591,-71.47042411697
72.79774186948,-71.00024503256
70.67459873673,-70.76067929711
72.74205087527,-66.06081158168
83.9136977976,-64.98095064819
84.71489675408,-64.92613424077
87.05291264709,-64.95925672296
75.48154166066,-64.92222381609
86.43593182974,-64.3339551803
117.87491304109002,-35.32884367751
117.50647060109,-34.09075456726
119.56838405410002,-33.80643351943
119.21665735554001,-33.08173521653
119.56262716868001,-32.72074451886
119.46597897584,-32.02203320693
117.89683866257,-32.02574431562
120.62677168944002,-30.966410781920008
121.38483988193,-30.204171775909998
120.75777344160001,-28.03838601534
114.26204854189001,-31.13238644918001
115.29878134438002,-31.215694142540002
114.82005014512004,-30.781208668049995
117.07406969014998,-30.299284562969994
116.95109541421,-29.89533799133999
113.80638452465001,-28.95119282738
119.11481293430002,-27.50791389326
119.66294582457,-26.56033690986
90.46939445116,-73.37713403021
119.35576511410001,-26.30239794971
92.32256051215,-68.23284671477
94.2027867528,-67.89340926309
108.69659513722,-29.27078742242
132.81522463135,-48.92411158599
296.13465387144,-14.676955679410002
112.76988457042,-28.23026543975
77.20835788362,-73.28801232332
68.71126314106,-72.02493907847
70.93282241663,-71.43877491885
74.9035984629,-72.88586313557
70.68024183971,-72.34761556539
76.90609791858,-72.43391009513
76.27462302631,-71.68884435876
76.91342246865,-66.21589785399
76.91673016435,-64.8789360385
7.1238862449700004,-71.51086806712
84.92760751227,-8.152393509870002
9.74100631244,-71.53050326055
9.09002071273,-69.24925276095
9.85374984053,-72.7226657616
16.0097621869,-73.31728723923
11.554504398289998,-76.31050437788
11.102092047159998,-75.75576129848
11.41165234675,-71.18177647225
11.37732288608,-68.56051852639
11.17154690194,-71.62336538163
11.624981233110002,-69.62324978397
11.075002080750002,-71.69496830257
10.05623104123,67.01813458016
281.24399396160993,-37.94771677784
10.860998052169998,-74.1319846196
10.147884251110002,-74.18893745321
10.033611812480002,-71.52080777215
10.24022161195,-70.95376447638
10.18426180502,-71.76434435398
10.677633468729999,-75.22220153507
12.064002674800001,-75.98951004543
12.866698349810003,-74.04235204763
12.007822280579996,-74.16791344869
12.54216719767,-75.25762462126
13.54697355752,-70.15205018496
12.318258798990001,-70.88415340901
12.50536841011,-71.51892307785
12.775628753639998,-71.30138896859
12.79349717561,-70.42928329632
15.54558213822,-71.27272677392
14.878708092010001,-73.14410110218
239.93411748146997,-60.64136772315
90.38545335482,20.19756320041
134.8818411813,-40.67062855354
280.04586985353,-43.66316084168
133.64094319555,14.13267668296
139.52698005879,-53.61038826366
145.52434665483,-51.22161139952999
203.33954310431997,-65.58536529214
207.46155288916998,-62.037752938859995
183.70410086413997,-61.785997280310006
205.04353073235998,-60.9071622313
251.14180669507,-45.09598126018
237.3787544229,-60.31668431412999
223.43072031520998,-13.21816514445
132.76396886367,15.58514666234
235.86764296783,-59.79949860260001
266.27881043796,-26.891410365250003
280.1628156349,1.95219527622
91.549132832,-8.5056755629
285.36828438105,-30.202984972
92.16780188882,-8.049304291689998
300.84136491636,32.1623670849
324.10549609631,51.01254358068
330.32260148198,54.54259094937
1.6628580780899997,-73.86164797064
2.4907216998499995,-74.27475998824
2.2818515060299998,-70.83176574854
2.4093500206799994,-74.68076419267
0.93460282323,-71.29230619916
93.40315133301,-7.2591782687899995
145.54063011729,10.8184432397
254.38511846680998,-46.62975478971
95.08064175385,-6.5960952316200006
95.53091150982,-6.007389108239999
272.50872707094,-45.399127297149995
255.02013496672998,-50.73267755727001
145.3249645878,12.46404907942
270.17139626875,-46.26015165909
272.89028609299,-44.14038795687
279.36579633442,-41.97561561135999
279.72057399871994,-40.18735039454
4.01777792406,-73.0318655399
0.4693333333333333,-15.516694444444443
274.76484877918995,-41.95254132066
7.74119848429,-72.32336877721
73.08896959165,-69.14167764345
71.98368202203,-66.62754773162
72.69883571312,-70.35537954445
5.118416666666666,59.32205555555556
142.87696975963,15.00141732747
9.12693296035,-73.97322984225
270.23252257506994,-41.79237551829
80.06682051152,-69.80286005982
80.77449929629,-69.10393795922
146.60262143156,16.17796419233
81.1160179751,-10.6565565338
276.82224743172,-39.22523259823999
72.88230883914,-73.89425734317
276.17857758385,-39.04341358586999
74.24956813025,-74.47989153091
73.80836774898,-72.46999348318
73.35767065624,-73.83912921601
78.39778732928,-64.31636177891
66.28328825205,-30.93508512705
255.64990556133,-41.15900949253
75.10542309561,-69.42623629122
85.26038922892,68.79862004193
15.075554439049998,-73.36620271593
78.49713271488791,-70.13161751842443
81.56769619972,-71.30584129901
82.57709155747,-69.45725198717
294.51653848283,27.845796943110003
14.245467862809999,-70.21053223072
15.26461772757,-69.67495534383
15.666414937089998,-70.77453631654
17.466271370199998,-73.66418848702
18.596032876639995,-70.96076071148
18.63313135241,-72.0794222889
18.698616038300003,-74.44826793061
17.223072821630005,-75.32866737835
17.7357608958,-73.99291902648
18.334299486829998,-73.33728087009
18.10004838797,-72.57732681719
17.753159933499997,-74.01583109998
17.47618003919,-73.7987610996
131.88527644524,-39.64422770053001
17.55219447372,-71.93076751351
157.50253407574,-57.82773408895
161.4359792248,-60.083987218649995
156.03315342535,-60.279531241280004
234.22839659407998,-55.78998716019999
247.35106979147,-45.93649137058
20.63764781408,-75.04799835238
19.015007533390005,-75.53258081089
20.99705603164,-71.48119327695
20.824156446940005,-70.92681355568
19.14302749427,-74.37999885428
85.88704115923,-67.18004424536
19.863120551969995,-74.26022056535
71.40645458562,-69.22808770081
28.578734473639997,69.91207536384
68.63704310672,-70.59431632293
57.65257326697002,57.03653693924001
276.7812136017079,-8.21955558892139
77.90418465692,-68.86157952131
77.54415825249,-66.71080927639
82.918957259,-66.08981002147
78.5808111758,-68.70480036209
159.59947254623,-57.454699991389994
80.05813039036,-68.53607941673
245.36474904471004,-54.15526089819999
143.16893057371,-47.48589460011
243.22252604806,-50.73952749549
250.87230802744998,-46.52644531237
80.23953074937,-65.85001498532
82.46435982505,-71.5780813201
82.38777720724,-69.81830077767
86.29497255146876,-70.61459544489111
91.3935203235,-71.13570802654
79.90297159632,-71.23381911796
279.60421087433,-9.816946715370001
130.27865763815,-43.2507179906
75.84906192925,-68.61899702813
77.50266017268,-71.79851021229
90.10315322882,-67.41970184926
279.46577779987,-34.00713559513
82.59937548779,-72.01336938502
152.08600603862,12.31012794197
281.1591363489,-34.24415158269
283.8879236015,-32.67038314358
136.23938254969,-42.11773844076001
282.51450490962,-31.547421680379998
160.58465391251,-61.95536940677999
279.6118339169,-33.3789026489
60.483722946789996,-64.5778342796
62.13492988022,-66.9723786221
60.08892608309,-70.86813708468
23.212703387819996,-73.50079796501
26.0631923062,-75.67189279717
27.279705832059996,-73.65624046175
32.0759550354,-75.89733246629
29.598439353019995,-75.16601372103
281.66301618558,-30.764641651000005
81.97603387416,-70.04249782593
82.56519723481,-68.87516963129
82.08713450622,-69.55464382701
82.45828789086,-69.29498814078
82.71422661971,-70.05378916346
93.86286868348002,-5.444128353610001
294.39225026581,-35.5438046062
294.29108469342,-35.50418053929
93.16992365056,-4.71481252374
295.71177658575,-33.57591318052
91.78060988322,-4.59375828602
290.85257725597,-34.0041704039
294.29112063117,-33.37166132419
136.44316770954,20.41059284699
81.95454306008,-72.38037978202
86.06952263926,-69.63887354861
152.10337600751,12.32412765522
71.92651491197,-73.60725077806
65.3386283481,-76.58226891875
70.7258126265,-74.50027584946
76.32404090082,-74.80902024612
76.48037989597,-72.25346926739
75.55898880032,-72.17058155914
9.762958333333334,48.352000000000004
65.23670358916,-70.45236140238
69.94527169461,-70.77885715855
74.16750269031,-70.40056807608
297.95638316264,-31.416885447690007
297.2110302999299,-30.97551985225
64.53104136199,-70.16813906022
66.30959928676,-70.21698144194
69.65023819343,-69.57267039051
66.7225012432,-69.03380012083
246.19349436704996,-50.06444900001
295.36898284094,-32.56060687590999
65.53331309256,-68.12949917157
65.71825622485,-68.21263055811
128.13666399999997,-33.420513
132.1822430215,-45.897160224000004
72.18685964371,-67.6755930227
68.63422754655,-67.43899293519
69.93029505168,-66.07645268022
72.26188440854,-66.05295031315
69.87532881571,-66.39775314403
75.75943235013,-62.43119338943
76.18651863394,-65.52192800434
67.86438569119,-66.30764606633
75.81996951775,-64.00116144785
78.42546870022,-65.80932880919
86.23423964531,-64.47404288052
8.613530796439997,-73.75673060197
6.342186776289999,-74.22205165876
8.05041060654,-69.89349761034
8.68947294247,-70.77648034914
6.08455845135,-73.4188669985
6.42717562408,-70.81682344355
7.018673342169998,-72.79520234632
8.156337933739998,-74.38435111903
6.05983505379,-74.14998873168
8.78141839409,-73.2158169498
6.677609883259999,-74.19363273781
8.62511353422,-74.37796938032
7.98790963308,-73.30960020802
7.6587148876399995,-73.44436457951
123.94445178683002,9.99801313942
7.3348452878499995,-73.85310986923
123.40950222573,11.38922761809
189.53080128993,-65.49739249587
168.65704273657,-64.77358936568
182.96058118567,-64.66087263703
183.99383609989997,-64.3437099384
83.82508674839,-72.00823534282
7.819893933999999,-73.94681637424
9.260873885729998,-74.04521879217
9.063378649362916,-73.03420179815555
8.949620376149998,-73.03707274977
127.58844134063,15.722126969200001
123.55609243165001,14.670212546829998
296.17274812265,-14.92288383033
113.61153769394,-16.05906088587
11.623748855370001,-74.17085964206
11.74481900456,-73.05577285078
11.92808498697,-73.1217680764
11.77008502275,-73.09578896215
11.941916668050002,-72.95486683856
111.71518491225,-17.31083641077
12.15697422487,-73.98123121975
12.286321841239998,-73.9685967179
12.184620095829999,-73.35619627205
12.357452277820002,-72.9743858766
12.552445379880002,-72.56172726377
12.5275572389,-72.26350778654
12.34489292542,-72.23035135309
4.9755,59.27713888888889
5.088416666666667,59.37027777777778
5.112291666666667,59.312694444444446
5.134375,59.40533333333333
5.140833333333333,59.39002777777778
5.1710416666666665,59.19188888888888
110.86571990092,-16.951689884649998
12.783908482739998,-73.2284908316
12.95591355102,-73.73494481864
12.87169357975,-72.40321926407
110.0588216665,-16.889489875470005
13.786369095640003,-72.67361331813
13.389602415030001,-73.72076000884
13.266554147129996,-72.27151102252
13.89634753742,-72.14950689684
92.31948023361,-66.11271709137
93.83365968796,-69.40523743962
90.32847128147,-65.15913049734
90.58438047148,-65.31385405477
108.83871880133002,-22.40207572318
13.970884417870002,-73.85284415047
13.94774790325,-73.24102701356
14.022195789279998,-73.32641500138
15.065800409779996,-71.52593174526
15.019839667899996,-72.46847050801
77.9441331927,-66.7799597492
98.56398133995,5.40100235949
15.727484908610002,-74.21384972073
16.05195372324,-72.87550873675
16.161746721080004,-73.74565005113
16.87908116747,-73.90542485955
16.75493304078,-71.75597066201
16.7093257255,-71.73503516223
296.21900990725,-14.802627732969997
296.31188690436,-14.728756322339997
130.74915661477,22.958272148269998
282.93456114767,-2.29210181828
119.62829424782002,16.068347924070004
0.4772083333333333,-15.392027777777777
128.95305299271,-47.35167769668001
122.08221625244,-40.319966321449996
116.93052273259002,17.55057081241
147.32235821656,-60.459316066430006
143.78479903707,-55.53471899131
119.99034382826,18.88340961373
207.66943261764,-67.12788117166
130.33705329083,-49.30241212129
142.92552986193,-48.22728099849001
136.33636859332,-47.799546850329996
133.47820429158,-47.25757260609
141.48608083736,-47.66773652173999
143.44362054623,-47.51072773564
119.71642043421001,20.50028453843
131.66888477817,-44.132305230360004
114.90080184801998,18.786732579639995
78.34861935481,-65.37027427354
267.45683275487,-27.474623995969996
0.48412499999999997,-15.468083333333333
151.17762909789,-54.88469743627
150.14173858653,-58.75966973128
85.9897240839,-70.89619224569
74.50012935537,-69.04734493437
90.74108753295,-3.6247449565300007
79.91004963496,-71.24120711067
84.27616185154,-69.90322823182
85.44631821728,-72.44959139969
86.11834802211,-71.44096368152
48.485066803029994,62.93414674852999
107.02410822493,-25.68450392688
5.82505403922,-70.61304419595
5.36347336137,-74.04456255682
4.160638090090001,-74.06466281582
4.67364892504,-74.35868315035
4.5487596867499995,-76.67407979385
3.2270457371500005,-71.41731920199
4.29286244376,-72.67052256863
88.53984052517,-2.7441217350400002
88.36415678199,-2.74446175855
89.02930049234,-1.6425614080500004
0.5087916666666666,-15.474722222222223
178.36527373805,-21.097288514180004
171.92940153852,-14.225546326069999
79.06151970125,-71.62247003741
248.14550821742,-45.17044133684
189.76911866767,-3.90693878564
83.92379399499,-69.98956844317
88.85637217604,-68.94890294823
92.64817785686,-71.52127690933
77.92947659654,-75.00048320507
0.4925416666666667,-15.505444444444445
116.64925597137,-15.009158044969999
74.43613588525,-69.69897052242
81.45630514038,-70.75234921063
88.52861104696,-70.55469397975
205.99219679707,-66.01505865406
77.98243566444,-65.32242954702
81.65065091802,-72.78253487888
77.99428389319,-64.71634981635
84.01499363917,-72.65840848882
79.61389309025,-66.04490601658
82.51818958614,-66.32001338675
78.00066232283,-64.60077488213
69.36159608331,-70.07047850834
78.01377037779,-72.21863911593
71.88002046577,-67.66629930067998
73.79673919243,-70.38465327252
75.91855301818,-70.81109194838
75.42822907894,-71.01555944024
75.49577442222,-67.99408939231
75.19893916894833,-68.42248986884611
76.45446554437,-69.22976362448
75.80443790567,-68.12910238241
78.05536117948,-65.11069493369
78.08358809297,-74.10972150835
77.46201643476,-71.05880949648
77.25855268033,-69.47038821261
113.85515643422002,-15.108991906699998
78.24764632368,-68.3964411354
15.219259945530004,-72.67786532598
78.57538146981,-68.54679794085
79.97468707242207,-69.4674461443836
152.05366752167,12.327194195659999
78.89734671896,-71.26823256251
78.11070224084,-70.87077658511
79.71279655597084,-68.80592290580638
72.3270557158,-69.8873417213
79.86982350971,-71.63463147065
80.85410127597,-71.74599295558
120.31041137475002,26.049256646060005
86.66892795317,-69.0486253978
78.16448810489,-62.584406042939996
84.08213208468665,-68.52457788112945
82.92811748291,-69.96289804953
83.68045279579,-71.7112261177
86.61893081919,-71.73509035817
88.95729011038,-70.57086164293
91.94700093362,-72.38613719239
80.20527730261,-69.04929063854
76.70756353533,-66.41330813798
78.19428656388,-65.4046839235
78.21806028067,-72.52096302531
78.25621981007,-72.61039393522
124.07206751561,27.950285874100004
78.26470971274,-71.70331165929
315.99332299134994,22.089048621300005
78.29924706481,-64.85063343506
245.63367431447,-53.82099097441
136.80029735938,21.14765248276
9.687504166666665,48.34826944444445
9.754166666666668,48.30386111111111
9.753891666666668,48.36355833333334
8.056708333333333,48.44944444444444
115.39654327204,-12.31186670318
138.45663868434,25.03443654429
109.65397707635002,-16.23468439576
139.39995174749,25.769950798479996
204.81154690159997,-63.72049655543
110.43065906336,-15.590973732350001
213.82570194887998,-60.94493370961
216.61702134724,-60.036375506519995
217.46740127036,-58.31047367448
215.68079729553997,-57.87779934298
227.66625638314,-55.22960933837
74.2335787439,-66.62952225594
226.54831164303997,-54.47636011123001
228.51696493690997,-52.91379619951
296.29039436681,-14.774568143230002
78.46907155155,-63.933469024199994
79.42388297403,-68.33994374444
78.47510413465,-74.12086881733
78.49180726536,-64.50313321972
110.95862344719,-15.554174065409999
77.76864324013,-73.38924944011
181.42541235984996,-62.92085575725001
163.20969096307,-62.32920000794001
77.78450438287,-74.79586221263
175.22793659137,-61.73694640919
179.43696422514,-62.09429110333
166.08953127887,-52.42753530603
110.30707010137,-14.737934090989999
110.7847604512,-14.270816981149999
63.653911766019995,42.38011318326
72.08206900972,-72.42371302325
89.15048461196,-67.84387699784
79.03771270362,-66.3050021315
77.87471166615,-73.44639585915
77.89858068921,-75.78225417995
167.34300297680542,-65.69446886663778
338.0522,60.10114722222222
118.71062597835999,-10.63884615722
13.43646126444,-73.5527167615
196.67982827237,-66.74908931025
108.41107832964002,-15.534516371349998
142.59432266368,27.16933607541
119.82961976511004,-38.60263512798
108.14988719098001,-15.00300487022
196.33091850453997,-61.86552464502
109.10416629366001,-14.801268717480001
108.98079101737,-14.75091863736
109.21859733925001,-14.56631264534
108.81508496331,-14.558079392890003
197.63223546925997,-66.91776888892
84.74992758076,-70.61898198449
108.37499831282,-14.3344915731
108.22032846185,-14.0470468875
192.88184522676997,-66.97363478195
193.96029089959,-66.79534567027
39.73748219265,-34.77612123641
40.08312169394,-34.55271707423999
77.15303305668,-64.22612017873
142.82387663201,29.29094805618
192.7505238621,-66.7159412546
9.025984187780002,-55.82449959602
108.95232849486001,-13.46532466098
247.35722867730996,-51.87686011705
108.87402902443,-12.86628109938
20.50279843339,-58.31545293867
296.289246,-14.965583
25.142114184539995,-18.947644188319998
296.34673253947,-14.85538305417
296.47915397311,-14.88314531245
296.17008552381,-14.696520951720002
296.3517752455799,-14.830030899810001
263.65352605128993,-34.14251939993
296.15227535766,-14.788423127530002
263.92960081531,-33.68038196193
296.27411642361,-14.800197431509996
303.0900359569699,42.64642116924
112.72921076974,-13.72711444716
49.3424295563,-1.5434738914400004
65.33241565535,-51.22144548248001
68.52788294236,-31.369695149709997
84.11692052532,-72.31652894597
79.51141423285,-66.89479534715
80.19909787936,-65.54266678254
87.30154864409,-68.06600656762
88.89890052835,-68.20927227318
77.30254026773,-66.51129551358
152.12928150579,12.28543947422
71.65354458576,-66.82792030565
73.06245165668,-68.38135959529
76.24254117158,-67.84226100528
191.91348002353996,-30.887794872260002
79.53267840853,-68.89885269423
78.52584929337,-69.43781152752
80.16623705584,-71.12921464858
77.47826550416,-65.28686622137
81.91718841458,-69.17377264096001
290.09811052787995,9.65171372909
77.51063680096,-73.32536194233
93.38863412767,-72.722764844
204.68644247416998,1.45522517761
205.60232224331997,-30.521452678169993
140.05907023223,30.709222883610003
288.60343418393,18.59835183512
111.14303518001002,-13.14467978033
111.01446952489,-12.874458866269997
77.57133333333334,-68.55758333333333
77.59131084428,-74.92781250458
78.64467262256,-74.44905382217
75.0923970175,-66.49107589058
303.0336368323,-60.19379302332
302.34893427107,52.813340127340005
112.47209690740002,-11.98393948366
40.06512100159001,-34.567490025009995
39.97451060075999,-34.734110009220004
73.37488506504,-69.24722295786
69.44320351767,-69.59527604139
75.41540833333333,-69.87266388888888
75.70349634679,-69.62806453381
140.49348422363,34.62236488524
155.10737865785,-59.223046408
154.17991945108,-59.580989124860004
111.73625815097002,-11.22907949222
81.27274166666668,-69.90946111111111
77.69555276298,-65.29735235218
85.41483333333333,-70.53780555555555
156.24597932146,-62.56022872659
156.92212563076,-60.21142401575
87.09715014007,-70.21291095761
87.11746391347,-69.03609082423
86.76597746721,-71.75601085648
112.79632833376,-10.222126517459998
356.85493683522,-59.486080084310004
78.91847116865,-74.49982573418
78.95511305504,-65.91906485823
117.54677027682,-13.558455035659998
13.193795631419999,-72.21743235215
78.52487702375,-72.55288628658
89.08084993068,-69.99710385374
85.35577412232,-66.33861562099
88.71411863466,-67.72212943975
258.42124190696,-35.92254605803
78.57000107137,-73.11834786005
9.728916666666667,48.33477777777778
133.35072869681,28.74607000935999
116.90623470824998,-11.95290353938
247.55254504575998,-53.48073822297
296.11860596586,-14.898743513539998
296.48086000408,-14.801972525090003
196.70886150006996,-21.03608015557
226.10956686447997,-15.1998746673
218.16905199832996,-14.41823811326
118.32012748674998,-11.49199131494
79.6362354492,-62.98076572876
16.640708333333336,44.81216666666666
8.475416666666668,48.64941666666667
3.0235236138500006,-73.57267868128
5.20117316902,-74.16866198474
4.06947574551,-73.61036789185
3.989212377589999,-74.41345993622
5.69262777995,-74.51516717725
4.27432630757,-73.5730648847
5.57464402092,-73.57847259482
5.153577440280001,-73.1043174701
8.0176260685,-73.0570309939
7.878945833333331,-73.14055
79.65316368499,-71.88752246895
9.79701281332,-72.84189489454
12.86989793081,-74.72831495654
12.653928338419998,-75.36340929663
13.981407944520003,-76.90018326512
259.0205761226,-34.66787039906
114.75976857861001,29.03645214628
14.33147103074,-74.80696354919
6.696801007399999,-72.27618315372
12.81540509284,-72.49537914403
17.7216986752,-72.24612238636
15.95407795653,-73.9015981861
14.11485906388,-74.77984461988
14.47414930522,-73.6645005734
18.09310983225,-71.95925278104
79.6534459378,-75.51084371661
21.71064322774,-73.06061025676
24.347420726889997,-72.41127403844
24.78240270251,-73.32858528923
27.066468759979998,-75.10347020452
28.0808615423,-74.7292363219
28.849195849799997,-74.89662636529
79.70378230141,-63.692424665509996
183.47663854437997,-73.58901420363
96.85222410137001,13.03434051414
213.40042732325998,-61.36525124787
186.25701570876998,-66.75133744658
17.24543877347,-73.27697970131
121.56026826064,-9.71548595369
189.85495820068996,-65.4823767141
79.04798896332,-66.70964310325
129.25084620931,30.197373228740002
267.96413808029,-61.25568950542001
184.75619682522998,-65.92797860487
181.04685953577996,-66.70194477956
120.91661031393,-8.452255071569999
79.096087077,-73.04070451824
127.15475265496998,33.20882383399
79.10544003758,-73.53327641092
79.10850332497,-70.00547029415
79.1341832294,-64.73243135382
324.72700783198997,46.766230663330006
84.59267947029,-68.45542337511
358.43464280984,-73.04175004017
79.17332289474,-66.17409008459
79.17768828995,-64.26744789033
79.18023067228,-64.3436937778
112.93375993569002,-9.466901802930002
114.07286486883,-9.31555003013
79.28793130936,-72.50184417607
79.30094497472,-64.97949841033
79.30434708562,-68.45898732615
116.60913090444001,-8.32218356737
139.6520292238,36.64634956381
187.93426602514,-64.36645799739
79.33968736796,-63.80398290806
79.34183333333334,-69.668
79.35130211248,-64.2442296475
79.36642174684,-65.03863232155
79.38265001976,-73.12501059804
199.25397809837,-65.4242759095
79.38520761005,-74.68208134018
0.5105,-15.43613888888889
79.39732045389,-63.04463610744
79.40497389771,-64.49072334505
16.63279486353,-72.97035506949
79.43104170208,-63.97598971494
75.25216908125,-69.23199956875
9.43849851526,-73.7620827292
9.519435031790001,-73.08859092516
10.45738635758,-72.03046223353
76.73363461999,-68.68912246272
10.771590919350002,-73.46468970723
10.76835956635,-72.07141115708
11.035232711719999,-72.91408737113
11.38228652889,-72.32641253707
11.60111943629,-72.25138105076
13.10821246131,-72.31902709495
134.75856007967,35.93687492538
17.82801000867,-73.6765704806
17.826862071950003,-72.40512018638
79.47205528347,-72.02340085733
19.39342934644,-69.7937751481
20.994412175569998,-68.91533084957
18.610340961840002,-68.15451696166
79.4791343968,-64.98709640787
120.13165111517999,-7.37647837644
197.49828607342997,-64.7499712161
79.52366436258,-64.40484265092
106.88713934724,-14.407269190220003
106.79089034681002,-13.795464527079998
27.63130558913,-71.99137646896
104.12301101666,-10.72128806747
104.11821124539,-10.66605839363
103.8272268606,-10.39576459641
106.20720907825002,-9.58999695602
199.37031513502998,-62.83929763175001
127.77331467334001,-38.63630206305
105.31352777412002,-9.302061086650001
105.73950097067001,-8.634245695590002
106.84219987498001,-13.68526764715
107.71225001128002,-13.638196904569998
70.48878258259,-69.10490142883
71.03751741024,-69.81175183831
76.73715842945,-66.71374338818
11.58836372341,-74.46916090132
172.29174200873,-61.17797574871
23.723082639839998,-73.3110142821
81.00393338821,-64.30927751844
29.821716746409997,-76.04448117317
17.979493716639997,-71.02290033259
13.68754654711,-74.18618131025
10.05466372701,-69.37228974054
14.275797179800001,-75.04428023307
85.81250099057,-68.93817643418
81.26796149944,-64.7978901214
81.274569879,-64.50335382724
85.89437832939,-71.06384666445
87.69800096122,-71.06272209342
87.32246085621,-69.94265445358
81.01163233411,-63.62468852394
81.01534511425,-67.40390259356
81.07010485046,-65.61951548855
81.04447309724,-68.17697189341
79.71732180921,-73.54826781569
102.64677804318,25.63658777569
79.74090279532,-72.74720752797
156.71310565109,22.348429985619997
107.37706274522,-11.691262673999999
108.67752691819,-11.40269808708
149.96546761328,-60.21834488553999
192.81582613166998,-64.91945419060002
79.89633604332,-66.90555368568
79.90636026713,-66.08218882239
79.91962512129,-62.11446827597
79.94334062125,-63.78473003276001
156.95638440571,29.13251451407
91.96946727635,-72.22036869136
129.26443281399,-46.75482740091
257.81764899634163,-32.78565203671861
109.62905553965,-11.1946723021
13.067125193380004,-71.60983461104
14.767114123560003,-71.44435774545
110.69576366253,-10.64426741443
10.43271156268,-72.77861283103
13.05823322483,-72.10283716383
10.771537954600001,-72.08721101645
3.71637497842,-73.12030371287
257.69360034739,-32.59634876697
14.789411183150001,-72.4153334241
5.82372846898,-73.1722448486
12.17642360943,-72.56479277747
13.807379868920002,-73.82191790101
9.949443863249998,-68.04071230887
14.995566221140002,-75.14945395399
7.280897598049999,-74.13637224675
271.61917609336,-22.04898819254
9.62048065407,-72.55544833918
272.71612083126,-20.36855770199
108.81825714162,-10.60186206251
10.06128377037,-74.18931014257
26.541598502060005,64.88023785745
269.41285116222997,-29.867422167899996
78.73448378808,-64.34701107945
20.624541244520003,-68.64109415866
25.051834734470003,-73.82358286207
16.820210040259997,-75.5262085013
114.36518026385001,-35.93638883879001
244.3574583333333,-50.455780555555556
18.86423145438,-74.19807721665
15.862846811779997,-73.67727318796
219.95515614555,-63.2680609724
147.64779722432,-42.780898469529994
187.76600824730997,-67.08173189607
273.49052902111,-19.14015644094
297.28769563016994,26.18640866648
294.03386059570994,19.54062785308
306.18295020718,36.13768238618
227.41985599999998,-59.76801299999999
30.983621845780007,-74.26004263054
271.67510833453,-23.7394856514
38.78784575069,-61.28598355505999
101.85408023714001,8.23300514536
44.00544943981001,69.24716202744
100.2535,-51.09666666666667
108.61598669611,-12.03369411449
60.08379378053,59.35009351189999
161.66091761261,25.0519033393
111.76899511113001,-9.15244200417
77.71637916666667,-67.87577222222221
91.31248956969,3.36507081347
110.57565317723,-9.933981206419999
99.38694010535,-12.442664021619999
79.58597477224,-67.1317693569
180.96670802452996,-69.51513751676
233.61966244114,-66.37872704511
78.81618853194,-65.26587344748
293.02791666666667,30.576666666666668
0.52325,-15.492944444444444
109.07937441086,-9.208896828739999
154.78240836651,26.801519482799996
121.01910814273,-43.59674896071
131.53855250972,-54.49617290031
131.87347087464,-43.68879134105
229.28807604481997,-54.38774229206
141.60205832519,-54.66212439796
153.78124403525,-55.63440470514
108.04452360927002,-9.271126117430002
171.2914298558,-59.311125294270006
139.23001033323,-53.2720726736
251.94291490212998,-73.55195971385
274.47866796763,-39.78142110055
262.15054549722,-55.03792172107
275.06832771462,-40.01177077773
243.23644025635997,-65.36585363594
311.43787446433,43.48836637651
347.72119442748,64.92989357902
109.98860834777,-8.80746432703
276.68053502893,-31.238676384850002
259.15,-48.06666666666667
270.70516313855,-40.32350717597
185.38125416549997,-76.04902823856
256.16959168568997,-50.76367631797
269.35871803835994,-52.12888902818
266.32197466036996,-66.53631763468
285.42423986408,-48.95056694341
277.82325546784,-31.049456231029996
101.2557167328,-29.50599958771
73.99561372936,-69.05625084391
165.84418874527,29.289571286270004
269.48982439952994,-36.404962004
99.22746010207001,1.2122376207999999
80.8602853049,-73.30842444269
80.10267376452,-73.29020623258
131.37793477159,-28.200778906379995
225.02704645680998,-67.67708837879
73.45500929122376,-69.15251235826528
74.37233408225,-69.86875278136
74.16091689999,-67.67223187171
75.67387866396,-69.90443910519
194.84433614587,37.81769118203001
76.55645298419,-70.22739474273
103.71338760429002,-9.27425029073
273.16188920202,14.92653296229
103.72828689721,-8.02186610931
300.27159428934,-7.364423049869999
300.41737944173,40.02901946889
80.28225200128,-75.42242573946
123.06696445405,-42.18269039436999
80.33057243541,-72.05114850518
152.3813535048,-62.93623527663001
154.26380541925,-60.986453559009995
269.88362678092994,-29.252404216259997
80.35169907022,-67.16403182447
347.9005718963,-21.00304419718
222.12855763823,-54.80004870118999
80.36878119815,-72.2416218541
269.8986429938199,-28.96195560951
12.49895600559,-72.67455837459
12.446204330619999,-73.13293873119
12.639598769979997,-72.55902954217
12.852863635029998,-71.75674477628
14.829062460590002,-72.64283039505
14.863619429399996,-72.7668198744
16.889096004660004,-72.37647549572
17.145158650790002,-73.22332347555
17.506622691820002,-73.65353475663
7.01687594256,-74.82778673613
9.82885599849,-70.13187764552
9.453582053540002,-71.87884855485
12.52514191176,-70.87689526788
11.831472934539999,-70.65340055974
17.82826892747,-70.68049140421
17.2246416733,-71.1644790248
19.984316231159998,-70.61627378791
21.006306269679996,-75.28829080401
25.20778680485,-72.53613090449
24.341978548200004,-71.84535881729
24.23343289001,-72.79932041783
24.565841521150002,-71.3560283928
25.53967437422,-78.60705745723
25.781446971439998,-72.07890889431
25.87790059541,-75.36202259955
19.43625666415,-68.67684344963
27.973779004039997,-72.86875030266
26.375015395189997,-71.50792601516
27.403986263509996,-71.98421970348
80.49174701876,-63.785505809419995
220.70169728697,26.17528997283
255.39699239326,-43.71096175788
216.29466666666667,44.52391666666667
83.06733355059,-72.54010885546
80.53886056927,-63.51830424218001
78.41789507391,-67.94233904257
153.50321446428,27.02049491191
105.7618945462,-7.87594299222
82.33254267787,-71.19369265897
5.187625,59.35002777777778
105.11308346558002,-6.864258282360001
81.10129839897,-64.53742247167
154.24469188972,27.947641199620005
81.15265886773,-64.18972327684
295.9993824790499,-14.635974341620003
112.80687936415002,-8.519300881800001
80.29839633236,-70.13730309599
216.19629166666667,44.52469444444444
111.84330119772,-8.64801252606
21.90695011484,-75.99603081979
283.62115109882,2.78946252649
251.9444266533,-52.36072417361001
81.90968942445,-72.12965675511
111.74039891866,-7.83440271482
81.23302730679,-63.13213670747
8.230416666666665,48.433194444444446
287.15706250855,24.179305569830003
288.41528995021,27.306105034950004
149.98144454931,30.682890020119995
79.99984572972,-73.60314698403
110.57475399403002,-7.380601338329999
80.06089290188,-66.47742349986
136.98800484989,21.58689211292
82.37971049623,-67.10941680917
216.16591666666667,44.52125
82.40621026755,-67.21895793749
109.95536244502,-2.88638776907
82.58123310487,-72.06613273145
82.44591505164,-62.738325927220004
76.72436080146,-71.49032026156
78.64876973095,-71.64361088601
87.45759482284,-68.17815215632999
85.42772910911,-72.59467873982
0.50603,-15.47669
79.88207041,-67.35371462078
74.36398012499,-65.82758435497
86.894946265,-66.12199012037
270.62206332288997,-24.76733334104
156.84355951715,32.68944960175
90.08249469764,-69.7320513971
278.08365317761,36.99878756066
112.87506780189001,-2.9627965358899995
82.51469989763,-63.28151844034
4.333728143720001,-74.24646875521
82.54093889965,-72.66807061064
82.55973640618,-63.591633080559994
327.5755868889,-8.227559381409998
82.5723085666,-74.21866435807
85.20580916333,-66.78206519377
0.4349166666666667,-15.516277777777779
111.30443770119,-3.13425911032
111.83371436128,-2.71385582646
82.59598904825,-75.83870354377
110.00354510041,-2.1517585212900006
0.521375,-15.42936111111111
258.73971793681,42.17317795256
81.36942524087,-73.3023039784
81.38437602928,-64.21683269454
81.39735570211,-67.60864479084
154.7122703701,35.42036263315
155.31055723825,35.312216513139994
159.92053122166,-48.29782924975
81.48481605026,-73.15943903979
301.10350524199,-30.114190977920003
117.27154555651,-4.070110362910001
81.62726101918,-64.04937063792
113.10664618661,-4.363427956390001
18.81555880652,-71.93045245257
158.17271888161,39.89134624485
81.57770327512833,-69.7573920092925
82.07807295438,-69.29964596168
83.67274583333332,-69.96989444444445
84.30383453239,-71.69563927052
83.0130392417,-68.35198122128
80.69545707755,-65.08557758901
85.78224063489,-71.26640566483
89.80440465555,-71.75542905284
89.74984880025,-70.84962011396
91.35910433109,-72.37476952301
80.73102113231,-65.01887264877999
172.12457246139,-59.18866214701001
80.76910695524,-75.20175239282
72.44838992052,-69.1641350954
135.86140578128,-51.60712025112
80.15071194586,33.41397993079
190.71963892061999,-65.00628159124
82.21122930366,-72.89672268147
82.21655136507,-72.56309881465
109.23732675707001,-5.29893019761
111.30305564060001,-5.7328223331000006
78.27675,-69.16283333333334
82.24619447292,-63.633149866459995
82.25152945973,-72.0053035762
79.87426249972,-69.10277599281
270.69607581719,-29.693716135680003
102.18223329608,-21.36297919246
111.16301909676,-4.63171456684
270.72339887281,-30.08428814671001
107.83819491998,-5.452316655119999
300.55145119884,11.10009345623
152.13475,12.312833333333334
202.44835048501832,-64.1414558710314
112.04923070379,-0.8350073368
252.69687191508,-40.77034082411
296.227081,-14.876889
0.46120833333333333,-15.45875
173.48548965235,38.88407535242
173.77348484559,39.899602344239995
271.2584291666666,-30.400841666666665
19.163625,33.45633333333333
81.68364639199,-62.890573681170004
81.76622061488,-67.34312764272
81.78541587062,-64.80510457472
81.79905630968,-67.03381397015
81.81002467585,-62.32632948254
107.23117963276002,-37.87831876175
81.83268496715,-65.04941169081
81.8557692386,-65.1281326009
110.61975834244001,-18.959528369260003
81.8752385180395,-69.7154383732256
112.0062515141,-24.0023356723
81.88914046624,-63.86023524748
81.90479261285,-64.53265055318
81.93112312048,-65.32164545435
81.93323328519,-62.58084397971
81.94424731785,-63.336543295190005
296.187256,-14.854028
296.204498,-14.674287
296.32613341672,-14.666176812730004
82.00586991616,-63.51157344003
82.03002625024,-64.06439676031
82.06166883968,-66.79626234832
82.06492225365,-66.52822214236
82.07606668619,-73.82138168774
82.09583936879,-65.53389597862
82.13740012896,-68.08748134774
85.30384834455,-68.78497224167
82.18016024467,-64.2816701782
82.72864198748,-72.59347187722
82.76391961914,-66.68288925867
9.812708333333333,41.88883333333333
206.08254423235,-63.19805445768
82.7891381517,-71.44263259744
82.81612488074,-61.828633216010005
269.5292046026,-47.18305871412
204.435385161,-62.80769247474001
76.25498917232,-69.87837160169
77.179175,-70.2628861111111
73.15654734033,-68.5685950468
83.1243584699,15.74556882942
96.49730125177,20.95449141968
105.53214761921,-24.27207752881
4.845875,59.39672222222222
4.8581666666666665,59.24444444444445
4.884166666666666,59.30416666666667
4.917833333333333,59.33788888888889
5.0027083333333335,59.31869444444445
5.00675,59.34086111111112
5.021291666666666,59.34777777777778
5.035416666666667,59.2875
5.036041666666667,59.3865
5.064333333333333,59.30686111111111
5.067499999999999,59.253083333333336
5.075374999999999,59.39491666666667
5.093708333333334,59.271972222222225
5.1204166666666655,59.27413888888889
5.120833333333333,59.32494444444445
5.173166666666667,59.3141111111111
5.182708333333332,59.36577777777778
5.1827499999999995,59.38558333333334
5.210999999999999,59.35816666666667
5.299708333333333,59.38158333333334
5.3503333333333325,59.31761111111111
5.454458333333333,59.21769444444445
78.72081544677,-69.67058538165
83.64014639089166,-68.6385292394714
271.29340833333333,-30.213555555555555
209.07699202846,-62.027608217390004
82.62452014937,-72.86461769984
258.88118064648,-39.71910278292
210.17802068373,-61.61020741003
271.3310541666666,-29.98618888888889
152.09063478167,12.290252661199998
126.14466270981998,-1.5394167275099997
152.7623,-4.6897
162.30294785723,45.07488023901001
0.5143333333333333,-15.525583333333332
82.66577991827,-64.30512591035
323.18319158193,41.26061564559
6.091447430229999,-72.73485667987
257.7135492053,-39.470551857100006
120.05090927724001,-4.757904122499999
354.22793660498,64.02605932402
75.03499204882,-67.09548455967
119.43029249205001,-0.6850669882300001
77.90207578586,-71.58397343232
77.69830309182,-65.67870003025
79.61558165882,-68.86109015014
79.06910307463,-65.71407124197
80.76590885481,-71.96738870562
321.18182309266,43.806772690929996
78.74184641105,-66.40586656128
89.27811858685,-67.12292619896
82.09719018582,-66.76744978501
86.54963725165,-67.51842407752
88.68115569713,-66.94054205241
81.47038032205,-66.01241386722
90.89609091044,-67.68124427894
161.76531362166,41.84544402512
5.051333333333334,59.24763888888889
5.44999747869,-74.11715929045
9.272283835499998,-73.74073845693
8.63522133277,-73.63172862984
113.56369354846,-0.50107579442
8.303691666666666,48.49749444444444
10.307958333333334,41.59747222222222
221.31123705762,12.197779014990001
82.18189583333334,-66.23602222222222
324.87406430478,50.15793846479999
76.87330713374,-65.4514062281
111.54803672816001,-5.18684913046
111.59181481707002,-11.35802727755
118.10168521125,0.9494870055499999
330.55678826366994,52.17623476445
9.973958333333334,40.41158333333333
10.425083333333335,41.587138888888894
10.426208333333333,41.498111111111115
10.428541666666668,41.62119444444445
10.441708333333334,41.563111111111105
10.062666666666665,41.611
10.138291666666666,41.67052777777778
10.158333333333333,41.64202777777778
10.172416666666667,41.67058333333333
10.183041666666666,41.66797222222222
10.003083333333333,40.38341666666667
174.85450205932,-72.56022494272
208.42921736118,-60.54156177302
10.22575,41.82908333333334
10.245249999999999,41.757361111111116
10.061833333333333,41.76261111111111
93.94673675599,22.39160003903
85.1095503811,-68.50637101231
296.02161753577,-15.04503687979
331.98554331421,54.53438993139001
185.83009533398996,-75.50363051066
62.28112776590001,-9.23667938052
2.8521372985899998,22.68435700781
72.07083394224,-66.72872417713
73.73895146267,-70.89170885446
259.63376717714993,-36.54109773626
72.30286541646,-66.71378103706
77.52154268162,-70.11566921026
285.3159787665222,-31.451951100228943
358.44017595993,62.72575897496
80.35819142527,-71.52942193061
10.47316967308,-73.09018235401
82.59550456571,-71.09124320819
82.46720778298,-70.1389872849
347.29761888014,60.055556794329995
83.45557549138,-69.35191518115
84.39592013251,-70.11344828514
85.12051188314,-69.11902208426
87.04343801865,-70.29235014668
91.04424532749,-70.78194057731
186.63252588498997,-13.79492251092
343.68807375378,60.778370356150006
117.80660912091004,-2.61969366131
117.68831072824,-2.1475424878200005
351.48042399365994,60.95864685573001
150.70716666666664,-26.126833333333334
145.80453084816,33.17084426708
150.90420833333337,-26.16397222222222
150.90745833333335,-26.15508333333333
120.69034589302,-2.12708565323
150.67387499999998,-26.16583333333333
150.83058333333335,-26.15897222222222
150.8186666666667,-26.159805555555554
150.900125,-26.153333333333332
150.79987500000001,-26.160638888888887
150.85366666666667,-26.164499999999997
150.607375,-26.154194444444443
150.72129166666667,-26.149583333333332
151.43865248759,-55.62042694972
146.3673742875,34.03488239252
151.73758795711,-58.45517257975
152.39402075201,-54.65714085953999
152.24779008348,-52.54289402935999
98.42925629373,-3.46308375179
251.48487108871,-31.009276303089997
100.54400087660001,-4.16589221461
101.91533320559,-2.9562202684099996
150.87283856074,36.19571449015
29.158712335509996,59.25937652579
112.7695142266,-45.06254617749
157.14988848315,-55.10421162228
159.59919419853,-59.51262741798999
10.94091602877,-74.37084931879
118.10376090304,4.56629723136
161.86388762573,-62.55761462577001
6.72818396718,-73.73763176553
164.42588010106,-65.88943631046
165.44979984602,-54.49404532310001
125.02633697395999,2.7656042041999993
169.8571422839,-65.84429657947
141.46174355168,36.19779146602999
175.30097853178,-65.82676244047
72.01221365804,-66.93013615483
80.74920987959,-69.09265431219
10.276291666666667,41.74286111111112
82.97454890973,-63.15185681074999
180.12076571589873,-65.04415082549778
122.47046655575,5.060108895520001
120.61704723076001,6.44153570757
124.77677799487,5.7152004423400005
296.2384666666667,-14.806275
121.75469309637998,7.66661794372
83.00286934893,-73.46051218354
100.80199072601,-8.75838107101
180.19513642994997,-64.06801891678
101.65946483006,-7.9341305837
99.86336488639,-8.23640118351
188.18370843489,-61.17640286881001
102.24176048328002,-5.69615373034
100.95572235106002,-5.5360547455999995
81.84049213849,-67.72505782091
194.11048625921998,-61.577589632350005
205.9830286687179,-60.52723268224666
150.70483333333334,-26.179583333333333
150.78758333333332,-26.118222222222222
150.82679166666668,-26.183833333333336
150.86070833333332,-26.17130555555556
200.50522518630999,-63.1466232385
10.044916666666666,41.71688888888889
10.2455,41.706250000000004
10.125041666666666,41.658277777777776
10.2615,41.89769444444445
124.65623599562001,-42.7604800845
15.0434644208,-33.85009184027
130.14109337283,-43.7054294952
134.44775419596,-42.40687793202999
138.33778910626,-42.84865538134
296.2615322354,-14.769718577759996
147.32868419601,-55.79777406354
99.05242495949,-5.0243703792100005
99.54595456491,-4.423700341440001
39.52945416666667,54.58784166666667
304.7478990000001,35.477585
99.85886368383,-2.4524096147499996
100.64447370850002,-1.9850204311500002
0.4654,-15.42686
190.30106963941998,-65.19698847674
100.84474049323,-1.39462029169
147.37198206503,42.59108094602
100.69378851449001,-1.21022396396
10.054541666666667,41.73952777777778
150.81229166666668,-26.16294444444444
106.27412575120002,-3.62575298367
107.59443133673001,-2.7521239194000002
5.128333333333334,59.25641666666667
180.09789890987997,-55.1204889165
109.77080845806,-1.8018265219900003
107.44976151876001,0.11060583476999998
108.05032757359,0.7974357827600002
11.5745918805,-72.0017105035875
202.83082436891,-64.8644127473
13.704778775370002,-72.57517578903
102.9985270307,0.12424722191999998
101.81826400563,0.22745601341
102.66415789758,0.46469011315000003
107.42852144457,1.8863626999
106.01238868908001,2.5562715903299997
107.27584747506,4.039775364039999
96.99312667924002,-3.14662215741
181.47107044457996,-62.76202212285
181.23062212260996,-62.79413597786
93.94082060505,-1.7801449677300003
94.60772034762,-1.12955518774
0.4751666666666666,-15.442833333333333
99.66399225312,-0.8257509521300002
83.17019391788,-73.42354120073
97.54206968058001,0.73782079024
99.15390344577,1.1756640272200003
10.011875,40.394777777777776
10.182729166666666,-73.75678888888888
273.2919822573,-43.69059424463
83.57399448479,-65.66400649835
83.58597490934,-72.94307578825
83.58973002653,-74.32285006998
110.74959156027002,-18.2166079312
83.25409701536,-64.05000593439
87.44724793427,-72.91750289873
87.45534178876,-66.60381905522
237.38046749095,39.57163684146
87.58686610617,-63.37039321515
87.59269312639,-64.03123397991
87.59624470689,-65.00454061411
87.60410249499,-62.87265971704
83.279879798,-73.14533343446
0.4817916666666667,-15.437972222222223
0.4957083333333334,-15.460194444444443
69.02014513878,-68.43841748506
67.04250000000002,39.88527777777778
83.31188989032,-75.38156580301
0.49325,-15.46513888888889
77.00073227474,-69.25719017836
77.1376263596,-67.09867453743
78.26681699685,-67.65184665769
78.24971393356,-67.71066371652
78.83499147644,-70.50667636499
79.79451311914,-69.02272534583
183.63190468018996,-51.53262813069
87.62591071798,-63.561394810950006
74.20009239264,-67.25472608426
70.54350598988,-68.30263043098
70.41320985454,-69.87183392094
83.18691292673,-69.60168856135
70.69117393544,-67.28241690766
79.84360868928417,-68.74566291735111
18.503227235880004,-73.3982766054
148.16734075318,44.20315527321999
91.74149881464,0.47958401752
86.61273839203,-71.05020965079
76.71539691102,-67.78976229161
82.09332410349,-69.06814031584
84.978636088,-70.92488185274
86.52120432688,-70.54118613409999
85.75395105156,-68.26100420646
88.07957475038,-71.99211641725
86.34847076401999,-68.76058719932
78.48468891112,-69.77215875922
88.85348462038,-69.26767872124
87.64733119919,-70.78566274307
81.50082378088334,-69.66003971674557
82.3483550943,-69.20472051119
96.49308877147,2.5054022052300007
83.59191677009375,-71.72845447937779
84.75546279688,-68.47622693565
84.97520672402,-70.59512938838
89.2533063446,-68.38683543541
145.08813493837,44.50519354655
96.29342529043,3.00376680595
95.90664860738,2.8906759644499993
101.76601851316,0.5905901256200001
101.89996910783,0.6823171294100001
100.78634757111001,1.29129186178
88.38674496161,-67.83498436712
83.38592958113,-66.54545211831
151.61444875218,46.35485007049
99.46931896263,2.97233107371
4.906458333333333,59.27291666666667
101.16957010774,3.31633604842
76.16428964525,-66.13984909769
103.30674084261,4.30172479824
102.16420617439,5.1673753074599995
102.85137995109,5.7928011228099985
104.28275802479001,5.481050301059999
103.33856752036,5.69335834153
15.661678005970002,-71.6032212165
104.2665006235,6.31682061077
103.90287691354,6.378660986999999
76.8486936802,-65.48293776918
77.8268603027,-66.2354041176
104.09503416163,7.07775282222
98.73262325125002,4.843572292529999
99.37420519307,5.250309068739999
98.04868563631,4.534523309069999
298.3757053232,-38.59985397728
300.22032693735,-34.86569564402999
96.79345061093,4.916268154580001
84.76007298316,-70.46988440099
100.62312776212,6.202574320870001
86.23546470812,-70.77239767944
103.28735540374,7.30921589945
101.8453667774,7.209277051620003
102.48543400867,7.62598278819
83.50595479142,-65.84960396155
279.66251071888,-44.43328525845
114.12125776943002,2.0789312344200006
16.500898272437084,-73.1038946064564
83.55800797362,-66.50118533094
113.99078977651,3.45416774259
0.4882916666666667,-15.391916666666665
85.60298216015,-65.11865553693
85.92443062538,-63.64245404132999
85.93454229156,-65.11620909703
85.97078743936,-71.74053995375
85.99268831838,-73.31222535087
86.06031555509,-65.33916134532
290.9394980252699,-34.52084718377
86.36435767938,-73.16016907668
86.70569298507,-64.17271100349
78.07300864796,-67.02066584567
90.45529876709,-68.82346724574
13.86103183279,-72.75400757319
286.20408082440997,-31.181682189320004
87.18458333333334,-67.36691666666665
82.3488079265,-70.94874047185
87.19700435115,-69.48931725446
113.04105024693,5.83172121502
283.49800954866,-29.98262165667
283.6632691380099,-29.90505576345
113.11201887121,6.03098558965
282.90426195345,-29.668818093280002
0.5100833333333333,-15.593333333333334
150.46385237984,50.43338750637
87.27883044392,-63.781656763239994
87.3190442461,-63.12759790517999
110.38536114452002,6.7925969723
109.94048542444,7.26568369592
112.77383554489,7.744112450160001
112.37646753658,7.852686525300001
112.56539626786,7.97060985951
117.62043773551,5.56704225434
83.04885796161,-64.78707833124
83.05248734509,-74.78705901763
74.18181473661,-69.37000301111
84.35680835586,-70.77618982032
83.09814652319,-64.25346462996
87.35626681261,-64.18835005816
78.65704910078,-65.83428964707
93.87720852316,21.13487294228
183.18139238296996,-61.65026956137
88.8671793951,-65.29450135999
76.32926343495,-70.75227672672
73.70329684067,-69.65785998175
227.94316111695997,-60.93959313264
83.61945011904,-64.63194722301
119.22488665473,9.71060623467
120.73826462463,10.876390830610001
70.47118181807,-69.13345926264
73.97394091123,-68.77048018014
75.83048716861,-69.46433717515
83.63245054863,-73.51707616811
77.86090853011,-69.76330046451
83.66943288985,-63.01152213399
82.98629132395,-69.1005573904
76.9115126433,-67.47687268612
113.94558994383002,9.598879594120003
76.8560715653,-68.90530793838
113.33659894023,9.44269011239
83.76573067324,-64.25018699635
83.81096667478,-64.78764058725
84.05395833333333,-69.6971388888889
83.87004096001,-65.09645793872
92.70117241861,-70.20931546754
85.05934492823,-64.60499503959
296.257904,-14.793209000000001
108.91203965435001,5.061014708290001
246.35757755852,-51.92686371738
279.93250574413,-32.47163258571
85.55664896428,-65.83137164686
85.58545666194,-65.77476869442
89.26323550889,-70.39318023908
89.27075982087,-66.0444161221
13.253958333333332,43.200027777777784
89.28133730796,-65.18159323805
75.30920458503,-70.59411130349
89.35146395714,-68.0269390681
89.41914382543,-66.70764182765
89.45332267246,-64.92036184798
89.51294725531,-74.74033291615
10.057833333333333,41.73927777777778
89.57086507976,-63.87305383827
89.60370800324,-73.94200674436
109.24934868086,10.274652449379998
72.83322324727,-67.90382829556
74.62995219071,-69.48869870866
75.50692393796,-68.38741311477
80.6184710885,-68.017300701
229.10922720180997,-59.021728629970006
81.99601702873,-68.64729048764
173.67836598669,53.33293058032
83.31200440079041,-71.06848562242638
89.71218036397,-64.93401876352
228.34740931007997,-58.825181187359995
73.38876325185,-66.10659680828
11.24951624282,-72.42899842681
89.89189924132,-63.2213817807
89.898129152,-65.94839440345
89.91751676642,-67.15741421722
75.11190789855,-67.27444466874
75.73734105833,-69.64602383257
77.09630323145,-69.74944414443
77.31012354212,-69.53192529391
77.92052502304,-67.54657747345
89.98960057378,-72.62932166244
83.2598293181,-69.90475243187
86.90177898052,-70.95868803855
93.2108380402,-70.49577541129
0.5000833333333333,-15.494749999999998
119.43261772004001,10.820244831200002
21.639760988379997,-70.47377152324
17.39062411063,-73.21866649257
33.40687633343,-72.12559011774
290.66727252738,37.61059284412
82.53118180931,-66.73608404317
40.03288940328791,-34.50395647057917
119.6294286137994,11.699047937047201
119.60970128067001,11.82317147569
83.24617264609,-70.30944085174
0.4873333333333333,-15.394499999999999
117.32085155862998,-30.66871059188
5.002375,59.43236111111111
87.66117216339,-64.68121962129
74.96262439715376,-67.66557441164694
78.40251837407,-69.68841310961
80.28947933941,-68.96164792648
82.10074093821,-70.72370313127
172.66869160494,52.84422266448001
88.96814266515,-65.98839322036
0.4863333333333333,-15.463222222222221
292.526125,-17.681833333333334
82.89072586446,-71.7252313737
133.75376278624,-43.09283924643
92.7212614601,26.0148086599
4.897541666666667,59.21475000000001
0.506125,-15.48875
84.70782800337,-67.14880702468
90.01537298978,-68.11536521509
89.0658051045,-67.2083010746
296.24471378326,-14.845042546389998
296.1717596804,-14.86574213986
10.133749999999997,41.75816666666667
22.811167811719997,-70.45777074341
89.09819509651,-65.03067212457
299.29837352087037,31.84037203195694
358.9337487167799,-22.96930506574
107.75337959688,8.269566866779998
110.59771889062,8.11893685192
296.66685138894,26.31375101549
87.91871424723,-65.30976858497
87.9287540327,-65.64551637276
82.74793244909,-67.42027633198
67.07722375392,25.52803982175
154.46582367417,51.234379403
88.00674139887,-65.36387765982
0.5121249999999999,-15.465
0.4683333333333333,-15.49697222222222
88.02392141325,-65.01604603749
75.08165356887,-69.17651145256
103.98778388514002,8.95730978665
11.736390438939997,-72.19846973681
105.55736079037001,8.828264618649998
105.94229212418001,8.90738293509
75.71046155803,-66.40392851004
85.51597915704,-66.29753693945
260.5687637841,-49.45991101637
88.06779912232,-68.12441929454
102.58246921739001,8.730295480209998
88.08266086164,-63.252190789539995
88.09048850693,-63.17603163558999
103.48715695386,9.3529466618
88.11155412911,-65.24208129325
88.1175144519,-65.88639866423
220.6150054205,-60.44246402055
101.37728338264,9.67700709244
88.14306249143,-66.0115134914
260.78025443517,-43.82697283333
104.09100258048,10.95805326258
88.16294397409,-64.45425478059
91.64384470529,73.17419043345
106.81168006732,11.36120760509
95.76972486158,-71.40973360389
75.83716289155,-68.25338028355
88.19553679209,-66.5604737159
88.19113390914,-64.60954887253
83.00075486553,-70.77985703774
88.19637403745,-63.21057822634
83.98252455474,-68.16985078814
82.84625441645,-68.69890453397
86.49851146942,-68.70288669479
87.61618003211,-71.15792384066
107.61576043261,12.113449185430001
88.20559567365,-68.27438073156
82.31432317068,-70.61068334588
156.14068500895,56.48199776521
88.24669988653,-64.88484213655
88.264999383,-74.94936597086
40.01140267381,-34.53024236758
88.27723787888,-65.9357356348
296.30927194676,-14.86861009435
113.53886690132002,11.8990924258
11.83346423254,-73.08560053967
14.25294300795,-73.13073276826
87.75788691927,-73.0458440153
76.51758274217,-70.28091518741
82.71864358728,-71.57463169175
87.76865579635,-65.71770822453
82.32264080206,3.48366290623
110.217564972,11.673654930119998
111.16915492057001,12.36804170975
296.089783,-14.905375
72.36827641868,-67.23431464666
75.74495867563917,-69.08133405294222
75.38643891275,-68.52228678925
77.3935686714,-68.73088861918
87.88954863607,-63.66093886718999
88.31024285411,-74.30774056545
296.20745208583,-14.896428750309996
69.89446375639,-69.37915965014
75.24246470752,-68.93670579512
202.79859507360996,-4.326687768660001
79.3582584667475,-69.54725496748443
86.50571130384,-70.19814869919
262.43193319796,-19.47301838108
82.40183241958,-70.87290155651
87.60383557137,-69.13644263828
173.53660333085,61.359299115430005
88.39817445705,-64.99117514351
88.40579373033,-64.90051043553
88.41758747553,-67.27214796642
88.43730016432,-64.59007995759
109.51553842638,12.38901428879
88.48196900605,-66.07934895984
88.48734359314,-76.32663041691
88.56346322495,1.09164128735
111.52712154661002,21.891168880709998
75.15927640846,-69.03354077258
76.11493781672,-68.59688380417
75.96829166666666,-69.70158333333333
93.16934429252,-69.00867599264
80.46027412333,-72.06931584617
256.99279445562,33.20628864031
186.28208780373998,-24.17978724082
88.55944665058,-68.67234877491
88.59729940952,-66.02124363478
88.68877031664,-65.69211590739
218.77362675194996,-60.54920173677
116.79359290092002,24.990716275929998
116.79513658041999,25.27210837887
88.78242225622,-67.75519326645
88.83285112493,-65.36779179551
265.52371583600996,-57.92342239395
114.56677390787,25.668423732850005
218.52283205623996,-59.734742904689995
270.18744543313,-17.00965798675
265.59591641945,-35.2499314069
0.49979166666666675,-15.455
79.37806812567,-67.83933562164
85.72700660745,-66.24173168535
89.32387893331,-67.66216215594
352.13459166666667,14.772766666666666
90.23098392919,-67.57176364895
90.75303599145,-66.83926864224
91.22660036409,-66.24524640638
75.53285397684,-68.36766141371
13.606033333333336,-72.39280000000001
296.23393551213996,-14.671304389240001
76.8159337676,-71.77592407931
75.11202111239,-66.36007247856
82.65576049738,-67.05857379546
86.3549364223775,-66.63674955169361
91.35120957285,-66.98020075465999
91.41304665934,-65.43947964646
91.4163272029,-68.1308829121
91.41690178673,-65.5299246915
119.54579377732,26.165190160250003
65.69568320034,-10.50723036494
114.02078823894001,-45.141099338470006
284.12556399182,-3.1811270534099996
117.28554642831001,28.728698018959992
122.02524363204002,29.60947809521
296.22387130078,-14.922433215350004
73.78284809141,-71.06184862215
73.63473578613,-70.35031465359
76.81663963799,-68.81474320148
77.9608163786,-68.26287141979
79.64310958826249,-69.62282250780972
120.16916574330999,29.41056866336
91.43119032143,-73.20160389108
91.44957100973,-67.04052367596
91.50468761671,-63.74799002633
91.52876973465,-68.00922401133998
91.54247511833,-67.16389747685
91.57067771242,-64.0955309176
115.71748169774003,28.739352806379998
91.66768275835,-65.70972682028
91.69762647799,-62.85415178693
91.74037299638,-65.64414997802
91.75640784871,-67.33028124751
91.78503842415,-67.17263360452
141.87416886788,-36.95040651328
91.81761884825,-67.0891719191
91.82608535278,-67.88244047006
91.86077297596,-66.48411386058
91.86611644503,-67.10813326365
91.87774194382,-66.42056855631
91.87839629062,-66.81406179277
91.91457289068,-65.63927805885
0.4981666666666667,-15.551055555555555
92.01996751164,-67.34233577592
92.02911037101,-66.78842091045
92.04974497181,-64.50295732001
70.35401531487,-11.5572030028
92.07091468463,-66.82742359771
92.08243495636,-68.10226204696
68.67678073663,-68.42448376333
75.25746152653,-68.37253752546
12.818382380699997,-72.71553850721
254.95923992898997,-24.355684144200005
76.28914034477,-68.1195373073
116.57005680871998,33.31575433916
198.05643064829997,-35.55337228810999
105.20346195535001,27.70591760895
74.64965665439,-69.21583955762
93.26024734322,-65.97334281453
80.86520165113,-68.80362061987
91.25300637574,-64.05333222385
91.26642699899,-73.57690802938
319.60637499999996,52.022
91.27711625801,-66.54533223624
91.27831364319,-66.2242274249
91.2970186819,-72.97697361507
224.06094890639997,-57.73393605156
91.32240780919,-65.33509295781
91.32820848375,-66.08620645583
92.11794319639,-67.90209564978
75.76673274172,-69.75583823398
71.09246917511,-71.07771098713
78.58245632279,-65.91615635145
296.121368,-14.679315
107.70137175818002,30.92948882258
82.03957824151,-70.06769482763
82.34404166666667,-70.02155555555557
233.27314520024004,-59.45659461514
71.55857258381,-70.74555212077
83.3406623658,-67.06139603033
0.53225,-15.537666666666667
296.2938400915,-14.708776128720002
0.5128333333333333,-15.406888888888888
97.91559397621,16.11449968788
280.70835271644,36.95858044416
352.14940416666667,14.738805555555555
93.98828975998,-67.10062195984
94.01630908102,-66.25455928022
76.25583502571,-71.85893387986
271.90094224222,-11.21280691246
94.10788771256,-67.01368165299
234.08211309433,-57.39308031088
70.08273562563,-68.6181080249
77.91630472456501,-69.45755770851139
94.12229766862,-68.16524347974
82.11552978182334,-69.81715348715973
90.09074366724,-70.41380940443
92.94819248783,-68.99135238222
352.1527916666667,14.74885
93.40535724690001,-65.77104524936
11.700652676669998,-73.0675303402
93.43569060897,-67.43710074596
79.35054738463,-72.52949600053
85.56371929327,-72.52369547175
152.08120833333334,12.285305555555555
75.06266418033,-68.66353744419
71.41954814359,-67.95705671176
74.8008825599,-68.14940985053
12.828041666666666,-73.41008333333335
75.76027489896,-68.06259295911
76.67527695578,-67.37112033055
77.63157175755,-70.48682416676
128.53386055335,35.803239340569995
88.61980434278,-69.93934030684
261.07338078747,-33.35475162406001
82.60415310453459,-67.97300586956806
83.52803288394,-70.03256142416
296.18013798601,-14.825327985960003
296.193787,-14.664783
93.80308255003001,-69.97621143142
74.0932735455,-69.21506609801001
76.38054762965,-68.57207847873
78.83441455126,-67.54542995975
80.70393825333,-71.7199938078
93.6039251267,-68.14748114598
93.66182231283,-67.44360444397
9.736879166666666,48.336925
78.64362824455,-65.84568338706
85.75844139794,-68.67288143482
83.27415959611,-70.54148108942
296.248596,-14.689795
85.86083831099,-69.14350646524
91.42864076904,-67.97351764395
296.1944940660158,-14.8427532825634
80.80951795814,-70.38302781613
93.80616255115,-66.44231730047
79.745875,-66.11421944444444
94.68681168474,-68.58635162062
11.94819225413,-72.715257359
11.9711688238,62.04599486708
73.71641454997,-68.0269613897
78.60826238747,-71.08184216101
80.72473542623624,-69.48935082608972
81.17559271417333,-69.81181156310555
86.60757220013,0.92629050369
81.27990684218,-66.67150452285
82.63103244032,-65.89181311379
92.15864502974001,-68.63469366231
86.1575849561,24.91624608948
230.37205207389,-56.49603897603
111.50816922774,21.912781431589995
92.30121367582,-65.71365270845
11.95358174454,-73.75022725594
92.30440160634,-65.0299168732
120.97011003218,36.74532147467
120.19467043726002,36.68530928804001
92.33688395484,-66.29575334552
83.18278701161626,-70.47711743145445
78.67771332487,-64.77908822716
73.8862138012,-68.23700012304
75.04089957029,-69.79284188703
80.51831367723457,-71.57000277835805
93.51531796723,-70.77588179542
81.07342086052,-70.51359276078
88.15783466001,-69.80364296935
87.52169878019,-68.10789691162
152.12529231362,12.309486194699998
94.20307402061,-68.84685247686
94.21655624122,-73.46549669538
168.371775,22.17570555555556
296.17878570959,-14.86866592729
296.257324,-14.837327
296.251007,-14.906402
142.11751891379,-35.82882427598
121.04140467861002,38.73323458326999
14.188206661029998,-71.43977760783
94.37597566802,-71.59073389683
94.37716437275002,-71.66266530831
94.38228456311,-67.59139785677
94.40331610369,-72.74283639459
,
94.42283139954,-67.52441776596
83.90529166666666,-69.2058611111111
94.44199401421,-73.43411890872
0.516125,-15.45186111111111
94.45742277443,-70.2308596189
94.46784810784,-71.74965991266
159.82710020321753,-62.024007603324726
11.9368106606,-71.81160024217
298.28333909274,-27.470824634810004
80.65233822015,-69.01205215366
82.43588667453,-68.26558825328
94.53876768770002,-65.89698902286
82.99133076003,-69.85950784454
94.54126414842,-67.88752123988
75.72116666666666,-69.09277777777777
296.21250239437995,-14.87304646288
94.62250761807,-69.28863343979
92.44262558261,-67.50714663551
92.45447940756,-65.93756709106
298.01101551861,-47.355870590740004
92.46953772478,-66.59152172588
92.47250109265,-67.2745308454
11.965025246580002,-73.51583493836
258.38016897685,42.10632451495
80.16833865503,-72.08240265098
92.4922925045,-66.28896859973
92.50686541572,-67.505636956
78.35075016102,-65.61615139303
75.21418099116,-70.79750874306
77.94400041126,-69.43273639838
296.98198429474996,7.580973551699999
299.40675147459,0.24172434203999998
87.15521322109,-70.01936248828
86.23320468493,-69.43366020556
89.01484166666667,-69.73046944444445
161.49818845519,-62.61324182655999
300.6331775370999,18.55978211283
77.5751267858,-65.81811538585
85.94217846011,-67.29139060859
84.74490737051,-67.06424209629
86.45414779065,-66.25828572902
92.57803406055,-66.63579667487
129.81270831714,45.6443938718
98.30507723682,84.15003150413
119.97136984942001,37.66198334074
71.47274071703,1.12820051319
92.77862357609,-67.50869248879
92.80560579649,-65.88856535544
92.83145561133,-66.23447461558
120.48493083696,39.84549489496
92.83684907981,-74.50184724938
0.40558333333333335,-15.438805555555556
92.86722619245,-66.27276658779
92.9097484584,-67.41967269318
81.14321885565,2.14584449628
92.94138447511,-66.06013306015
80.75956515265,3.02920102217
92.96967864762,-66.49734113632
11.641553329689998,-72.91626000584
11.64128850108,-72.4545773158
82.96263906459,-71.84454896338
156.24856332587,-50.40768372045
340.2199072796299,58.579314687120004
119.97356822066,43.67250873399
93.13134243513,-68.5259517109
196.60334899470996,-20.058743336979997
92.37960240007,-66.61589552506
117.15161720122,42.18125737641
92.41395655605,-65.51594990171
9.173634870199999,-72.47650408122
212.11438697009999,51.59236884882
92.43243015309,-66.99817899378
11.827416244029997,-70.18749460825
97.36796152603,-68.06208273141
271.30100219626,-39.342367162689996
80.30572002178,7.355379366440001
97.40174547972002,-71.23543944545
79.24875097825,7.640036201960001
97.71953615040002,-68.31012653391
0.48208333333333325,-15.532055555555555
97.8324697949,-65.4088063283
11.91338372758,-72.48902326069
11.917956716980001,-73.05445361244
98.05539832556,-64.03564477345
73.370663244,-67.44991510957
76.1795038508,-68.0959569958
77.54022707195,-68.66944408663
98.12472998076001,-67.14408864187
84.02086759342,-70.1764988877
88.55236891262,-68.50967122466
68.27519329075,-70.66507479034
70.9366279091,-67.67992280984
74.49633068018,-69.79987475424
77.19703593776,-67.89521253684
77.7347574826,-68.47340100774
94.73826931838,-72.52430222473
78.13886905857,-69.71207370358
78.46056579831,-71.7737934784
86.65376449475,-66.70358269827
79.06827418604333,-71.25051802193639
81.69073972517,-70.41028344203
82.0864951677,-71.68583649884
152.10534869486,12.30836221433
86.16262066486,-68.51827516537
85.83172368074,-68.59341916751
352.14188333333334,14.74406111111111
12.23216213032,-72.94952220786
94.77849558061,-66.28243559464
94.80671193104,-70.83500409031
94.84916882187,-69.28268351163
94.88587314795,-67.035359789
352.12685,14.735558333333334
352.1844499999999,14.71983611111111
72.92526523716,-69.49267690212
12.35852192492,-72.23389849796
95.09177871947001,-68.70370286657
95.13864171400002,-72.93373907892
95.17443118735,-67.4906080281
95.29481838208,-67.95136394184
95.31035926352,-68.84744453619
95.3550316422,-70.42901663921
95.42946990019001,-72.75851541453
95.45098609394,-68.68785859719
352.1538333333333,14.716333333333333
352.1525041666667,14.752341666666666
311.72049999999996,-12.84061111111111
71.41689753496,-71.43325196406
12.119964160380002,-74.5217773798
200.54093617723,-64.21883652572
80.77433901327,5.764224436110001
12.20274276321,-73.78879508728
12.21221921788,-73.23399111727
12.581955008770002,-73.60912316425
12.597147455590001,-72.99994568072
289.97170643453,8.72115868527
12.632278497520002,-73.33887098536
93.24172014693,-73.34114946169
76.7523601944,5.16698555367
74.35638691534,-67.15925794973
15.575570721749997,-72.47244503347
17.63384655691,-71.69620554118
95.67983606965001,-69.58647600139
12.136081279590002,-74.5209505528
95.9017449094,-68.71210613957
95.90889400346,-69.83553087675
95.97262797546,-69.09376841705
95.99759634695,-72.93032862234
96.05795237257,-72.48876320754
96.06787271577,-68.30833137083
96.08106947020002,-66.95023353519
96.14152183398,-64.19718899135
12.013748703120001,-73.22817049606
96.16309276326,-68.70661303165
96.19983024546,-66.33170908833
96.21197185366,-69.5309851466
12.01912916073,-72.62941893267
96.25702444151,-68.14394777851999
96.28819501655,-70.83197054549001
96.29649836486,-69.53952952596
96.34391637221,-69.25521961621
96.43139626793,-67.79436755845
96.47576680306,-66.49056027601
96.5509902362,-68.79993353813
12.03416724193,-72.41851158414
96.82243773511,-73.1888238303
296.42673266697,-14.754051502179998
96.88095451306,-69.02395762165
96.92198829642,-69.14406775877002
97.12994107584,-68.31849176204
12.082922039730002,-74.05941269788002
97.33708796494001,-69.13748666761
0.47804166666666664,-15.350805555555555
0.5058333333333334,-15.427333333333333
83.56716783384,-71.6380393394
84.42668037463,-70.6815541133
86.12147297804,-68.90088708428
92.522082392,-71.40983537306
110.33178246057,-27.47132527502
77.12307695866,-68.61770941336
12.93839624679,-73.46444495416
73.39245392881,-68.30108443481
77.32665312949584,-71.39457228283945
88.04880945068,-68.28799739604
81.92228057991,-69.06560410181
85.11485078992,-71.59570375409
86.48380009012,-71.32593982012
125.2246461201,50.68737284105001
86.94461046936,-70.64671920757
87.43353070125,-69.06160864122
92.79246634431,-69.68561966847
73.02696138415,-72.59035147835
8.31851986533,-73.05749946331
13.12512847035,-73.84951623643
19.41794719682,-72.37942309864
12.859767432609997,-72.12898521883
74.122375,-70.69355555555556
74.05309560022,-70.54347828812
74.12975,-70.20805555555556
122.61203499999996,-39.23757200000001
147.86816699999997,-51.07356300000001
128.041314,-43.392666
75.419375,-68.03861111111111
76.68208333333332,-64.64566666666667
75.66180629838,-65.24178868536
292.7066706496,13.78007013454
12.39180519471,-73.1438276583
12.393749685983334,-73.35294303738276
12.40303666372,-72.17988556889
39.96608083943999,-34.5555661998
12.412661029859999,-71.59779080477
12.422548274990001,-72.16971214333
98.79051026441,-66.03276704119
99.00560659070001,-69.02085623318
0.505625,-15.454027777777778
0.46199999999999997,-15.447527777777777
117.6070806449,48.79890276111001
12.14377398271,-73.32747210941
99.94104054218,-67.19638759722
104.01947982027,-63.91148875509999
80.20896486164,-70.15294827135
60.58875936748,-1.55109875132
81.31984477872,-70.69766161837
81.89398027063,-70.08694486441
14.674041666666666,-72.91358333333334
274.42939166666673,-22.24425
15.086875,-72.87644444444445
189.542767,-63.56121099999999
195.65509583333335,-60.86480277777778
242.9825416666667,-50.8395
299.0453083333333,28.252622222222225
328.732892,58.984886
83.78143040432,-69.60721193675
340.377925220085,58.78901127893111
212.500438,-61.313694000000005
124.24895833333335,-39.72816666666667
300.13042916666666,27.010947222222224
78.78466666666667,-70.19597222222222
83.36621023165,-68.8431693789
85.66992917011,-70.46865494997
95.54350770123,-68.58889868843
0.4966666666666668,-15.500777777777778
7.7612499999999995,-74.38916666666667
0.50025,-15.424555555555555
273.95320833333335,-18.635277777777777
14.68632738037,-71.58030569632
71.36780171949,-68.79657780612
71.99437970477,-68.71412981274
77.25010118157,-68.87877009713
78.2318688162,-70.76422572808
78.77936292128,-70.8300964472
82.54289824297,-70.62162639655
84.90507697821583,-70.67694621707473
308.44869495282995,-46.60572141903
12.710247453459997,-73.18940725615
90.82028798218,-70.77830066978
292.7887475611,17.46492904643
73.17072030181,-67.73197037367
76.27917489474,-69.3058980543
76.60642591993,-69.35425120624
76.1255834336,-68.62009930875
16.53048291787,-73.33572016868
91.08351490276,-67.89911105406
77.58578486704,-68.39350826453
79.05959203983,-69.19168629881
82.29949333826,-71.52300027066
77.84051706235,-65.89634638201
244.61689273715996,-8.19550170822
249.13207461897002,-3.3937099345899995
283.25552404442,64.78766492178
216.187625,44.54344444444444
216.17125,44.51591666666667
75.77852920508,-71.61269526503
73.49664349635,-72.383888165
77.696375,-69.31186111111111
164.77477054224,-62.20824906568
79.00004166666666,-71.39825
83.09931951084,-67.26506641968
80.1390388011,-65.42051004355
79.13612499999999,-70.02427777777777
261.10144162285997,5.18878548513
17.054041666666667,-72.87888888888888
67.12579166666667,-69.51397222222222
69.34470833333334,-68.41758333333334
76.27005,-68.96342500000002
75.59162500000001,-68.09008888888887
73.4343375,-66.19615
86.05696666666667,-69.73845
90.62941666666666,-67.21305555555556
84.10054166666666,-72.69236111111111
80.90983532108,-66.88999296502
68.23907083333333,-69.44253611111112
68.85041666666666,-66.94702777777779
75.13445833333333,-72.15063888888889
92.54445833333334,-70.76758333333333
85.08570833333334,-66.24563888888889
83.72391666666665,-70.49022222222222
10.774583333333332,-73.36127777777777
12.753125,-72.42183333333334
216.1907083333333,44.540388888888884
221.87243749899,-54.11603653597
222.73133442571,-53.9708345327
275.27021692447,5.38145437164
296.20282108723,-14.70025375645
296.18610985311,-14.778724206389994
296.2071309117699,-14.78589396314
296.233276,-14.808039
296.333099,-14.770714
13.401833692737501,-72.38416180491917
10.642889117150002,-72.57060055624
15.899231757940003,-72.44901145927
10.414583333333335,-72.98255555555556
10.414791666666668,-73.10311111111112
10.92657654473,-73.55492068782
11.050916666666664,-73.26997222222222
11.741433333333331,-72.9356
10.474416666666666,40.87852777777778
8.340129166666669,-73.39067222222224
13.276496863469998,-73.89459571594
11.324833333333332,-74.00530555555555
75.41600446312,38.51677924572001
17.740650000000002,-75.73087222222223
17.466662977110005,-74.5151792065
70.55261717913,-68.79135044319
68.10578299735,-69.05247081546
75.58880389958,-69.33677088458
131.34282626006,3.453162870160001
74.26630142203,-68.3512083308
75.08220443609,-71.2081385235
79.78207156949,-68.51758296772
355.18099816868994,35.51783322079
13.214775904820002,-72.18651438766
4.407863240999999,-74.24953175567
8.38610457738,-70.12051802163
8.977237584500001,-73.83167727524
8.071582629410003,-74.08479059459
13.311264649479998,-72.46645611554
13.576599881720002,-74.2863476102
13.69397680338,-75.50217620743
13.73257499882,-73.05705024354
13.863829510079999,-72.9154437284
15.468722891869994,-74.32276214322
15.4847852541,-72.00272885989
20.594614776349996,-71.60298155762
13.43061396532,-72.86156411846
13.772352886769998,-72.39953676314
13.787412832750002,-71.55647732699
13.80043742814,-73.64001786965
13.864213539900001,-73.10159443207
11.026708333333332,-73.5213888888889
12.161774999999999,-72.66589444444445
12.864029121402499,-72.74702047834667
14.406768431260002,-72.94400746563
0.48624999999999996,-15.376111111111111
26.18761319685,61.930022873469994
216.19095833333333,44.54152777777778
216.17045833333333,44.54097222222222
13.727057131980002,-72.04370602472
82.3986641846,-70.55745622756
81.29825,-65.00444444444445
81.57079166666666,-69.86477777777777
81.6225,-66.92183333333334
273.2320916666667,-14.330133333333333
81.72795833333333,-67.18544444444446
78.54226311232,-71.44312448093
8.678541666666668,42.422583333333336
81.90720833333333,-68.89036111111112
81.91366666666666,-70.00288888888889
82.008125,-72.30733333333333
13.879972149290003,-72.50033454829
14.609156117019998,-72.64419393963
13.898252480510003,-72.87001413063
13.922765365059998,-72.92578484531
13.98404488091,-73.26910346261
14.015594693530003,-72.52740303761
8.096666666666668,48.312916666666666
134.37135441072,-54.78384791347
308.1526400267,45.13439937628001
39.97583562713584,-34.64358213158473
14.11798955923,-74.07681706741
14.121054432310002,-72.20964934336
117.81820973174,39.20039850978
14.188671642479997,-72.81555466633
14.29992397142,-73.05058115723
14.317735170000002,-73.48420323002
14.341081770600002,-72.96750338996
14.041477520339997,-73.63015113775
14.053638735640005,-72.9184485163
14.05690456296,-71.9104767922
14.066982747899997,-74.02896109464
14.586547967030006,-72.91727277951
14.96778688485,-73.93938742798
14.97821634194,-73.13639819727
15.120840410359994,-71.52833286461
7.970689813009999,-74.5633247029
8.2209417797,-73.11017189586
8.1607585793,-74.78682904506
8.338764752470002,-74.03014652466
8.35512029795,-73.74815527673
8.53061225242,-72.71624418926
8.645604108790002,-73.10035181977
16.133564746180003,-72.86927751973
9.573790568900002,-74.55064658483
9.561651024880002,-73.36159576033
10.098803826980001,-73.81545651000002
10.2643293243,-72.64431880968
10.26517926643,-73.40985710973
281.12770200126,11.83762685086
10.739961798299998,-73.38142695027
10.703395635710002,-73.23831730626
11.594464154489998,-72.44374478543
11.57561131954,-73.87541188718
11.63586553117,-72.38250953616
11.804375572540001,-73.63833092552
11.76225737363,-74.00896586806
12.281978299060002,-73.03571791332
12.251889314379998,-71.87852841865
12.2465638639,-74.51398117995
12.28352407828,-74.00379546232
12.402018222250002,-73.065859319
12.7291057277,-72.10422198146
14.15413312193,-71.41758888756
12.855382986529998,-74.41695760348
12.85399557741,-74.65298930776
13.20230068508,-72.8185519385
13.48382224516,-73.14626515889
13.50773033359,-72.76929737425
13.51866178111,-73.52775581516
14.533933697999998,-72.33669563785
13.61574398571,-72.86566200005
13.61496425108,-72.73107584399
13.811015513250002,-74.36679518413
13.84736321522,-73.15330739699
14.00769578555,-72.84371350474
14.015996887519998,-72.98096338508
14.0420076211,-73.82628489786
14.04060070189,-72.14892024285
14.12146606685,-73.19415880439
14.212194884990001,-72.90440086023
14.532404019890004,-73.25630128506
14.549177415509996,-72.87796220662
14.908160668920004,-73.40367917427
14.350995169659996,-72.5583456168
14.348343766410004,-73.24497359191
14.35319809243,-73.49906532625
14.644485573840003,-73.3867475751
14.657856214389994,-73.6833372783
14.85011538616,-72.8202284565
14.917893843999998,-72.67785338823
14.845025276279998,-72.14223427787
15.02044025542,-72.92501323958
15.064668699210001,-73.57285218537
15.086440231709997,-73.29790342031
15.067254885199999,-73.62061667817
15.24039034382,-71.81129033617
15.165244303410006,-73.03147431463
15.19137768352,-73.07745539636
15.551734945499996,-73.49334551923
15.382857906909997,-73.09920309558
15.864670375669997,-72.82405932524
15.77014356681,-72.69228941794
15.7970190616,-74.22547121494
15.832591260219996,-72.67841733794
15.85677571409,-73.78886917192
16.13979550062,-73.03681935277
16.17859599985,-73.3706711253
16.166032736159995,-72.26585080448
16.84501154513,-72.78700391132
17.078386334829997,-72.06495025642
17.14620699707,-72.26756238785
296.164886,-14.853178
17.82889034733,-70.10175831862
17.87664523509,-72.71717864024
17.734434897789995,-72.31881313664
17.773355344030005,-71.71336481962
18.503214958149997,-71.52402965931
18.32913960936,-72.25833631435
18.4788550408,-71.75810129885
19.12611796418,-73.06946346743
18.82685044007,-73.06561804704
19.16286679559,-71.78454747107
8.299941666666669,48.51141666666667
8.289908333333335,48.49429166666666
8.302108333333335,48.514319444444446
8.318870833333333,48.53303055555555
8.309883333333335,48.49526944444444
8.322766666666666,48.521927777777776
9.763041666666668,48.33008333333334
9.748337000000001,48.361482
9.75275,48.32636111111112
9.758333333333333,48.33591666666667
9.766791666666666,48.3455
9.722375,48.33538888888889
9.7339125,48.323658333333334
9.7184375,48.3306
9.742124999999998,48.33836111111112
9.727441666666666,48.31860277777778
9.739666666666666,48.33119444444445
9.735104166666666,48.330597222222224
9.713104166666668,48.33012222222223
9.72185,48.31430833333333
9.736570833333332,48.31399166666666
9.747933333333334,48.34531944444445
9.749841666666667,48.34150833333334
9.752916666666668,48.337250000000004
9.757166666666667,48.31877777777778
296.22286541908,-14.71019730028
80.03116666666666,-69.42769444444446
62.89463800876,1.5570318718300002
182.81158623373997,-64.43675766189
281.60025773549,-30.25290426992001
189.643233,2.648892
216.20737499999998,44.526583333333335
226.2823375,-49.780325
312.33494621147,46.80381908793
100.37296513481,40.99185820393
105.00721720444001,35.09889467903
313.37736116059,47.75799466326
10.956208333333334,-73.77041666666666
255.61530416666668,-40.48218888888889
18.86108350106,-70.33369974698
19.08800949319,-72.24574488397
19.149956874790004,-74.6413093625
19.17188820212,-74.39726953011
19.34000209438,-70.34313306695
19.39516459249,-72.69065785455
1.2395301038600002,-76.41880800962
3.7781760767900003,-73.49105367079
4.765682164849999,-74.21705613597
5.099988755190001,-74.57254842583
5.52042185265,-73.47166168034
5.91459467367,-71.63743029715
6.74915710343,-70.90059812395
7.126474632919998,-70.7036442336
7.190930878399998,-69.96352133438
8.28995120784,-72.3967643789
8.65442257423,-72.94494043652
9.226123688889999,-72.39819514544
9.628100835030002,-69.70130168248
9.6546698876,-69.62850370709
9.841069847429997,-73.73881984409
10.260524664390001,-72.17187961405
10.3379,-70.69376388888888
10.50824672618,-74.19242485819
10.54359521356,-73.12630802716
10.58326307851,-74.01534789663
10.683442095870001,-73.20960732712
10.87074741898,-73.70032934881
11.098244940670002,-73.13639394674
11.25627633269,-73.38001514774
11.369138230389998,-73.26469754527
11.534913296730002,-73.79052465494
11.570394419799998,-72.35323375622
11.69692689544,-72.3997784405
11.823785277434164,-72.90599750127278
11.8339974336,-73.37233093651
11.922714133009999,-73.46202799673
11.981945119780002,-73.66458368004
12.057881425209999,-72.44481794998
12.203821473970002,-74.62083221537
12.2413161793,-72.78392917096
12.487083333333333,-72.82347222222221
12.75473670416,-72.34379838729
12.892968325110001,-75.35237172127
12.949946512499999,-73.20568726699
13.122790763809997,-72.43272827813
13.132060229599999,-72.60420331143
13.16184146808,-73.15339276794
13.18114933764,-72.90621459991
13.209594215770002,-74.48690064095
13.23047247328,-72.33708316592
13.266720600589998,-72.13539541869
13.31341727885,-73.03378020749
13.420106850729999,-73.44110590773
13.47636992209,-72.64245992569
13.47936303855,-72.44222662638
1.5532825755500002,-75.27254101868
4.99878932135,-73.63776936984
5.386276806849998,-73.87296976048
5.893799006500001,-70.63283092307
6.9683113058499995,-70.87536201661
7.182371134739998,-73.9535358143
7.74721752605,-74.8988999483
8.237095999177502,-73.12199382558444
8.774329517890001,-75.13500939914
9.06988868516,-73.35919894311
9.250299095109998,-74.64480299411
9.477707695350002,-72.00820945376
10.17899174641,-72.87660917211
10.311068870450002,-73.89051462505
10.39096201141,-70.52522636597
10.526839876162082,-73.66293604364417
10.66718234512,-70.56573346497
10.75582185634,-71.80236711932
11.40787495353,-72.77194251384
11.81076854142,-73.39097255106
11.94530386013,-74.21593705965
12.04960881042,-73.17196284774
2.8822751265099997,-73.99835655468
3.8659970241,-73.48620942786
4.636963047190001,-74.08891288395
4.787970497950001,-74.00324978342
5.2328010708,-75.25727285582
6.8870100579899995,-73.59888133161
7.168026020659998,-71.37828777514
7.63203792534,-73.19314516234
8.066840704580002,-73.24079293546
8.229883255349998,-70.19235772367
8.31234936109,-74.03660427206
8.514418150649998,-74.4679085983
9.06340983218,-74.26451455713
9.236220446579999,-72.3180939171
9.293409670359999,-71.76063743057
9.638173479359999,-73.05492864221
9.79106739843,-72.76055026582
9.930996079762084,-73.25311650900667
10.152787626439999,-73.74747425599
10.297872631880002,-73.66032347286
10.510970693280003,-72.99569844544
10.557611389690003,-72.98300074546
10.75285511174,-74.49747312857
10.88719178663,-72.40658327615
11.2271066908,-72.91896628867002
11.282966423499998,-73.25664705744
11.40514951253,-72.0140257832
11.46036989263,-73.7110364195
11.56174394549,-73.55499572336
11.631292632809998,-73.97837741679
11.82559856057,-73.00986519912
12.06831621266,-72.30634622577
12.216445346189166,-73.34946942626695
12.425096905529998,-72.4062246246
12.487949835409998,-72.14078709692
12.56838228831,-73.58531980361
12.70556389769,-73.62699481362
12.90850536158,-74.03517583463
12.97933455378,-74.47620768778
15.687082941999998,-74.94019108829
15.69906342416,-75.43990922851
15.793831606650002,-74.04116549024
15.956107974209997,-70.73014334044
16.119231373760005,-71.67892596856
16.383961415580004,-72.02816913076
16.546091757529997,-73.30951473418
16.56318380014,-72.28139726392
16.56593032749,-73.29349145323
16.571176019409997,-74.63684909462
16.59752800241,-72.77055054497
16.69307339561,-70.83157987907
17.0046896105,-72.88818361022
17.00680688604,-71.08524054094
17.070375000000002,-72.852
17.11776589873,-72.6121822486
17.221675135239998,-70.37514248948
17.25932340709,-74.1856795526
17.28746411981,-70.68241818799
17.32654932891,-69.94981481627
17.396273545250004,-73.24986393328
17.41166614284,-72.16794648224
17.715497521779998,-72.83182813796
12.116435009109999,-72.72701748554
12.59712352627,-74.12648736352
12.71065268342,-72.62203590887
12.851060619009997,-73.38520004641
13.040104962739997,-74.60581615381
13.491144264420003,-73.37028354608
13.512848356650002,-72.49113938764
13.524965078679998,-72.40910965779
13.529606901390004,-73.27069900919
83.33475,-70.70363888888889
13.69610158947,-70.13318148886
13.69755562608,-72.83666094268
13.697711089810001,-73.18606572016
13.725625,-72.85472222222222
13.8277070508,-73.46993576794
13.814386089,-73.58277624652
13.815993266120001,-72.96368941614
13.878807397120001,-73.1719443412
13.981231209360004,-74.14471121908
13.994225271139996,-72.84260095578
14.029814522139997,-72.15912456068
14.103392500740002,-74.12116956307
14.18256183616,-73.53175438078999
14.213877725790002,-74.31566529586
14.248120591939998,-73.00621396819
14.291254460519996,-71.77056194433
14.332345161699994,-74.16472099116
14.48834777546,-72.28343975143
14.503916326529998,-72.30080129367
14.513285261360004,-70.9265743323
14.540874459910002,-74.09614225366
14.577241650479998,-70.42804341499
14.645233493469997,-73.5363795816
14.649320882539998,-72.98323258249
14.661278835960003,-72.2610592561
14.728711862100003,-73.79267285248
14.742409566140001,-72.6532154484
14.792855460330003,-74.51903565625
14.855445349049997,-70.55263199682
14.872853479650002,-70.30420081977
15.009411571800001,-72.70657118207
15.039071601970003,-73.37280632821
15.106876990780002,-71.6916784754
15.121326003340002,-73.20570392505
15.13519864883,-73.06419189092
15.23313436765,-71.62476184244
15.346955196350002,-74.10535422116
15.373234951770002,-73.83457117801
15.57861648342,-71.99150617245
19.857009942759998,-73.48396627541
20.02430851253,-69.80549221799
23.40493617946,-71.76017321528
24.03553139374,-73.69006652633
24.75037670584,-70.22299800146
17.74045660256,-74.11607723449
17.77114586003,-73.21628191894
17.84779005825,-72.72188368515
18.37876414983,-70.78201728814
18.609838196110005,-71.74921867849
18.686474035209997,-73.36918572236
18.84363035177,-71.31988335947
20.431213494489995,-72.36558888992
20.44631367022,-70.20823241939
20.6946626866,-75.04963417412
21.409067039580005,-71.33400853438
21.652420502440002,-71.09749704758
21.718865861229997,-69.95296521727
21.83915510076,-73.96649333039
22.30714098747,-71.3373761337
22.46947373557,-73.39283411784
22.504584100279995,-72.5794479262
22.859034594029996,-75.65042620256
23.132860440230004,-71.94149191925
23.161653638580002,-74.83424619847
254.84265490407995,-21.380407581159997
9.47397151028,-74.68386155779
84.93746844193,-70.43977817208
84.95043358719,-67.80085836596
11.86875760131,-73.68366877762
52.4814109542,-0.06501210285999999
86.48725,-69.70672222222223
86.44004889210167,-67.18892414612723
106.45775368899,36.70966409015
15.131351530539995,-73.12326222646
87.96490974741,-66.30163514909
88.1806611981,-70.33942359661
91.39645833333331,-71.61716666666666
19.01773657143,-73.07150743495001
18.00569357452,-72.6285993975
21.510408590340003,-72.31966287202
22.0108274938,-71.78450504881
22.346358504109997,-72.94722299484
18.04796874362,-71.27577289075
23.46654725226,-71.8292520735
4.352118741970001,-72.96614966106
28.11837342053,-74.94902138113
27.53928512587,-75.1844651701
18.067662317739998,-73.11250832797
5.61393862677,-73.24517064391
12.786922515020002,-74.90811956348
18.184555876999998,-73.29209857307
18.189108593510003,-74.05215482499
7.79703592524,-71.94517426905
7.886565722459999,-72.83864700946
12.28332111358,-73.13187343385
11.678822275919998,-73.71899815847
11.511354978839998,-73.68773052894
12.82091458795,-73.70081704019
12.24409398125,-73.82978960997
12.401073598749997,-73.28167815507
15.015755819589995,-71.70828064628
10.933442802850001,-73.00846335306
36.15142657198,-56.12338701488
12.38335010357,-70.64638853819
12.806925073470001,-74.95710123636
13.10451405594,-71.3057595978
314.85987533671994,46.32495252962
85.96722167487,19.21311991658
15.39312631782,-72.44311246264
17.36423181241,-73.37255926961
17.6254340186,-72.79814549929
17.631573756839998,-73.07691372052
20.288651262209996,-72.28980970158
20.45463648813,-72.712456381
22.62945213058,-72.80257570084
14.501113805209998,-74.44770968484
10.373803961719998,-73.41223585201
11.83022343429,-73.32263584008
17.19260134928,-72.07540735589
22.31493891135,-74.55443328344
14.906414989889997,-73.12468877608
301.95,33.71666666666667
12.867362499999999,-72.66565
117.57410543994001,-19.49078814903
49.25143144739,0.85899138896
259.74197382511,-11.182232737639998
17.894258205319996,60.16087797363999
5.61175975734,59.192643708220004
117.44735806646001,-20.34591305234
14.436315092706252,-72.47130431262778
14.451607918129998,-72.86535098059
14.880493283188331,-72.84319091027609
120.9082041666667,-37.00685
168.32485750078,22.14527560636
78.72816560847,-70.29819046555
13.956034084194167,-73.43163085183278
14.17048291724,-72.16921238536
14.246949103980004,-73.52975899248
14.082231118130002,-73.65120649096
14.09625,-72.98891666666667
14.946088701850007,-72.71094413606
14.983916666666666,-73.04030555555555
6.960963358040002,-74.1230370823
9.19356563951,-73.70582333238
9.61022630957,-73.32123089934
10.45048194009,-73.32096436516
11.596623122010001,-73.34986760966
11.1785,-72.98741666666668
11.178133770880002,-73.51212908393
12.25134869321,-73.37328115127
12.564212339850002,-73.50965443431
13.045583333333335,-73.17625
13.65584296496,-72.97520619358
13.329822381980001,-73.61779522522
13.58224252734,-72.75767511602
13.77228927707,-72.90220222778
14.55129091982,-73.4467759089
14.009878555609998,-73.58834448558
14.26765424494,-73.17973705192
14.3504197338,-72.47558047779
79.17529614332,-70.156787428
14.45341717417,-73.5504915253
14.438962073380003,-73.41941856219002
27.38019478347,-73.72606569691
12.42241714295,-73.27328740573
12.27194622492,-73.67543444648
12.186303815479999,-73.29850536105
12.704503782129999,-73.10126129347
15.644903238589999,-72.15125242694
79.10770791432,-70.00789847159
78.92503929317,-69.96404076027
98.17566572392,43.2870049612
77.40541404845,-69.93332926801
17.24256910043,-72.69506397774
92.25233313371,40.90962426947
67.27518943225,-73.63699465979
67.32510219544,-73.06317578758
73.73433331910667,-73.2649053476086
74.35927780401,-72.94127733368
72.75425293896832,-72.52449284961139
227.03743288807,67.15597875483
227.14862818658997,67.06140714316
70.61785660094,-72.12412623708
73.21297392288,-71.82545580744
73.56949269124,-71.69816851744
61.70353266459999,16.471780266
100.09789820848002,42.73637709108999
99.11016233173001,44.59424631506
16.20609228339,-72.70717292926
72.83243264557,-75.82120230119
72.41060370667,-75.58288165045
71.24298994997,-75.61488051068
69.87065401557,-75.17423049142
95.55767653711001,46.076740555259995
27.246195918469997,-76.1636160604
25.99933508577,-75.72702881483
32.18108631050999,-75.02034558716
25.872759963679997,-75.57246106874
25.886130518464586,-75.51190244605972
19.804178328960003,-75.09072402635
27.01288090047,-74.37766278867
26.214941982610004,-73.68441073475
93.96579166666668,-67.69969444444445
11.93612930459,-72.63789315819
85.6859072101,-75.78417035444
86.34914295929,-75.48036037281
84.21850055161,-75.19448098846
83.04073345166,-75.52573280071
11.982666666666665,-72.89072222222224
81.53287662915,-75.19374307544
82.40343439337,-75.1097922581
82.58802635245,-74.97127196685
81.93444086985,-74.76719156362
83.70421300794,-74.54812126677
82.32339317439,-74.71758148034
81.74857532275,-74.55330784039
82.54560825877,-74.21066709827
81.82856222868,-74.09645203895
79.76292625741,-75.52834262459
47.15444830847999,0.86585771306
12.68900492468,-73.3110079928
17.63435,-73.08446388888889
74.96367657316,-75.31699232519
81.2328075152,-74.65132934091
81.10977258199,-74.6185874006
80.56237647554,-73.70057485743
79.06767283115,-73.66834315656
76.33437965201,-73.66097295735
76.31303833892,-73.39814080336
76.19564886497,-73.30912895913
76.64511064117,-73.27055514156
75.36260336721,-73.06966370889
75.86318239563,-72.60507747392
75.25400267727,-72.56438504264
89.46345944069084,-74.95948360764334
89.67686440025,-74.80395216421
89.15559990762,-74.58673950832
89.22973851682,-74.62356827737
88.62008495218,-74.69145284414
88.02697548715,-74.45104416947
87.94812421001,-74.3059055733
89.96428449758,-74.43063320936
89.29114102416,-74.40406975205
88.14886181299,-73.62772398885
87.31529707484,-73.55825383333
86.73434615379,-73.44279659565
84.60680759667,-74.1699183566
85.04473818401,-74.0463946473
85.10264612717,-73.92076137413
84.16713453252459,-73.53227811711582
83.48874687776,-73.88480779386
82.26686582523,-73.91336307566
83.16981751699,-73.62712411568
83.51406552301,-73.4841919909
82.5347927276,-73.39068312595
85.864401455,-73.53668812938
277.10558333333324,-11.022416666666668
83.42964173404,-73.32835470648
83.47133558887,-73.19449295362
83.65199875112,-73.1134891899
83.67178648415,-73.05315131092
12.225938175309999,-72.53929124538
83.37082603683,-72.92786758458
82.83759026043,-72.79057454637
82.90825755891,-72.52841490413
89.0939470269,-73.68927156532
88.31345354767,-73.38429352465
12.26583960351,-73.68918417772
88.19751934371,-73.1304614289
87.21259691205,-72.59336977823
89.54649722309,-72.70247518088
352.24488749999995,69.18199166666668
53.881075,61.147236111111106
124.826259,-21.737329
94.90429166666667,-67.31216666666666
12.324704166666669,-73.67353055555556
84.55246301238,-72.71890432192
12.349000769780003,-72.23924213431
316.79037430806,49.911304167980006
82.60569452248,-72.40200401448
95.1966523489,-69.38147653473001
83.99376868747,-72.17837671434
85.23426401603,-71.55173897513
85.2490480769,-71.52033789965
85.2658444362,-71.42226565817
12.21859226609,-72.5597776139
12.595291666666666,-73.38047222222222
81.3368454428,-73.24305908626
80.99827365261,-73.28829500839
80.735862815,-73.09138252886
80.40329479881,-73.02733691447
80.37560578318,-72.94022243363
12.406,-72.47891666666666
79.23937693264,-73.10002256606
78.86863298668,-72.96676803383
79.88863177301,-73.03141776092
78.71004999163,-72.56593799385
82.37225685278,-72.44967915236
81.76801666062,-72.34470832973
81.43867985318,-72.22836704201
78.86055514453042,-72.37692778565639
80.73820540745,-72.05588696637
12.537072473670001,-72.91435974679
78.27288845321875,-72.4537587175264
77.68958357076708,-72.16239277854083
76.5122642298,-72.44436660493
75.92474238119,-72.39787709468
75.51540138793,-72.39661250752
78.9002522555,-72.11253257229
118.01670517399002,53.94816459665999
76.07218329472792,-71.7373691356675
82.3590855212,-72.1063179136
247.59997199999995,-51.124573
82.25891541913,-71.94162231171
81.97151652438,-71.96425623943
81.85704138580626,-71.63029417322056
81.45203685451,-71.41952739472
12.746625000000002,-73.14536111111111
82.82197675325,-70.87284571922
81.97958186934,-71.05251401403
81.5165667749,-70.8684766341
56.09491,-43.53451
13.85925,-73.61580555555554
78.95033842738584,-71.19287730032333
303.5052706198799,34.05056254189
0.4948333333333334,-15.420472222222221
88.92152353845,-69.93815343182
3.9009079081,-74.06725773382
320.3767997361,56.20373395308
86.49073393165,-69.37894659164
76.32390574597,-71.76915502099
86.28268894259,-69.40662828004
85.52187014035876,-69.3134534079389
85.08316218465,-69.02329167819
86.67331869377,-69.33895813368
78.7697338038,-64.81985661912
193.87624161323,-27.20425101871
122.33439900000002,-36.407433000000005
82.62706258329584,-70.51627051427278
82.19132772831375,-70.29797602387251
323.72542760197,58.60436535057
82.07964572109,-70.00700870977
16.34670865833,-72.67478996137
152.08316095854,12.294826075009999
81.24022782259,-70.13562454812
109.38371249999999,-0.86495
257.188273,-46.770644999999995
53.531662499999996,57.146030555555555
67.36689583333334,51.017025
294.58969999999994,26.985844444444446
80.7268901457325,-69.73251506562778
103.33167775670002,57.87488293399
82.68332193333,-69.99967184656
91.000197,7.431114
73.15781544145,-68.95795216782
70.06516536617,-70.06649282192
73.87570259902,-68.9251557495
75.46653858191,-68.60182495747
75.85020078928,-66.89425628856
74.49000384034,-67.83074673215998
82.73248390550624,-69.60212734107722
75.63041519088,-71.21611739822
76.3771180492,-69.995636984
76.06115302086,-69.43989801039
77.75382305109,-71.22701670764
81.85498897063,-69.60315388186
78.24719225351,-69.62762272302
77.93377935203,-66.85333007354
77.96528037969,-70.55896591457
79.40306281716,-69.05051287431
81.66932793243,-71.5007734235
81.5752462225,-69.13509179953
86.45772447488,-69.11883007602
83.17600436275,-69.80306979159
89.75039559164,-69.95786443312
86.2137063054,-70.68657267826
86.05281267795,-70.6085397855
87.75425906516,-69.68011251228
86.00373469678,-71.10566542567
86.66945825457,-68.44216782299
85.51366629853,-69.81797279124
93.69906376737,-73.01857808157
12.77724399904,-73.08425167056
13.592870833333333,-72.72490833333333
13.711477467256666,-73.10208648775445
14.29575,-72.51666666666667
79.36776598942167,-69.16585077176306
71.81609957178,-71.59792908859
72.15538866731,-70.87619402139
70.44210206707,-69.76991481101
64.67166580312,6.13863504696
64.45405386755,6.88625625258
76.70511391726,-69.4870731326
76.04232311176375,-69.12872867022527
74.9426368603,-69.30593231234
74.33865221753,-69.32185257945
265.0869083333333,-30.38267777777778
75.18725325694,-69.23950180915
74.9530993654625,-68.9405380691664
138.39845367076,49.41241569034
73.0038693091,-69.45903050151
71.74695992836,-69.66497550542
274.32072774381993,-21.9138711192
73.57996904383542,-69.21895997640944
146.02788218647,-59.34085373644
72.71587195324,-68.63946793506
14.759161832259997,-73.49714782534
71.97146403332,-68.03817046905
67.39802967356,-69.8326802649
67.14344382447,-68.83950795011
70.74905296306,-69.30224030838
70.31166563549,-68.63886419496001
133.0930848036,49.76954799064001
296.12981385446,-14.832343210950002
135.81355558994,50.09427003577
85.10851436146126,-71.34597064024166
86.07623202101,-70.88900542593
221.109411,-63.557773999999995
254.78501067756002,-45.01535607867999
86.22110272408999,-70.50031176887556
85.72869856293208,-70.61601308258221
317.64914433217,53.79467018307
84.20286042635,-70.1815001414
84.08616680614749,-70.10154592626138
0.4994166666666667,-15.494805555555553
84.18945945458583,-70.0517690566611
40.00569607405,-34.33859201821001
77.39777184851,-69.02354704122
139.60167827909,51.402067275490005
296.47920960656,-14.974164581520004
296.0200814347,-15.036693488760001
79.50897838807,-68.92404341878
79.58934868306834,-68.77755854963667
79.89240379102,-68.50048156136
79.65753209826,-68.4043744389
78.65766523186,-68.58185726877
145.54148947107,53.9553148446
82.4605497628,-68.78929655706
82.33097311834334,-68.78417780760472
56.10575,-43.52939
83.3106862402,-68.49517965348
81.91469448262,-67.95272912709
81.28349279074,-67.44051637127
79.49285728423459,-68.06211146417833
78.35150925348,-67.71548159283
80.2447326665,-67.52992622737
79.5527594404,-67.34012509536
88.05050813913,-68.26135737982
88.43281997274,-67.78419621206
8.307300000000001,48.51976944444444
8.457541666666668,48.58188888888889
8.471625,48.67391666666667
85.42002331896,-67.46529772316
88.35152845458,-67.35526706879
87.19515681951,-67.05909425085
89.49044145792,-66.96724550968
89.151349298,-66.56743429933
87.10685994845,-66.49646762015
84.58812945369,-66.08852151558
85.42290732545,-65.48542492975
83.75742357707,-67.64707727615
83.85623109728,-67.60698877811
83.08907517337,-67.49226622836
83.87584490735,-67.2121630532
83.63653895961,-67.14467408168
83.17089055846,-67.2968023177
82.88119264247,-67.1457242407
82.38062371691,-67.31294085811
81.76910227626,-67.30300452335
81.65707647511583,-67.25168772710333
81.90493577507,-66.99706390538
82.35913078552,-67.0062632678
160.9149020449,-60.17281469301
83.75878248881,-66.64821244134001
83.68534980918,-66.44252773966
83.30517211083,-66.42230635908
129.11521610681,53.29769582945
82.4523382224,-66.58828885608
82.16565487186,-66.36753544156
80.89669579501,-67.03395599786
81.25317188538,-66.9329145676
80.99112115887,-66.76983680234
80.63543503537,-66.95029235637
80.65732606613,-66.836622618
80.87388326151,-66.38270991847
80.71043799691124,-66.23364527657334
80.19855009534,-66.29706891699
79.22273795151,-65.87867846396
81.07710895819,-66.20103976294
80.97317343056,-65.79454397106
80.07595854895,-65.71212653183
79.7285187129,-65.56322959345
79.40148526034,-65.49456690268
80.46051680602,-65.59155388163
80.07884510006,-65.32436977611
83.71968609694,-66.21183570266
83.15326697279,-65.99635022245
82.05608064897,-65.50670002281
333.41343243407994,59.42364694393002
83.8589133824,-65.07236223463
83.59972162749,-64.90331906676
83.27610842219,-64.96418271412
82.31238815622,-64.42660942133
81.82024480993,-65.56312569985
81.70838087437,-65.37330275059
80.90951412804,-65.15011129839
80.96221363358,-64.9481197909
80.56590364124624,-65.18110235737223
79.77274039372,-64.92658249448
79.75113216789,-64.91887950454
81.83907175865,-64.37756757245
82.0167157852,-64.13951366164
81.37163134265,-64.19724366683
80.47072906955,-64.41342128687
80.87173575981,-64.25259312399
76.79767501995,-69.19600044485
77.05836128076334,-68.82859501008333
339.86838346772,60.065647553309994
81.82115679783,-72.36957435373
78.67185238642,-71.95046200618
75.12358680062,-66.07122834905
75.65230968438,-68.85371602358
71.90118242491,-71.10970029993
71.42940909496,-71.46056739437
340.61810547707,60.65539744379001
75.95160325962,-66.05437860143
75.53446883591874,-68.71508796073861
76.04836431114,-65.68123383185
81.47754798715,-65.34363887877
74.82233593878,-68.73674923619
74.56950061188,-68.5794894231
75.5469735054,-68.20427366073
286.34400371833,8.217512785930001
75.37904467366,-67.69593978519
76.17577619915,-67.74954809659
323.4979333333333,55.85471388888889
74.72060957541916,-68.33646720166695
73.76861082154625,-68.2563413849286
72.85275959211,10.754942731
73.21236604954751,-67.40259476184917
72.98789990634,-67.4673645076
74.02946634563,-67.4032166844
132.408732676,58.07071300493
16.21033333333333,-72.63155555555555
78.07512123875,-66.54400506024
77.71455892973,-66.17921172423
76.54391283954,-66.53500901103
74.94868956724,12.13694063347
76.43371473003,-66.16223408094
76.50810478996,-65.95607946114
90.20284847288,-68.59060258901
75.00717712961416,-65.95653092806835
75.67336290961,-65.54427080442
71.54909237904207,-67.50130529347334
71.97756753321,-67.14313760027
70.61950277956,-67.11953332399
156.24143745036,-58.65469942703001
342.24074590204,61.44993049103001
17.68330712782,-10.519410917509997
95.46666666666665,-72.75833333333334
341.51397043121,63.547954859499995
340.9407850210183,63.62107636307611
342.76722935671,64.27318989831
78.13362126398917,-69.26122331864359
291.775,10.8
293.525,16.35
308.7149027991542,46.53824730551444
75.2673631724,-68.9695369876
299.8,31.533333333333335
300.06816976801997,57.23350456354001
77.18095933824,-70.33114716473
77.50746902009,-68.98867390709
289.49593014719,8.885763854170001
285.2665994322,87.06236465684
296.20378461016,-14.755292089969998
59.90337225528,8.48353014377
60.430644358449996,8.70294865221
59.08348965526001,10.673620021359998
8.238291666666667,48.49071388888889
66.8711384674,54.47770988837
238.17135623681997,30.88374589273
66.43829990483,55.337691069890006
49.936136714359996,-25.10221312231
51.51944009916,-26.86076128541
106.85320452739,-22.201497165250004
9.728041666666666,48.24980555555556
8.350241666666667,48.50817777777778
8.3638375,48.51374444444444
8.272670833333335,48.505027777777784
8.366308333333333,48.51358888888889
8.372891666666668,48.49805277777778
8.328666666666669,48.611805555555556
9.776108333333335,48.34836111111112
8.150916666666665,48.418277777777774
8.354283333333335,48.51153611111111
9.672416666666667,48.403527777777775
277.90112704880994,-8.59107853296
9.773412500000001,48.32578055555556
8.379166666666668,48.5825
8.469000000000001,48.56625
8.2780625,48.467055555555554
8.049708333333335,48.51722222222222
9.916958333333334,48.31875000000001
9.691374999999999,48.362625
8.289875,48.43808333333333
8.3345875,48.52070555555555
9.78055,48.32925833333334
9.728908333333333,48.33785833333334
9.715520833333333,48.35214166666667
9.777083333333335,48.3436388888889
351.62825,50.680722222222215
351.63208333333336,50.68266666666666
351.6383333333333,50.68572222222222
325.89029337302,49.14948808857001
220.63952403584,4.74401885382
102.74009421833,-3.598472068939999
76.20586090059,-69.52374436005
72.67118441479,-70.21407083444
85.1427775375,-70.51395046029
296.25978344838995,-14.822142408429997
103.27220701164002,-9.820912694250001
0.49404166666666677,-15.442277777777777
102.07443602650001,-8.955289765349999
0.4711666666666667,-15.520416666666666
80.22823079054,-69.07363391482
66.91113208564,-68.70406120061
68.12245274693,-66.27802454607
112.46407743179002,-28.018651890430004
109.18001404614,-23.7614376911
115.12877458461999,-27.512673136959997
126.44157482241,-46.12790413538
123.79631907096,-41.91795380191
127.72336026337,-44.75149747773
184.19043433097997,-62.57486054246999
209.08145967984,-59.10729887171001
246.63236506723996,-46.95699276169
177.50748923221,-64.35598688236
156.6632946184,-60.968960111840005
113.32454885932,-33.64671654159999
20.940125,58.92647222222222
98.25125894424,-1.69058835346
94.44569283795,-0.24410207200000003
98.4143426403,2.72529456385
107.21854010223001,5.7995190983
95.14095974816,3.89070235247
110.26821397940002,9.81062877521
66.43697900633,16.17063354958
8.196833333333334,48.686388888888885
8.219916666666666,48.36102777777778
8.148041666666666,48.53711111111111
8.166,48.55655555555555
8.200999999999999,48.40933333333333
8.221791666666666,48.60227777777778
8.274708333333335,48.44416666666666
8.2805,48.37852777777778
8.287441666666668,48.510933333333334
8.311295833333334,48.54920277777777
8.247670833333334,48.49048333333333
8.317750000000002,48.523111111111106
8.343791666666668,48.48211111111111
8.080250000000001,48.37536111111111
8.151875,48.42486111111111
63.45197926727,13.6215935378
8.16275,48.39019444444445
8.187083333333334,48.272166666666664
8.207,48.36947222222223
8.224333333333332,48.465444444444444
8.268266666666667,48.50081388888889
8.039708333333332,48.50994444444444
8.132375,48.35038888888889
8.214749999999999,48.51166666666666
8.085666666666667,48.399499999999996
8.259616666666666,48.47745277777778
7.871375,48.29111111111111
8.158833333333334,48.40258333333333
8.191208333333332,48.45725000000001
8.100708333333333,48.44291666666667
8.158958333333334,48.55455555555555
8.2,48.42330555555555
8.239125000000001,48.333222222222226
8.130500000000001,48.380861111111116
8.217208333333334,48.41738888888889
8.266670833333333,48.514427777777776
8.278475,48.540819444444445
8.274583333333334,48.561722222222215
8.293404166666667,48.46253611111111
8.304545833333336,48.505
8.324625,48.48908333333333
8.341058333333335,48.52329444444444
8.473958333333334,48.46522222222222
8.588833333333334,48.67477777777778
8.582041666666667,48.64366666666667
9.729167,48.359826
84.85971729607958,-71.11643158063805
8.248354166666667,48.51638055555555
8.249491666666668,48.54268888888888
8.262170833333334,48.521683333333335
8.259891666666666,48.49448888888889
340.84608822362,65.73001845582
228.93910166183,66.43459722404
238.93152198983,11.787610409449998
273.15971070925,46.24879446175
90.82483141292,1.9834569340100001
90.2032247352,2.2507845168699996
90.18595358193,2.3939381419
77.59389368124,27.7471299539
241.09617765989003,11.405541609260002
89.81982176262,2.7708461613399997
79.61774773553,24.56845295395
80.11857124787,-17.81185366642
87.41427979774,-68.74598572191
87.17919205469,-69.81161799544
87.67042344549,-68.93084494269
92.55954781232,4.11520587597
86.55738756647,25.710431725580005
169.64427816976,-61.889934314470004
172.93133610232,-64.11610434781
173.10805299336,-66.24330989427
173.42472535883,-60.625110813499994
178.42146077171,-64.92790196931
182.41361574615996,-66.56549540991
183.13564723102996,-65.17334943759
199.47450212797997,-66.57404935599
199.2372596509,-63.771758260190005
201.92737000126996,-60.91066431632
202.00469033317,-64.0348185078
209.05171013557998,-62.10045135809
72.45880001243,40.97515255425001
339.53836922618,53.52258275216
287.27090938515994,3.2678764798700004
225.41710027817996,-63.04826936855
281.68584037024,-6.56798628712
297.61716666666666,32.7255
72.40409168817,-67.77562627246
91.87272400557,-71.74939440698
86.21079364116,4.741597411169999
89.38643706421,-67.58412222772
8.269916666666667,48.48458333333333
8.523113168240002,56.56606345662001
275.59232599999996,-23.567173
292.70489499999996,18.253035
100.44666666666669,-50.971944444444446
15.637258473529998,-72.70496590512
84.50237087019,-72.7188767932
74.60489231243,-66.19887586715
82.51608536595,-66.28891762901
79.92895858344,-70.68392340496
89.72597736787,8.55326350042
189.78077539161998,32.95820957979001
97.15161553817,6.65714048118
283.20521130465,-31.209092979330002
13.544903695020002,-73.0508728262
15.053220157659998,-73.64838623301
11.563002791549998,-73.86963176728
95.95240308324,7.024845760760001
7.827242009420002,-70.66868751213
94.37966238392,6.58909304262
94.90506537521,6.81070719745
93.8625312383,7.09893744109
96.03515410931,8.44186915438
314.78598095573,44.54261895886
316.12336014180994,45.71457236191001
36.940346622529994,59.878807875700005
329.48290911033,52.87274793214999
330.02674466522,54.83791979253001
52.08200950516,-25.888616322440004
99.05205039705001,8.5908298682
97.26917347872002,8.19097281084
344.5637083333333,63.44302777777778
12.275539457489998,-71.14732702252
99.66542227309002,9.35686836567
106.54368899179,-11.75568998242
0.4943750000000001,-15.418249999999999
38.0874719254,-3.0609118303499994
76.4440180963,-68.60094246816
84.89494780768,-70.84466426244
89.66137481229,-70.274604953
296.26284599621,-14.76878029259
296.25955948805995,-14.81535154613
40.05687175001,-8.37162884727
287.42499999999995,13.533333333333333
51.29877992416,-56.37613377161
11.56661037375,-67.99240535271
216.16979166666667,44.52630555555556
216.2110416666667,44.5325
216.16379166666667,44.504694444444446
201.033713,-60.724650999999994
15.857509338460002,-77.55901556512
240.3720458333333,-53.671527777777776
216.18745833333335,44.53938888888889
216.19854166666667,44.528888888888886
216.2230416666667,44.53263888888889
216.16670833333336,44.52125
216.1675,44.52430555555556
216.20325000000003,44.54047222222222
216.16270833333334,44.533055555555556
268.58352599999995,-25.824623000000003
247.90396666666666,-47.26567222222222
243.24741001873997,-48.27649432208
240.33608993729,-52.78028379811
296.325348,-14.997614
17.090541666666667,-72.88416666666667
110.74821405479,-18.222705472600005
335.35854809651,1.70550214281
187.08074981143997,-64.45671134134
16.52402536423292,-72.4427558172175
7.776365980779999,-72.93526603362
9.52915242053,-74.2738158643
12.832172611499999,-69.15312023687
20.658486916289995,-73.10679109929
19.506578762999997,-71.97382741017
11.366515749019998,-74.58630872476
97.30577141412002,-70.94176465389
181.41018334406996,-60.59135962925
13.26352326216,-74.53932119561
7.302460166840001,-74.07696897205
14.49262066932,-73.95584803759
5.86976859619,-73.71735035326
12.91100268944,-75.22578485537
11.874153462959999,-73.89398292575
8.347844521920003,-69.41565046999001
21.25523681794,-71.18013733314
17.243172772470004,-71.45158146839
16.256270922240002,-73.44194683553
16.30846529435,-71.78517473903
72.59859859917,-65.1130116241
72.54803592642,-64.54023651727
16.327546133553742,-72.99541190672164
85.67296998596,-64.6009783074
85.93424990349,-62.8483240385
133.07392177941,-47.826040856240006
16.36324161581,-72.65974469328
141.70612102566,-57.33791678686999
158.88227987798,-61.75631124699
203.58382282973997,-26.22729905008
16.443700476130005,-72.83622102744
209.48318788781998,-18.21666113365
16.4548756248,-72.68378625095
220.72632565702997,-58.14692818856
228.94647991845997,-59.4566750696
235.62942076266,-52.78806649507
237.64979814779997,-49.626978691320005
239.81127399802,-51.72081324512
239.28123895503,-53.06514340182999
305.08962499999996,38.97530555555556
155.30159968505,-52.98756701845999
158.5536285128,-58.61034567342
240.949766,-48.98778899999999
0.48541666666666666,-15.479555555555557
0.4817083333333333,-15.446583333333333
0.4970416666666667,-15.47
195.86622941883996,-66.41018795215
230.26512957149998,-57.99971857191
247.92349014678,-48.28111685297
15.90907908219,-72.15763431192
88.39308333333332,-76.69869444444446
78.59553783518,-69.55129727076
80.50139251826,-69.13375785972
81.15702264963,-71.0668989634
83.59959442764,-67.95094262061
97.37541125576001,9.82189278158
92.55329598905,-69.72195947347
298.8,32.05
88.41833301334,-67.13013809922
96.18356902594002,9.930859032430002
15.983037169760001,-72.63856429089
88.39233898788,-63.27059422805
65.41832771155,1.52949717854
79.30554047683,-67.58037321
27.50688850431,-73.34255537705
231.5040945057,-59.01721157866
244.68569961593,-50.49368171384
123.2088191926,-31.55303812779
94.40548886225,9.62644479691
0.47816666666666663,-15.434388888888888
72.36084660588,-67.41646878612
79.03842224521,-68.30413747528
186.74150353581996,-68.40418767009
78.87136387663709,-69.18652247771584
270.38412164994,-38.94230519803
80.24071933349,-69.14316088477
281.61095484218,-31.342244808590003
73.49895110594,-67.76316790729
69.19116590132,-69.63576385451
71.96636756707,-70.39035850909
74.81018100637,-67.95291299583
81.26746670727,-69.11891520937
273.42005699110996,-31.49842328554
237.63764989187996,-39.73646864042
302.675,29.85
82.84563492852,-69.77961093213
90.10914642199,-71.25546033531
83.40317734143,-70.76343337822
159.28727916666668,-60.992919444444446
83.53367896453,-69.13131859615
83.95278871174,-68.55165748617
86.30094411638,-71.81432120836
179.04875408224,-29.709973882670006
93.16546966513,-70.45953313358
93.10613530453,10.51681576825
292.534,-17.66688888888889
292.4897916666667,-17.67827777777778
292.50697916666667,-17.685158333333334
92.59830827028,11.45916967702
295.82499999999993,19.75
97.61297303726002,12.24583444793
0.4990000000000001,-15.51075
74.5402106378,-69.92222587181
76.8901592660204,-67.04860003354666
77.6922249458621,-68.46385653376807
77.86929704873,-69.59219439333
78.57357656485,-70.47317524438
79.46604751163,-70.54200459854
79.48689343026041,-69.64386496326584
81.09803563282793,-70.19137919969806
84.22554430519,-68.50387644116
87.25200209018,-70.46255041958
88.04643266984,-69.19858794548001
89.62485908881875,-71.66822013518916
92.11991774744,-69.98101900069
5.2704343946000005,-72.25642733626
11.523537867329999,-73.78664887561
12.563696423496664,-73.21215388090972
20.4447969156,-72.99507107791
12.758499999999998,-72.9905
13.72544637581,-73.0550857456
13.29224134330125,-72.1985090951225
14.458613467229997,-73.16330078792
16.721127162200002,-73.76670890103
93.46012254437,11.911279424830001
301.37963539025,-52.69332543539001
89.13961316917,-68.03299381318
81.32771155475,-66.79519291802
72.9190125,-68.79300277777777
78.25739999999999,-69.56418333333333
82.40787499999999,-72.83136111111111
87.60866666666666,-69.93419444444444
74.69158750000001,-68.343825
82.525899,-70.511429
89.16154166666668,-67.89272222222223
152.04875365702,12.309303964339998
84.98952203254,8.971116604840002
77.84102580023,-69.58220980377
73.68909003575,-73.05519655284
72.51288235526,-73.90331265722
82.94849768629,-73.48567697331
14.975318953880004,-72.37211515097
78.00324583333334,-70.54000833333332
89.1708870119,14.819549640450001
89.62605509731,17.32243333796
148.66962269013,-55.33769179973
184.16345833333335,-61.33980555555556
140.27514215979,-55.05126042189
86.76872641294,-66.6645306171
141.363124,-53.378109
296.07311153274,-14.801688368619999
289.45,10.283333333333333
103.95969955463,-26.45822254511
287.90000000000003,14.7
16.5736678443,-73.27693102416
16.61454994296,-74.64354123266
16.719287184429998,-73.11353613024
16.823453779919998,-73.30896822414
16.861114926329996,-71.03101723676
17.0319375,-73.27722777777778
17.098638739429997,-71.8211755299
17.10133530333,-71.71851151778
17.12449078177,-75.30504096268
17.13500253887,-71.73110795533
17.16963275542,-72.72239456685
17.193642004780003,-72.68759340109
17.220228918960004,-72.50822406453
17.22024905727,-72.50382208778
17.25504674089,-73.33759539075
296.511292,-14.584842
75.06789668874,-70.34628376997
82.26005,-66.25771388888889
82.09648162197,-65.80098341047
12.38597014644,-73.29790241642
0.4935416666666667,-15.56238888888889
86.40290070418,12.27090255111
85.29829016339,12.298814383390003
307.4380458333334,30.144344444444446
111.76495550678001,-64.98679444631
82.41949340458,11.50538712112
82.90211704178,11.604314603809998
53.82864092116,-18.16480688781
17.430738265069998,-73.37954111146
12.5364031514,-73.1091134017
224.1975,-60.297888888888885
241.863273,-53.643578
300.84831529971996,35.35772975217
292.57732947927,19.017607058790002
301.56410340137,35.29007061042
79.42628365184,-71.66889039639
81.93757353802,-71.05161405243
199.05927259956,-63.171391557439996
296.3398357476,-14.745120385939998
92.5423758197,12.01316720495
296.24446723138,-14.754694351129999
115.37881014173999,-27.426643568350002
89.53133603342,12.29433508125
90.98612622812,12.923895797219998
77.77322230388,-66.31577967502
84.51561083816,-67.52409847866
86.95835823971,-67.65026212768
117.45798493154003,-30.336335414459995
75.30825030413,-69.75134652627
76.20460822329,-69.52152869702
75.25904671209,-69.97632743985
0.46275,-15.559555555555557
76.98007671006,-70.85817061176
76.91553197305,-68.46961347074
75.78527260897,-68.83536741734999
77.26398217986,-66.63490050449
86.22713056923,-69.99799284709
86.67658304361,-69.63233648417
84.67551226969,-71.58035519564
79.68283733007,-67.56180384176
71.12837946944,-71.35526488881
4.9965,59.32880555555556
12.20153173036,-72.28694842901
32.87858860388,-3.8288728043499995
36.13325514556,37.4924901005
51.74964846854,14.66583634115
60.290489238430006,18.46894247681
82.72169938041,-18.423497781980004
199.75463314618,4.33920852731
208.25548502517,0.78723167344
218.11981443820997,-5.521579577569999
239.67596746672,18.87953820984
295.5792305996,-35.32714321866
300.43329654585,-30.412940347950006
305.11527205054,-14.824251279320002
334.29134124472,-26.11760667632
67.8926036789,-72.53553161875
21.64550107401,-70.66325398588
105.28388924934,-68.31522503601
225.27884938748997,-5.5274543866500006
195.32698164916997,0.49740435541999994
190.90542774642,2.3583693825900003
292.91047660275,-30.041807092139997
134.98205625258,-77.88487066208
175.42655910666,-33.69256044274
194.23760690897998,-11.77190367843
343.15074620358,47.690406055770005
313.72730472298997,-28.4824341758
281.70951819896,-56.2341557054
333.99538549607,42.37957777454
288.60061473895996,-78.37815821076
349.33784527415,-24.19512680273
341.90835014468,-78.45480862695
94.42380012094,14.481054894550006
107.38419582097,-19.82730779032
106.43367844883,-22.418820391909996
116.42051699999999,-18.908103999999998
271.49647758147,-17.12552128687
280.68837916666666,-7.019566666666667
191.27846100000002,-62.560660999999996
167.51568749999998,-62.46402777777778
294.5540208333333,9.40255
82.27754121955,69.3544355779
295.92080580034,31.00702876171
86.71408349056,23.6418675824
66.86970048181,75.40743505934
96.85408333333334,28.474083333333333
94.59147010162,15.30428170732
71.14878871515,-70.53998115202
71.40936038973,-67.14241636779
76.39290051884,-70.78580370102
79.39768743167,-70.48252182299
81.84946395271,-71.51736905116
91.88062957317,-69.47495870769
296.26317348645,-14.898413677150002
92.59140376384,16.027650934339995
76.78541023962,-68.77585369829
279.00481835101994,-31.71673308192
86.90180729796,13.376757627069999
125.45991479039999,-36.1252200322
8.187916666666665,48.379
84.36243274798,-68.90446269442
261.13534453145,-48.27146079815001
93.09271972362,-71.40668870534
87.64378613676,14.823976110160004
85.37543768758,14.3062876153
18.62148463618,-70.78247327789
87.31872398196,14.68308241362
272.522596411,-32.35033057984
115.44160442862002,-34.57495395153
12.106958333333333,-72.73419444444444
86.3605343861,15.512584647649998
90.64426364941,15.376873530099997
91.41629660183,15.74660654047
87.15205399551,-67.91284257378
88.42085996905,17.99700505635
89.87233709325,17.71895197021
303.78721149018,33.08668699463
296.02117946943,-14.79679756395
90.19316777934,18.99081787949
101.23811927857001,9.84665460735
18.81779632465,-70.97531866031
100.94033030396001,11.672061197489999
0.5012083333333334,-15.514805555555554
118.35474951944998,-9.80422558236
342.79944720191,56.8634321771
118.87963782888004,-13.36605199341
74.14967774266,-73.21107954805
74.7384782518,-65.3962155887
76.82420111956,-64.4201148058
76.90261667027,-72.79124325087
77.36542626046,-64.44764403039
78.64363114945,-73.27071786793
79.03772462114,-72.21152695208
83.72288585052,-72.08823381912
87.07875626245,-67.23665237117
92.89225906624,-68.09416686593
93.1806596641,-67.57295282202
92.9681661175,-68.06747425989
93.32287079429,-67.83976738202
94.22199488496,-67.50377096991
94.891518243,-71.16880376633
95.51790815352,-68.00504204058
95.59075917828,-67.88490741651
96.11490683389002,-69.75196037893
96.21824125498,-69.74978322971
97.19768772884,-68.93010954328
97.5901354851,-71.02475263885
74.77916569169,-70.13532100218
93.42428975424,-67.47825614495
71.55972857929,-67.85458828781
73.1859220033,-69.09938639701
73.54011882724,-73.06449522447
74.13454111999,-73.1133786189
77.09885925847,-68.8280547584
78.7844421034,-65.43409726257
79.07706756764,-70.53636006299
80.43752547099,-67.69830109576
81.07371864637,-67.58355551336
80.80268312645,-67.73324644397
81.34819095222,-72.46552054911
81.91289628786,-66.50815302922
82.04445625609,-66.46662612294
82.16354609882,-66.31351157879
119.81262184395,-19.471766834649998
85.71868049683,-70.52506139125
86.02953587728,-72.58025956674
85.89274158605,-67.65789474131
86.58340091699,-67.7494084359
88.61607851067,-67.08464378865
87.24536893364,-71.47087103851
89.28896060251,-67.07634096104
89.26360613556,-65.37402293302
89.49045512103,-65.4648986176
89.32870581146,-65.62941788296
89.77872427759,-65.63668595669
89.59813503839,-65.5253964943
89.61215493492,-65.44402829327
89.81064118487,-65.29843750229
91.96482866905,-73.72949608362
92.57617336601,-73.89122022717
92.85814837636,-68.9239920098
92.93330203135,-71.45707209081
93.00900672261,-68.28781846216
92.95689872184002,-68.23653453631
93.61181447307,-68.30319708518
63.72612564745,-76.40125435446
66.10291025673,-67.13199938436
66.22829545117,-66.23349925288
66.31717019014,-71.78421160207
66.91038013123,-68.88934721887
67.01932879449,-67.38152785605
67.64976843687,-73.74895420425
67.18646609897,-68.25088664125
68.0818848687,-66.48009344563
67.97423067389,-71.13242384412
68.0986187046,-67.64133899474
68.36301615072,-66.19975313978
68.15328370457,-68.1314331624
68.35129701947,-67.67832175649
68.42467886198,-75.05642728049
68.12630546338,-73.81335664063
68.98562469894,-73.75167509829
68.88139421222,-70.80763124614
69.40752782275,-73.5996668111
69.69043931644,-65.56544919131
69.57339973028,-65.86845938597
70.16468629659,-63.8384797991
70.05235304466,-71.78474794397
70.23281373006,-72.9561310219
70.23322653603,-75.0425967902
70.45188959398,-73.62210490907
70.7345051403,-72.33109944373
70.80169183692,-64.86634330295
70.78417537284,-72.61237651754
70.91658333333332,-72.45461111111112
70.95202851304,-67.93031584191
71.12747532325,-63.9571611158
71.13012553259,-62.75807789374999
71.1249948831,-74.24962032101
71.10655844807,-66.11758647193
71.58296596573,-73.80725310251
71.66461747693,-65.93482504423
71.85168089979,-62.41649659005
71.77556456724,-68.83328329476
71.90394954653,-64.94385637885
71.99709867202,-66.08376771456
72.10240098889,-66.4443335374
72.03204270302,-66.69738906112
72.26872959137,-65.61059769782
72.2895864079,-65.99272198957
72.48075922041,-71.67813600925
72.47017125351,-65.76113144708
72.61757411346,-66.14631254952
72.58532138061,-65.93814006725
72.61883626556,-73.31719452045
72.66710614762,-76.77900423413
72.82129094527,-73.09909568118
72.83616998569,-72.79504638117
72.94376902932,-62.92202256189
73.09802771499,-64.45520979101
73.00465810782,-64.15218459403
73.04324696718,-65.28072277389
73.18129967411,-74.63974927595
73.14433333333334,-67.87991666666666
73.3176055535,-63.20737829055
73.27724587148,-73.29953715777
73.36694627846,-65.79285411905
73.33322690023,-64.54834503597
73.21014815656,-65.49886603353
73.26445259791,-62.94845656568
73.40820655409,-74.85659622242
73.55498797505,-73.94007207312
73.5261022584,-65.37787606125
73.53111150177,-64.50376756667
73.59701852316,-63.73547902680001
73.71467655475,-64.33775130374
73.81647304975,-74.4631112298
73.80216260192,-66.34893428306
73.95531025639,-65.5224994228
73.99415725191,-73.81181005059
73.87448842338,-72.00435661911
74.1917347881,-72.80445505361
74.20073323244,-63.96860921252001
74.26027389737,-64.31306857726
74.31970999169,-71.89311531862
74.34539906891,-64.32559075943
74.45027141807,-73.36530662288
74.64982819835,-73.20504022855
74.66704197316,-72.87061139884
74.70244729976,-65.18159703751
74.83447949136,-73.15960792203
74.86847594098,-72.16057220818
74.96612671998,-63.781412007060005
75.05195732684,-67.979001416
75.20928679632,-64.68190249701
75.30246867305,-64.08385216036
75.42778671366,-71.55552882278
75.43793126344,-66.29740043225
75.50327109444,-65.04013773726
75.53685028844,-63.38332767542
75.62451220432,-72.26301644264
75.62367049909,-74.87153244836
75.66604420885,-72.24357892495
75.72351823274,-64.30234785708
75.89960348419,-65.78703907806
75.86538895457,-69.60192573951
75.84766169261,-70.87510120988
75.95110084405,-74.50094469902
75.9848197064,-73.11543507304
76.06572517575,-64.15406071213
76.14263606932,-64.01974149668001
76.23969717671,-73.78050767386
76.24245481382,-64.13336639687
76.24625236036,-74.47316855776
76.42369066314,-73.24547778138
76.40053421569,-63.24820764972
76.49191030811,-64.10476983179
76.54518857904,-64.19556490835
76.53182531274,-75.63174107995
76.62388079089,-73.49941938062
76.57907541433,-64.93620218346
76.72004002015,-73.67329223436
76.85705746765,-73.61042448047
76.90828475261,-66.63453693365
76.93820496267,-71.33797041322
76.94803901689,-67.57596553951
77.06841097393,-66.9104394132
77.13450990619,-65.13746570454
77.11397381603,-71.98572547607
77.13928680214,-72.28222461334
77.15362467519,-64.7383574233
77.23654000922,-65.26768876885
77.25672652245,-73.18490708518
77.2744340058,-72.29638215328
77.27901253979,-65.62844659563
77.29321416647,-66.01457140834
77.29938772278,-64.91293443934
77.36117790992,-73.73807159961
77.35324538189,-65.39332611477
77.34017336673,-64.42289503356
77.3443939292,-64.15604496549
77.4105747908,-75.1840450263
77.44099021966,-72.86303128963
77.66358920221,-64.56384523798
77.65534199345,-74.91452966266
77.68686170513,-63.813967056139994
77.79975109547,-72.1432161174
77.82900000000001,-70.24411111111111
77.8823874218,-65.69039646377
78.03436837665,-67.09882483597
78.14613551339,-74.83952657555
78.13627193095,-72.08050209549
78.27803911671,-65.53680711616
78.28494652579,-69.06617380833
78.38591243529,-70.41050889044
78.429125,-76.39891666666666
78.3359859824,-64.67919861169
78.56317731926,-75.1580766941
78.59928199975,-66.14226988133
78.61779774868,-64.56008624773
78.62494324435,-64.73352689227
78.64041822904,-75.18224529577
78.729474415,-72.23285320043
78.75697109308,-62.98974208498
78.79897167261,-64.54316392447
78.78590703956,-64.41918459136
78.83372508298,-72.43875893955
78.90846327967,-73.66997504847
78.8923401386,-72.55226724734
78.99238766803,-64.86434632628
79.09504544633,-71.95743865837
79.21380014069,-67.18748101901
79.2600669618,-62.871781984920005
79.35268420249,-67.03681578034
79.44095014278,-63.22915838258
79.49437217713,-74.89856471338
79.54507924265,-70.18400895842
79.63259100075,-67.71428573348
79.98510320637,-64.77079989301
80.04237888268,-73.60164571741
80.04401416087,-66.70928012556
80.07570346821,-73.43116702111
80.11307971057,-63.3516761564
80.14101471452,-63.75299053689
80.32317676679,-73.65469514801
80.3642083428,-62.05900419546
80.55309389375,-71.86871336763
80.60848259252,-75.93608770036
80.71845833333332,-68.973
80.73974387286,-64.02368165107
80.81400695032,-63.42924844430999
80.98292389291,-66.86114286378
81.05035425647,-62.75189109810999
81.15433085812,-72.82869758854
81.15894343282,-71.40464195574
81.22649317518,-75.07172207892
81.27685935077,-63.977491879999995
81.49803579854,-64.85746612518
81.55872510682,-67.91525526137
81.61359699688,-64.74016338052
81.64682439386,-64.46342100068
81.57929919919,-63.50818576692001
81.6080494333,-67.98758127993
81.57317032219,-73.34773819377
81.64659153738,-64.3629689638
81.68853877288,-65.07014007156
81.7685347416,-64.06634334114
120.38127859032998,-22.043997466149996
82.07031841922,-65.58974269427
82.38167547376,-65.84800545598
82.44102748916,-64.153589678
82.47160966907,-65.73371223727
82.56086793168,-64.50039181555
82.6179328955,-72.30383529704
82.62067911012,-67.46663780742
82.89987345266,-66.4073087793
82.92242303418,-72.97073631035
82.94487500000001,-66.57697222222221
82.95485281846,-72.87380629657
83.01387443336,-66.47084906521
83.22920719764,-67.61309912351
83.33595738542,-73.2875788347
83.38612085752,-67.38740689443
83.3981281994,-65.00157033443
83.85411353792,-62.924958667629994
83.8713639367,-66.61689745608
83.85508065269,-63.80053538286
83.87464530443,-63.86074067996001
83.95617372551,-66.15952166391
83.95089251927,-66.4671038104
84.07931886602,-74.68800791405
84.06616462192,-65.5882115855
84.07403795751,-74.18783367081
84.08402124931,-63.55211910650001
84.12107807678,-70.96966937302
84.10150745973,-64.9694597117
84.15930364406,-62.63287137839999
84.16047059938,-72.63917122689
84.19651738227,-67.68084241838
84.25575384854,-62.18295665483
84.22583769639,-64.87633865757
84.23103857765,-63.67684449068
84.30807246524,-74.50688198983
84.29462500000001,-66.92036111111112
84.2930634059,-63.82155025563001
84.35874828338,-62.86060518418
84.4008639358,-65.8243602647
84.40788319391,-63.97090725577999
84.39316666666667,-68.37702777777777
84.42918503578,-65.59153699143
84.52070431085,-72.09501058618
84.46334863527,-62.25894156043
84.60475129431,-64.75211348928
84.5877900424,-65.25936281473
84.68621552046,-65.26888621002
84.73678066758,-63.81269227981999
84.74324644013,-64.71318218656
84.73545654286,-72.91937480154
84.75408936246,-62.11595949458
84.74395933898,-63.10488011793999
84.78564303473,-67.55519163966
84.75659394849,-74.71697922525
84.75704166666668,-71.92913888888889
84.79087011388,-65.77925739624
84.82627996523,-65.56424811266
84.92231800312,-75.13543990472
84.92799802232,-74.9176305314
84.92766619089,-73.43948542564
84.85914207325,-64.49145887538
85.0338572273,-64.13122690744
85.03791666666667,-69.79027777777777
85.0909868579,-74.8250451618
85.04531208443,-64.71359997191
85.0843464703,-75.30753460179
85.06967211834,-65.56523564878
85.13052677905,-70.809140623
85.23636796931,-65.11305183075
85.22430836521,-67.10707423702
85.20179298946,-65.55559322665
85.24320833333333,-70.03830555555555
85.28654768917,-65.85415152205
85.32823221277,-65.40257127048
85.33670431813,-66.9259095203
85.287261379,-64.15689804356
85.34454204612,-62.22695000802
85.37089661415,-74.91838740573
85.35167643538,-62.08680370629
85.40442170636,-67.19956132847
85.41080722672,-64.45122743539
85.46046017436,-67.96150999609
85.43243365036,-64.26262004484
85.45994923352,-67.4225687255
85.51129976018,-64.99791704735
85.624643827,-65.14440297597
85.58947154279,-62.774582773089996
85.5882249349475,-65.90744372783001
85.58260673534,-63.84728089997
85.66033629853,-65.05225503088
85.71862698936,-64.78655035927
85.82812499138,-65.90619978102
85.71812111367,-65.56969840659
85.91046458489,-65.93513368969
85.85964701009,-64.35131846831
85.87952728165,-68.08325888354
85.98343245434,-63.15043622626
85.94825271934,-74.72995988284
85.95732887469,-67.36448362156
86.01672866538,-65.76680550142
85.96591435709,-63.78360847474001
86.07632896426,-64.95723506051
86.03171877173,-63.66525770578
86.0807250186,-65.27183279314
86.10476011088,-62.82697847163
86.15134427459,-64.62571530146
86.20647402612,-63.24921023043999
100.23011133493002,12.5817037113
86.17387124705,-65.57214839333
86.23055042562,-66.90490716725
86.3548709216,-65.40955514073
86.33573971522,-63.78354110516
86.23284641312,-64.87168846033
86.27714011797,-64.97303693368
86.24230546008,-66.09646993502
86.30104082532,-74.6837599316
86.29989642255,-76.61226045372
86.39824985801,-74.37580036172
86.46417506027,-66.83236939371
86.3647992186,-63.26054526697
86.46226479748,-66.80272577721
86.36177021717,-66.83158328862
86.41477402187,-63.952062561549994
86.401921762,-62.33451622783
86.46015188883,-66.02224153281
86.52121939982,-63.22136972236
86.47146273243,-65.19213363143
86.57354449554,-65.84467865991
86.54619221117,-74.47728638298
86.57528115097,-64.50562486401
86.57359402741,-67.10502938783
86.66106250715,-66.97671408413
86.56453417367,-64.8410191297
86.66857995535,-64.54544204485
86.67197257271,-65.73198679905
86.74887905562,-66.97741052479
86.73012396948,-75.38076378059
86.90353267633,-67.47169740373
86.88892556211,-65.02757819706
86.90313668966,-65.21098309982
86.9476329602,-74.83068160716
86.97821479941,-74.37946477801
86.94604289434,-67.13907535884
87.0482796171,-66.02959167018
87.02124766968,-71.63867839073
87.04520973829,-72.83981495638
87.16266291732,-65.15220735361
87.06873911196,-63.319787461969995
87.18838001427,-65.82211646421
87.16297817587,-64.67935181318
87.16233349911,-65.23824473832
87.28653930419,-64.34588626109
87.33510899282,-66.03540496801
87.39392557898,-72.83669915523
87.39742144412,-63.37359457491001
87.43371839276,-65.84403337619
87.48991420038,-65.38247714539
87.52959773817,-63.698226965660005
87.4812313677,-67.08400377192
87.53101619116,-67.40684760982
87.59262955452,-65.31632155384
87.61129089518,-64.53369053418
87.8316773,-64.58629260323
87.97342234839,-65.05304989978
87.65786445492,-69.85229242546
88.02901352093,-63.550761257839994
88.0472487192,-65.53727941234
88.02983177515,-63.01631030065
87.99222701332,-62.948451543649995
88.24466810641,-63.81769723840999
88.22422916393,-64.60637473311
88.23387209177,-69.97220233321
88.53855655238,-66.74638762208
88.71267442098,-74.26873082888
88.68093380638,-65.6054840681
88.80498509116,-66.73574141718
89.12005129837,-64.63888270199
89.40659754089,-66.03222903756
89.16999006613,-65.86946066692
89.51975327759,-74.17173148352
89.59998922102,-62.9982049405
89.68002415577,-65.47344749518
89.66151639353,-74.41982711589
89.73668389161,-65.19307353562
89.69546741913,-64.27136376619
89.75416045429,-73.26542262041
89.83708663547,-65.21175900045
90.31194615693,-73.94423557107
90.29351174689,-67.01009802763
90.2805262615,-67.67779844438
90.26193898744,-67.50343547315
89.94317974646,-68.48098417369
90.44781942234,-63.76381059446
90.1145329391,-63.70621009767001
90.29153646488,-69.69245431986
90.25350144858,-66.59539413878
90.54526522956,-65.76144018993
90.20731461417,-67.16985505566
90.84629170449,-66.96070409625
90.55412347469,-67.29618926726
90.65202296164,-64.968046626
90.68775275429,-64.74781542355
90.73640313765,-73.72242074553
90.76131942647,-66.07585252839
90.79452718337,-65.54367303542
90.98268529855,-67.17512916068
90.96418602641,-63.84530670965
91.20056668687,-75.46838203006
90.90742395497,-67.44713283257
90.97892559898,-62.78092465264
90.99253641358,-65.8073576084
91.1030955305,-65.33926100903
91.02001835224,-74.23793980346
91.03321648743,-65.63630295305
91.0418295748,-63.62934016903
91.0938875819,-69.62249124875
91.04976514722,-64.98141983926
91.17592194254,-65.62184442975999
91.35747462161,-64.79734163609
91.58215279766,-65.52924800023
92.21799507099,-65.0527849122
92.14520605357,-67.66999897466
91.94872078467,-66.47259367872
92.09569643159,-67.76370412397
92.35616378449,-67.09173134412
93.58267796274001,-65.17917508183
92.14426985996,-67.67329501734
92.53480127685,-67.61413404214
92.77595478325001,-67.01347575676
93.50979803054,-66.37229906358
93.10564633133,-64.47950856102
93.01616070321,-73.67756365912
93.73393222773,-65.78209978013
93.44859476303,-68.02159017618
92.92510778276,-66.49473013661
94.09255002653,-68.46811452448
94.01430638018,-71.90466821166
93.9856867092,-73.19851848071
94.07621678379,-68.11899972761
94.20082653325001,-69.76959125442
94.00016941773,-65.94785870643
94.34030180816,-71.46369456905
94.35023837587,-69.44259380526
94.43644802087,-67.48762920441
94.18990070281,-64.82651575649
94.89898073433,-71.70206074571
94.25081970587,-71.69083905958
95.82448615832001,-71.56421185101
94.67592873088,-71.35761552453
95.25468212725,-71.37948120834
95.67718126084,-72.09058812948
102.77172613688,-73.2189557991
95.75252761783,-68.67925044257
98.90518616383001,-66.17949558841
96.80446720627,-66.55872808051
101.13451703166001,-63.69400931686
98.3044709333,-69.82518260483
96.81203095417,-66.64653415872
100.35260801146,-75.9896934086
0.5124583333333332,-15.527777777777777
192.26987015525,13.34317702178
209.00988370009,-1.6072948342400002
14.973624739240003,-33.64191814878
102.9039027502,13.230547544520002
120.88411047780001,-29.27145962873
105.79528673371,13.97623405972
255.67509536357,-44.14446918447
106.10123514461,14.85106135685
81.85262179634,-69.1584524345
86.77242523139,-68.70810442733
93.43816957909,-70.59504563018
102.59808812347,13.53886602374
103.52534414855,14.32668353646
119.11727227280998,-33.10975785808
13.068657822429998,-72.97480580473
120.67858949006003,-36.52676503302
85.4424367615,-67.65591712643
104.28478856792002,15.097083148120001
104.02804122455001,15.74290432992
103.56299356662,16.36318616776
296.155457,-14.878673
296.20199834742,-14.847824560990002
100.10622341668001,13.874586265570002
99.37772939078002,13.80524779719
7.514030499879999,-73.59392209374
7.776359584779999,-73.04693569458
7.810167192029998,-73.67600996328
7.821474799860001,-73.22290607011
7.82393091479,-73.72520596464
7.90078536113,-74.79512220392
7.902776162339999,-74.20820569114
9.80061608629,-73.55109825105
8.480640702839997,-73.0597221956
8.507180566640002,-74.49559309771
8.557554484550002,-74.63930849118
98.51041826431002,14.91250238714
8.614721179789997,-73.34465941038
8.750641119990002,-71.42480096251
8.766963427160002,-74.19321255351
8.876931221737918,-74.56040645422082
8.887721266730003,-72.94516153116
9.01238279154,-73.39615026774
9.018485930520002,-73.63842782581
9.08538066063,-71.29070617992
9.112342763259997,-73.61795294753
9.1280991868,-73.9158012695
0.4822916666666666,-15.390749999999999
9.13828028697,-73.09665821554
9.14084419084,-73.00467722302
0.518125,-15.505666666666668
9.21572312835,-73.40017335979
9.266189957600004,-73.93579918169
9.32887515143,-73.84172694825
9.342240093199997,-73.37314260589
9.361192598720002,-73.28633022091
0.48575,-15.422944444444443
0.4787083333333333,-15.380111111111113
0.45329166666666665,-15.454638888888889
9.404290966570002,-74.18703937051
9.43848642325,-74.00513842352
98.56316979700001,2.6764215488700005
9.51077902355,-73.31462039952
9.60293731953,-72.92978440291
9.610782758830002,-73.36591828462
98.54503347860002,16.20983429608
292.501,-17.68177777777778
292.5084166666667,-17.701583333333335
292.51745833333337,-17.675055555555556
292.50120833333335,-17.68411111111111
311.71029166666665,-12.84
311.66341666666665,-12.842166666666667
292.48470833333334,-17.679805555555557
292.470375,-17.694305555555555
40.17122083333333,-34.39858611111111
250.46512566093963,-44.118342301363896
101.83073516729,15.103017052639997
100.76791507932,15.06206929756
16.646708333333333,44.80175
84.22541181857,-67.64736932426
155.07290468651,-57.74981341298001
101.95931211074,17.10798461964
5.16620376867,-74.27597859161
5.40327020522,-74.18487641695
74.47657190394,-67.29237010795
73.98185922754,-70.92928905536
5.602221634319999,-73.14549389096
5.64141323956,-73.51697710879
74.49102794429,-67.00291980704
5.74338069084,-74.76727403508
5.804385267270001,-73.47642554147
5.808485431450001,-74.36981372249
5.930656546729999,-74.3947607186
78.09671629082,-70.55112651018
6.06915169426,-73.27842379416
6.16183094052,-74.35151327337
6.1798405022,-73.41812518972
80.14830783305,-71.72922620717
80.67280704694,-69.54640220691
81.16177874226,-68.58632283535
6.390257672339999,-74.71776873147
6.4797173936500005,-73.48769917264
6.574852279150001,-73.84496946496
6.67874314471,-73.76236989484
6.85897994069,-74.56474688671
7.033269336560001,-72.88786149125
90.85071373036,-69.36834821818
7.2173099066000015,-73.32737172455
11.11475372473,-74.35959659317
282.87501451902,-29.87265827941
11.14083428338,-73.06870685005
11.162458333333333,-73.01886111111111
11.216333333333333,-72.99619444444444
296.251434,-14.798083
296.20718714469,-14.74506234229
295.96984524198,-14.975096459179998
84.14206692509,-71.67306935085
11.277092865780002,-72.97664566611
11.28074969251,-73.55917521081999
40.037909033800005,-34.57769912124999
11.31602365222,-72.96155925733
11.333712976589998,-73.03400794618
11.377916666666668,-72.88211111111112
11.38092232632,-73.12851827269
11.40258945282,-72.83078818568
11.406518351140003,-73.78574553466
11.41303478627,-72.91268166289
11.424524565240002,-73.42145468698
106.33826582225001,15.85352748063
11.48100023679,-73.43801641541
11.50226011633,-73.40556627083
11.503623514960001,-72.64622280306
11.506539694490002,-72.91627859967
11.524106032600002,-72.51458060587
11.526205035910001,-72.70280726941
71.35983364405,-67.32046824268
74.27071676111,-67.18915948973
11.546873165760001,-73.06097802742
71.24451221468,-69.00715192265
71.0394954499,-68.8413671084
69.74783905761,-70.12559130018
73.29954778039,-69.08354240651
74.97661427372,-66.66062831422
73.32113931591,-67.09585430938
11.5654315376,-72.7840878649
11.57115422074,-74.27180074871
75.01824445784,-68.47711720637
75.72029659913,-69.51757621575
11.596291666666666,-73.625
76.8098552386229,-70.29020929312972
76.14510263577542,-69.20438920428056
11.605749999999999,-72.82891666666666
76.73507086575,-69.66254027174
77.5237607782,-69.26390594277
11.611369904099998,-74.43938889738
77.65943815637,-70.28673164697
11.62078991507,-73.80838910128
11.62583770975,-73.48454531964
78.80152742632,-68.98155430198
79.54618285082,-69.92650252818
78.85090615108,-70.11013845993
11.65643497823,-72.55215097259
11.67259134487,-72.85713226348
82.10882955198,-70.7915576461
11.68512640925,-73.50935110559
11.68925974898,-73.04418631690001
82.83292946025,-68.31428394125
84.05589069236,-68.48748685345
84.87140294687,-68.73487908946
11.71038253234,-73.42764764847
86.54798549312,-71.1339339414
11.74575816153,-72.20440055064
11.747869590929998,-74.49882525646
11.752904357479999,-73.84594034060999
11.753475347288333,-73.15145595025805
11.75522383598,-72.92321129269
11.76431562496,-73.2584121489
11.77753659983,-72.88345987043
11.807341739036668,-73.36485413773694
11.8253606942,-72.80140529049
11.837841106910002,-72.08571245867
11.84790038965,-73.03688855919
11.84956920893,-72.02220485273
11.863780861790001,-73.54382685707
9.931130241460002,-72.72159744542
9.966285342380003,-73.17530384982
10.002396211250002,-73.18749358094
10.050139634120002,-73.42814834604
10.05304195312,-73.5229760142
10.07161929648,-73.52781040388
10.119281186049998,-74.03160429677
10.12693292518,-74.16939843995
10.19011220394,-74.1916004312
10.20141062974,-72.4647202976
10.21494333087,-72.67036087336
10.23084804949,-74.10095558139
10.24188376733,-73.1234114446
10.25571877281,-73.12302003142
10.30930125716,-73.83945647585
10.312160872030004,-73.74302656699
10.331492744300418,-72.89876028338362
10.35381688514,-72.84529026947
121.12800019039001,-3.13014277803
10.402167060900002,-74.13291397404
10.45776667384,-73.31893571455
10.52412615635,-74.03319155821
81.54009318463,-71.99393058701
78.27231474522,-65.46694674402
73.24205874385,-65.86997831499
82.27028236458,-66.25757864996
89.76018968954,-67.5945768752
87.9721314623,-66.82738662409
10.61981307821,-71.21560347328
87.28882689189,-67.88970754976
82.84557684804,-65.28022804466
86.89011588764,-66.09513270572
10.622729360879998,-73.28754207084
40.77517287188001,37.0318269822
41.8881645227,36.67855951208999
10.703077663030001,-73.75618480096
10.745894356018335,-73.44647525185417
10.750085744369999,-73.09613905524
10.764559348859999,-73.95239531112
10.777734926069996,-72.79830024924
10.799675285480001,-72.98606064581
10.80221637844,-73.43178394265
10.80420079006,-73.9704998038
10.825513677349996,-74.13941955817
10.908817532839999,-73.47219443465
10.9675694489,-73.99557880202
10.96818293916,-73.27950739291
10.97095774887,-72.45240345465
10.98778537292,-73.79875249859
10.9954080731,-70.98217262722
11.003925246741668,-73.35661229227195
104.13018392425,17.11208138049
11.03189445591,-73.13762897412
11.07066138903,-72.68354536241
11.99467321377,-72.2829195869
12.045672732209999,-73.50511521764
12.06921692683,-73.35369240132
12.070706348950003,-72.81656697309
12.07345744612,-73.41149993701
12.085659003099998,-72.86210322485
12.09290068529,-73.21929742104
12.09482279891,-74.13360267171
12.16270479412,-72.7323328077
12.182764350429999,-73.24355886371
195.48268166859,8.60881503508
12.20764278594,-73.43093463708
12.21622255006,-72.94827455562
12.216870107389997,-72.89519220347
12.229564424379998,-73.29619452847
12.272702674489999,-72.51066755842
12.326640796620001,-73.63572777499
12.3376415652,-73.36345948846
12.352066176049998,-72.72011863234
12.35512042337,-72.85272707977
12.3800931199,-72.94236232025
12.41955459288,-72.08838789961
101.99984499055002,19.31005616866
12.435688243259998,-73.49122936646
12.454060223660003,-73.17541078329
12.45452061386,-72.72916602776
12.48364000124,-72.70036930159
12.48593811983,-72.49769369242
101.88798842627,19.898965589510002
12.509275378420002,-72.22725523668
12.513791666666668,-72.81952777777778
12.51617548687,-72.65230308631
12.530442227210001,-72.72497170942
12.555541666666668,-73.18694444444445
12.55905698366,-72.49096500495
296.1884293857,-14.861119106590003
12.568116275029999,-73.41050790224999
12.56909729528,-72.97455420478
12.56950541201,-73.84238389328
12.573825854870002,-72.82891920241
12.583306795419999,-71.91851532132
12.584004916629999,-72.80531621066
104.90010583511,20.33197742026
12.62273400025,-73.2776912096
12.62335337195,-72.88869430772
12.657922814659997,-72.8936420756
12.6747403531,-72.27344228589
104.23088906544001,21.64348111404
12.75446622567,-73.90558185551
12.755456446679997,-73.12508071018
12.81416887872,-73.41830981759
12.829243511959998,-71.90638259439
12.836168553110001,-72.87045406008
271.65069099361,-19.13051822051
12.864713699456667,-72.78325421569416
12.883987568139998,-74.13141944265
12.887874965650003,-72.39143131913
12.90045818957,-72.80810508189
12.92890196504,-72.99091126823
12.94397781623,-74.31028480986
12.95268761169,-73.03947646292
12.959833333333332,-73.22208333333333
12.986605397,-73.03451549976
12.990514318379999,-73.20259134703
12.99115989881,-72.27915418626
13.00747066335,-72.55091592603
13.0318605587,-72.89955549348
13.07094537571,-73.59196313198
13.099632599440001,-73.55293081684
297.65,22.883333333333333
13.121750776549998,-73.2385382045
13.136816393289998,-73.95926241437
13.167041920979997,-73.15313708928
13.1715102143,-73.20571142338
13.183468901199998,-72.95513096796
13.205803904409997,-73.63570544395
13.218387656390002,-73.09637155505
108.05174584971,23.10884445053
13.251979017040002,-73.06993006137
0.5105,-15.469777777777777
13.28194403241,-73.12993652121
13.286554913080002,-72.81295847454
13.31336204895,-72.16136769379
13.35461054279,-72.83114411446002
13.358155666569997,-72.904525409
13.361580578220002,-73.10049569412
11.908006277000002,-73.75649748586
11.924828825709168,-73.4096762580914
297.75,27.65
11.929815254110002,-73.56356469013
11.934165983692916,-73.27892764571638
11.93616825696,-72.89851657271
11.948554427189999,-72.55699475116
11.96546520979,-72.34613648292
11.96956816116292,-72.69936756085028
83.28523377584,-70.35131080353
11.97551705632,-72.2000653935
15.046664810939998,-72.68477130373
15.05046084892,-72.44086936221
15.05640284592,-73.55935730601
15.073978418949999,-71.83207030438
15.08079425675,-72.20904430947
15.081104751929997,-72.86731073439
15.13823261138,-72.71257582517
15.179184591353337,-73.35274496298888
15.180125,-72.963
15.19169390686,-71.32441544939999
15.194805437389999,-72.01272597971
15.20312914598,-72.48159099883
13.389833333333334,-73.00844444444445
13.41173072483583,-73.55526596522166
13.418451962940003,-73.39988837787
39.92335451019999,-34.59911844404
13.48459000626,-73.73406473647
13.511332183539999,-72.89180118979
13.511601415614587,-73.40201889523279
13.51389685946,-72.76572909411
299.40000000000003,29.016666666666666
13.52675712334,-73.49953522792
13.52908167648,-72.04542645943
13.536699617820002,-72.59796041096
13.54238996855,-73.32381298534
13.56580986698,-73.07449733068
122.52034781541003,-23.11558343763
13.579583333333334,-73.0483888888889
121.19885891604001,-22.279114560169997
13.622882225030002,-73.83075503261
13.655631610859999,-71.88156519934
13.68609225394,-72.89172639613
13.725146356009999,-73.13511886429
13.74890408567,-73.66631831053
13.78584448445,-72.89203781387
13.811281072079998,-73.44715655494
13.811898046590002,-73.14827687957
13.818562434990001,-73.44210938716
13.819302242260001,-73.38395639449
13.823225720561666,-72.31841755499778
13.823901862249999,-72.66102045166917
13.86386472284,-72.81472777006
13.878214681539998,-73.46501821123
13.901702505959998,-73.81783089985
13.923004024319999,-74.18730938586
122.57540739601998,-31.905926527400002
121.81954111013,-33.69860529206
13.961882262200001,-73.43145846739
13.970833333333331,-72.9871388888889
13.98594008226,-73.48121156321
14.00283635413,-72.23063923213
14.015832207700003,-72.94632347668
122.56822284325001,-32.47496685056001
14.025897543,-72.07548649949
14.0318882462,-72.7667615298
14.032066147219998,-73.8073694649
14.032702035360002,-73.22853988329
122.19112431017001,-35.01676440858001
14.06844927657,-73.26906398236
14.074477314150004,-73.36917286517
14.07766477903,-72.53620306819
122.24232365762998,-35.519317190139994
121.04024877166,-36.65234339941
14.090971963390002,-72.81588083833
122.48290260083003,-38.68830684618
14.108688706660002,-73.66375942466
14.12279140334,-72.71662724013
14.131822906710001,-72.94753163317
14.16281736586,-73.08139226756
14.19601160535,-71.99204428671
14.19777473227,-72.84451694675
14.206661606659999,-73.659636255
14.212193786000002,-73.30432742052
14.21589154808,-73.70218061863
14.219780946070001,-73.77744374116
14.220636962260002,-72.35317599791
14.23229622017,-73.51433452267
14.27002878591,-73.3913987452
14.298558361480001,-73.22097042073
14.307696174630001,-72.180030384
14.311910632529997,-72.85236701959
14.316619958580002,-73.62165759446
14.31731940429,-72.8012871252
14.317528437670001,-73.15847894661
14.31876192024,-73.18135040664
14.320957660804167,-72.67667934775251
14.323335856030003,-73.59639570529
14.32719755723,-73.40583330086
14.341022976020001,-72.55902345444
14.386728652859997,-72.33472929318
14.394305643315002,-72.55885144968916
14.444575587759998,-72.93975130324
14.4792394611,-71.52231128477
14.488768598500002,-72.70410768127
14.496685460499998,-72.62386761014
14.51425835924,-71.78208405336
14.544431368980003,-73.7151345719
14.559442307600001,-71.90988878569
14.568927778439999,-72.05912738008
14.578375064729999,-71.77714108831
14.595774719100003,-73.20117250481
14.607490924219997,-72.43320409665
14.616318450570002,-72.0934340617
14.6205704176,-74.11330073668
14.62485931637,-71.33262275631
14.65465829423,-72.4462235822
14.663507273950001,-74.02182918746
14.668811093649998,-72.5547594138
14.675588098719999,-73.02672921196
14.68638919602,-73.47363139946
14.690251530009999,-72.51405538368
14.712926572860002,-72.58573061114
14.755748419389999,-72.4690676659
14.783704231900002,-72.46620353758
14.789355208410003,-71.96612360509
14.795853901649995,-73.17830730425
14.807446789190834,-73.08519993420416
14.823676774199997,-72.94246047886
14.84722590328,-73.04901955074
14.852112313979998,-72.73179183104
14.876487102900004,-72.42542894122
14.893393668970003,-72.82972903244
14.98515327799,-72.87919661305
14.9935993775,-73.18662032314
15.0042874278,-72.89841575787
16.361044776990003,-72.73730181377
16.38788363338,-72.27250953497
16.389937058910004,-72.99184773056
16.40311098096,-72.52630366791
16.514104665909997,-72.29220794672
16.53467508764,-73.03279550144
16.55561653701,-72.98022421048
16.57192964158,-72.406889298
16.57227445415,-71.56586566791
16.63958197067,-72.25017310311
16.74168007381,-72.14852384963
16.74745814649,-73.05167088394
16.81930547363,-73.29025050186
16.849965300830004,-72.47918616916
0.1540299544,59.88528547162
16.96666743838,-72.68193502657
0.37425370556,64.9188580819
17.020550344019995,-73.32584316887
0.51294418649,62.98317937028
0.5700670242,59.96875512126001
17.0992835933,-72.88597467948
17.1085907827,-72.13332590179
17.15550096762,-72.559278369
0.75359931541,30.639847064400005
4.961916666666666,59.32280555555556
17.28034097854,-73.14300724004
17.294170265200005,-73.50487696061
0.92488604688,59.73694096146
17.31955810061,-72.42296215447
1.0277981773199998,64.31442015242
1.04512696768,60.922891006220006
34.52518699116,28.61259689248
17.441133171679997,-72.43830685585
0.4710416666666667,-15.503583333333333
0.5182916666666667,-15.468444444444446
17.497334488829996,-73.27324411506
17.52973353064,-72.49387832726
17.58834023883,-74.00244117974
1.43540418294,65.51587476445
1.43802522915,59.496673089640005
17.669454841510003,-72.63380867532001
1.5558166715200004,65.0953423457
1.5593551794199998,70.06728175095
94.93178823931001,18.255310694290003
17.79246424549,-73.78525731356
1.8948005345899996,64.72267759812
1.9027658537900005,61.80779248156999
18.046320266199995,-73.9709728076
18.05691263367,-74.1138885262
18.14285715273,-72.44388557605
18.164600898499998,-72.57205034872
2.2436339752099994,62.71584868405
15.21527010959,-73.69643836868
15.231743294300001,-72.04240878283
15.238055895710001,-73.68175238749
15.241019930200002,-71.98572629018
15.243285866490002,-71.61611040007
15.24414403338,-74.04660351536
15.308020475890002,-73.3132050781
2.7894627481399996,64.4904867724
15.326330763489997,-72.36066779725
15.355684826310002,-73.39920042955
3.01959094353,61.54713744756
100.1798808915,18.772082179169995
15.371696954599999,-73.54718167005
15.379458333333332,-72.98761111111111
15.389847498504585,-72.41184570012973
15.41727229729,-71.99211272403
15.418718882050001,-72.89079313575
3.25044252597,66.10134353339
15.440452481499998,-73.19570339524
15.442190695279999,-73.33045801162
3.3193332777199998,63.03341390549999
71.04379106186417,42.24940238085834
3.35955904214,65.45281910641
15.458349182610002,-73.67561331885
15.465327921429996,-73.96220247732
15.48106494506,-72.68726145201
3.62956682196,60.92529732165
15.528608398830002,-73.40151961338
15.53198012511,-72.5194143144
3.7560495096000004,63.20272816594001
15.537664366349997,-72.80274882174
15.537938447289998,-72.78500146984
15.569673406179996,-74.0389108773
15.585010534099997,-72.34174343476
80.3489265874,-68.81367543489
81.37950566489917,-70.1529543548375
15.60362019579,-71.82712982454
260.1397229516,57.83876459979
15.60699910107542,-72.03526500990944
92.38402437494,-72.97591637604
15.610190087999998,-72.18922823169
15.611218657609998,-72.50191837206
96.95085064682,19.464483825440002
15.619423995074586,-73.17904251209139
15.620579825759997,-73.18495940173
15.66296013641,-73.36094912019
15.6733875,-73.14450000000001
4.3236132241,63.822921459549995
15.732657598500001,-72.24822385115556
15.74154766628,-72.65816066084
4.46343826011,63.06836207415999
15.76802381794,-72.8985720153
15.779916042049999,-71.99023932441
15.78554687814,-73.28836299068
15.798758498270006,-73.09389952903
15.820205333510005,-73.01267266263
4.767551167259999,66.37039784684
15.89533789633,-73.03517549201
15.921321359410001,-71.54795888683
15.93557777787,-72.39585609882
15.955373774319998,-72.31018765637
16.031950853810002,-73.46462365823
16.03779925206,-72.12434489096
16.040314372049995,-73.59299925809
16.07417706361,-72.75009705128
5.2287736351,65.74850414767
16.108429412060005,-73.84320280885
20.40465474074,51.623749440240005
16.15469542822,-72.74022869051
91.55354814799,18.18986108058
5.43990689448,59.24864068467
16.17728382153,-72.03189522378
16.179683263309997,-72.41678295919
16.18568744099,-72.90813727849
16.185751285600002,-72.43839243478
16.20715215167,-72.61846441762
16.212958801100005,-73.89945863591
124.18890283522002,-14.444656314009999
94.39760957158,18.59968357207
334.1012736202799,-14.606861698739998
124.67055289309,-15.081323732080003
16.31401317341,-72.05369918225
16.31972096784,-73.26076236529
16.33341324108,-72.66024829917001
71.1773295557,-68.27088307064
76.97421088555,-70.67073785409
94.71816399375,20.14245058402
8.80991535812,70.74726630687
81.05054166666666,-69.76119444444444
8.90613702287,58.00673704339
8.95864950398,65.45975426798
9.114173691800001,65.67066327008
90.93607624531,19.05241009556
90.39970713019,19.636017657239996
9.52758656562,57.20114720543
90.82389400502,20.19377647265
126.04017995963001,-21.96836669249
124.51656641993,-28.364144158949998
126.52939781511,-25.86337284079
125.66234432046,-28.95871400925
125.06439436921,-28.871298413959995
95.61160755277001,20.70644745376
10.616814056039999,63.4748441856
11.38976575262,62.77751815007
11.44757865536,65.1621576779
11.464732032959999,62.49814341923
11.46550357167,69.56156986872
97.10637966977,22.95460556704
93.6452729012,21.585705827049996
124.56812856778998,-35.320833994580006
12.079195965009998,67.87051921613
93.90935146275,21.83543113444
93.90770790838002,21.854987097350005
18.38889998715,-72.37935021721
126.14900588222999,-37.47040407645
124.74911204783,-38.35224302988
126.51863396557,-38.46488311387
18.525036438610005,-72.85273271614
285.64282658137,42.77078871082
18.77177108183,-73.43540171694
12.59753965359,63.288187330579994
18.87931707891,-73.79367743705
319.33662100244,-5.84652636385
12.770515094369998,59.50434993234
80.8539019943,-70.29589189882
19.19517716527,-73.49658713225
87.33382064441,-70.39139005010001
19.273130378539996,-71.74840749228
5.65840056621,57.44404856042
240.42770523168997,-12.82909417277
19.482565083869996,-73.77058663062
101.63988142885002,19.98161577269
25.22639236242,-72.14747916708
56.66082882232,75.7879387151
237.9550975749,-7.846915993829999
254.82536734777,-53.6659442899
4.235045083149999,1.0971632464600003
1.8022266618299998,1.13275658375
12.239741185130002,-0.56620648373
8.46585994583,15.187332363559998
5.0493512242600005,0.48673509185999997
25.481378090130004,0.9732362632600003
29.84854325675,6.503258175559999
25.99912368317,14.283458075129998
31.310731022119995,7.39825514614
33.61448494804,22.98884732638
33.80326721149,6.640778271169999
44.21729482656,5.228054448429999
51.58762307247,18.344987373379997
71.80833821338,23.118145527079996
91.81422907804,24.267322726939998
116.72081732477999,20.535352459740004
116.00558394629,49.58122304468
5.98330875108,67.06802701598
123.09960587958,7.06862571573
123.64897588705999,-7.934218883050001
126.08650781423998,54.10479782338
5.98492156115,62.6843783675
123.55459858360999,6.402430327360001
123.69016348376,30.370714476379998
125.05715389883999,19.27367762475
134.38466339773,20.661692851029997
135.09381813751,44.28372218432
138.4906497279,24.926576113750002
137.24950521427,46.095936172810006
140.98633087831,21.75281365929
143.85394306619,50.83938090560999
143.36165642473,29.073840810519997
19.7732687663,-72.64103237024
151.96716741546,69.31200244587
154.74375437585,5.94784073934
161.81083440812,0.14906920526
161.45531604195,22.592452684270004
163.78426930198,13.91374187358
170.11067676895,8.49718309622
164.27286452484,7.172638625970001
166.01329899998,24.091095134719996
171.64285337068,18.15172980567
169.85159363212,19.12392751146
169.4788128337,20.48121404579
171.81703385229,27.026886161680004
171.68016677785,22.89397906668
171.54147507621,30.67705673736
172.86061556193,49.69219232068
172.47372652132,-7.584978902459999
172.34857305219,7.890352151850001
174.75617376215,11.30906117889
175.47347200831,34.85014764276
177.00246186602,12.476123147920001
177.55332976945,16.01818117512
176.57154188843,31.39153074146
181.81060315339997,16.68687512895
180.74784298224998,-1.1501352753699998
179.8531922148,19.7808986332
184.70675953777996,21.36961368493
184.78554181883996,26.24968327198
188.58990611395998,-0.3687825935599999
185.27422476455996,36.658670012019996
187.17765520263,-0.32265043633999996
185.05098417193997,17.36949422962
190.18215276781,13.412877271199998
188.59130053445,21.00603534183
189.79950982357997,26.753872072099995
192.90034011460997,5.177248150059999
191.86785993868,13.1818298273
191.69372391181997,28.422860446049995
191.28289207912997,62.86775688621
193.74787343697997,20.914327859039997
195.78493531233,33.76437174481
195.65162153275998,46.11570502587001
197.11030131850998,19.83318422824
196.79559996614998,58.74801241905
197.87017902127,58.460227796059996
200.26222275590996,19.05127798237
198.27340427667997,19.73620989253
200.44816789082,16.36193968007
198.11550677119996,22.24306060278
201.11009016612,14.839754496049999
6.029091838970001,61.70314768555001
202.78813725750996,15.349475440779996
203.28730236369,41.0568703734
203.54231131720996,21.081896970920003
203.96608069019996,9.1897917731
204.98389384854,22.12105482197
205.09182091881,10.01032476817
204.60996554127996,36.48417467044
206.62914975860997,34.43707637126
206.47514549754,32.42732134021
207.59856275718997,13.852975130319999
207.28430746772997,19.60080573283
206.18336258276,42.59573330732999
205.57098030969996,23.68881044625
206.34367408595998,51.68883006369
209.97449650603997,24.57235868976
211.59975088755,27.343347471709997
211.36290730354,36.65987914426
212.29165715631999,37.93319042074
213.04206796546,48.84196321148
212.73308662502,51.56248509038
214.74500871547,42.04134526339
213.79721077218997,42.91322673374
214.44791684968,55.89238584801001
214.1470638741,25.213617541019996
217.46580824537,43.33493645168
218.85670835755997,57.502500999990005
219.19340312452,63.53836450651
222.71918279951998,23.02501034152
224.04253790249,22.97706612034
225.33883930098,25.792834931570003
223.36360284346,30.954044601209997
228.98992017937,1.6287314777200002
227.46296937669996,26.26879377219
228.39074946136,41.46322931618
231.59363858426,1.5779253077000002
232.11121337684,5.7512921475
232.77761888026,29.360518105320008
231.28659081349,33.83694122763001
229.82723451514,34.86284185449
235.02434554680997,5.7068607476299995
234.24289152808,26.882046152040004
236.45721275650004,36.16574757182
238.54712706436996,6.24856184382
239.34761987738997,12.00707188198
239.70214202665997,43.00908889957
241.60096313265,4.36012220203
240.43336511271002,4.919357127729999
241.56591843042997,27.27886947875
240.92011045689998,53.35770719618
243.46216877462,9.44567957479
241.81109061088,33.02925907816
242.75074181171,33.77833518807999
243.7954465075,44.74793473206
245.64639792613,22.512375008059998
245.09606465784,11.52516418271
245.50573069944997,14.769897845449998
244.93206944478,15.229807710699998
249.22605980077998,11.07936959891
246.52972525801,10.55509681787
249.50375942077994,35.75244199738
252.9681015329668,39.3434397978155
259.98081574555,32.43287397881
258.5488146118099,33.698031031949995
253.48429513847998,23.55210022191
254.77077573000997,25.38211911416
261.02066573809,28.314055133719997
277.22589889479,20.606585575009998
266.41380151245,26.39010398197
308.80231398344,15.84280193819
277.9334688445,20.8677262891
280.24627673768,40.05772256749
300.99734923442,59.43889303851999
267.30545051905995,26.00616656073
319.78707030529995,-6.19517967751
305.70779581481,77.92286585802
323.12741357405,0.40469802166
318.17126483592,0.11708466157
332.33284763136,-9.46288370607
338.33881942273,-0.61217242174
343.89510699386,-10.01243108809
352.22638519007,-0.7688170787499999
354.59248021552,10.11643285329
357.96411203003,36.50304949234
6.107877339070001,62.35097196021
20.0301779442,-71.94663463857
6.16424304651,66.43500429005
6.16823348921,63.236464101799996
20.06425430601,-74.21428724571
6.30127704463,68.03227753498
6.325793572359999,66.28549710831
20.49365286473,-73.94719939548
20.566659972970005,-72.68879192773
116.26006240715002,-71.32940616622
148.12469385163,-75.37441732106
229.59232057308998,-49.8512850883
265.82891594014,-57.72396938392
277.84581578271,-47.26065579205
286.10064373823,-5.68484564484
63.03938492559,41.30030080087
72.86916025024,51.52848125331
88.20069094134,27.84269157027
88.40268433746,9.714199583399996
82.94931939477,29.932929345870004
176.42652133809,-1.8527992573900003
352.5464339043999,26.10550349061
104.15125534552,6.49306099055
84.70992473473,28.984266899390004
6.842702700950001,66.76993736642
304.9024776324,47.89419352273
6.93615000814,62.435703957929995
73.5349708085,-66.6645263663
82.94357803578,-70.0324512128
87.65061751881,-70.99652058404
8.12029069917,64.91815529689
99.82410799368,22.605095796900002
99.49454596941,22.800657577479996
15.022792648719998,67.62305087983
15.065009988960002,59.20541845033
15.119375140199999,66.27769733153
323.81859853239,51.34044331575
15.33260216896,68.71711508386
86.52345320648,-68.90719246523
15.543138521699996,64.09465986315
15.656474628700003,71.83675871232
296.250244,-15.015092
8.495833333333334,48.678805555555556
16.25045084409,-5.66772741651
16.287286432220004,61.582664470199994
16.355015022489997,61.59443985984
16.36417906751,65.98323598309
126.80475957081002,-26.258872870059992
127.54165534934,-27.70526359871
16.49541328632,61.7302391739
129.32682916209,-28.501833739700004
16.788642424639995,62.80851762423
127.44677065537,-31.469076603009995
128.74719229378,-30.926447188619996
17.1764514734,70.25806726787
17.18563965605,64.67901310681
17.293417710529997,62.93848441738
127.34488809312,-33.55900440679
17.76445095729,53.727846338160006
103.80277236626002,26.57892375545
17.994824936479997,63.66311891296
128.4737578398,-37.38970348836
18.17508200176,59.747233811150004
18.23499230138,39.99593972788
18.247985060790004,60.369356978489996
18.2896703592,59.852560439209995
18.476304805510004,60.62419744931
98.57663589413002,23.39344985132
18.557806630240005,65.86031540538
98.82447452589,23.85791739073
18.898204114429998,65.40424772573
19.63075604744,62.0381103889
143.56143496267,-37.7015077364
19.85525383514,65.93636411471
251.51523004498995,-44.01191491819001
78.07195697961,-68.1311787822
78.21071107654,-68.17163006779
19.98297596903,57.12730654752001
20.00226368705,54.04068077191
20.147678655909996,71.57268707441
79.62225952342,-67.05593044098
20.34401509658,59.76397842421001
20.35230568986,61.045570923430006
20.9543610374,64.99903009163
21.24272371606,64.77035217388
21.260373050499997,65.38305497202
21.3288453695,57.6549708092
13.10578659452,60.32774105963999
13.12934019145,64.86108008837
98.2869061473,27.017112600870007
13.234501693220002,60.19566166804
13.269813071640002,61.69414629919999
13.408443607619999,63.34138877758999
13.46656789526,62.91931699039999
293.13595658868996,52.53445429826999
13.638124973139998,59.38910694221
8.92046024863,70.51898199196
13.745599013930002,72.08903512792
261.53116614603,-50.68504256285001
13.89144754761,68.48197951911
14.006354496339998,64.10783650509
14.086463773399997,65.18493892222
118.80541900649,-29.65176857367
14.137621082879999,59.66224622250001
154.36659514063,-50.09720771153
189.87899620517996,-45.38252765512001
163.21473664893,-53.42541054207
180.03569122578998,-67.87983226124
166.8379389632,-81.79346487659
14.787970457560004,63.813851922820014
14.850343272520002,60.73899535067
25.75743971119,63.36806436977001
25.83361687671,60.3672381928
25.992955637000005,58.68465847449001
26.15649752565,60.831468282459994
26.36441650448,62.91930906329001
26.66936209248,63.02256104871
99.2427835596,27.95674513082
26.77093361218,64.63445357512
26.778155595099996,64.65112425707
76.699368937,-69.52575097473
26.81595980368,57.88501651501001
26.87963399053,59.05546410081
83.35378720837,-69.99456569583
83.26501691515,-70.34510918536
26.98213529864,64.54892302483
27.731799859100004,57.4808443812
27.78223734139,61.57229404619
74.66336776666,-70.66578244018
27.952585110750004,61.666830345419996
93.09245549367,-70.25628408238
28.06932118562,62.54240262485
28.077651792249995,60.96656319660999
156.12652783155,15.762497352400004
28.17085853051,64.57646062067
296.28073282277,-14.72630433718
79.84634734273,11.36164611155
28.31518382067,51.15013352581
78.99055364332,11.97777995801
27.786755533010002,-44.424604492019995
130.20226044474,-36.73469293861
130.9035947336,-35.20927768994999
29.077438087650002,66.84291618409
29.108496576479997,51.422607425209996
29.188099442250003,59.3120429646
29.6227506933,55.21632353653
257.30735415829,-33.85519378409
30.13778765232,59.66906042803999
30.152905985070003,62.21661013920001
30.20585183435001,59.25209945289
30.36729877264,58.30387924095
30.426996543929995,57.83811905081999
30.50787439826,63.458195117719995
82.92676525158,15.425436660449998
30.667880695190004,61.10320047105001
31.006835287069997,66.63570593184
31.199490641849998,56.7190574864
74.32942103783,-67.84887390738
31.728034637449998,64.38088471625
31.974824215,65.6392925004
32.44586729906,61.127947707080004
32.56714059246,58.24083610463
0.4822916666666666,-15.540944444444445
70.03998305206,-69.27277740198
82.08056257001,-68.51976054466
82.54000772336,-71.61763912064
85.36280028513,-69.2807557664
88.05027629053,-70.72248699832
69.13309148698,-69.40898903816
21.90165109966,62.78310252862
21.942411894730004,64.56158445251
21.96675560097,64.56301393422
21.98848770711,65.72294992951
22.154757128839996,62.277105795960004
22.449698106400003,58.78869619766
23.45250373415,70.43990281177
23.869924940589996,49.37832892917
296.17388061778996,-14.85558092263
105.78412146226002,-44.73060639355
99.96154394346001,5.328634673629999
24.06955509048,65.3110657163
24.08567156219,65.86476279651
24.523373975100004,55.97082459008
24.67042834795,68.89210926346
25.03462400025,64.86397918949
25.08594965796,40.25527924164
25.400466868319995,64.25451582138
25.49280044655,64.16212743221
25.536295737599996,57.92559287904001
25.591627270150003,63.08640963743001
131.54848034613,74.54200915397
25.65974500817,63.60885478413
36.49575788012,62.32572392270999
83.43418438673,-65.3707758827
36.8351654812,59.91468809031999
36.89600580366,63.61574566438999
37.4155851144,56.19171223003
37.55889718936,60.48352115792
83.45382077101,-70.10525072274
85.17332540025542,-69.58767644072415
37.80684302949,60.03747684946
40.05037628677,-34.44040934691
37.94558053067,52.38372469085
296.25626138742,-14.807422602500003
38.0843561754,59.85716938619
38.19305853720001,56.49082825534
182.94413972745,-63.742744709730005
38.43985375645,57.32591031175
38.59218251259001,65.31345699811
38.68237696929,61.50826184766999
79.21742083333332,-71.96031111111111
38.79040594583,59.92465441075001
38.964675944350006,49.30043977819
39.11285372993,59.011417087119995
39.29135831877,61.9230706545
39.43714948593,64.81565290434
39.53604391995001,56.35121443909
39.76507097909,59.12468149964
39.77035496198,34.91876036050001
40.1213008176,62.27222041692
40.41467994856,67.05803496883
40.81140038314,62.58408002847
40.88479977293,63.6015824484
40.93785222249,60.42365776263999
41.04557547829,62.06492546414
41.1292166657,60.31381591032
41.18985265708,59.029070673999996
41.31228410596,62.14778700712999
41.780659968769996,68.18046816897
42.0304234186,62.974672849810005
101.1913373813,8.180551677520002
103.64713027258,11.717147831660002
86.69476984035,26.20989207266
77.62292986374,36.72567969746
55.19614256665,51.21794449695
96.35443359355,1.10003215761
85.71984745107,22.63552491559
90.8556228311,23.615317679870003
88.67702719202,23.46751806038
85.11452807169,31.398915045909995
88.36194876412,34.16724958775
64.68638323662,54.32327789647
93.85352777461,21.35822153086
85.14564610268,20.40875120044
90.09650001636,-7.60932366432
81.58951132485,6.039378749799998
78.03313041543,38.00537788206
88.86857137959,22.630135828259995
67.14894342336,28.230336069049997
104.69289326201,10.259653375789998
42.20836085511,64.19785212045
84.3530523166,26.030953495229998
103.42458523884001,25.802489959170003
1.4718755335099998,32.77920680928
336.5967445825099,8.91557511735
103.52315274406001,15.1501354372
70.46157486770998,9.57586285157
5.08545634095,42.33953608584
83.28242062699,25.844654775050003
110.33284416394001,-0.317997968
88.06617363324,16.750955021699998
88.98460084059,31.82285945141
95.45445191630002,2.15192134481
65.99726929428,33.648973465770005
88.39880718699,21.66065302803
124.14166644340999,32.4549775515
62.29936960183999,28.32517402187
64.12551942771,19.133017815330003
76.9270443209,35.28356601708
225.62487657849,-4.18886167352
252.3233120859,40.07295795366
229.16978249155,52.15586292758999
256.30487995263996,43.97624630887
69.21892952325,37.40371263775
266.75805368291,32.99477357688
82.65894479228,31.74554520524
93.54881905837,29.66564990937
339.43849575443,10.427983813449998
23.90873634041,44.17622848433
47.096392522020004,45.1991839333
78.76757706831,51.73515429486999
324.70044931211,42.36933526319
56.32274207555001,37.01168496581
65.66329729839,35.7566070284
69.70186724027,20.8043424675
92.15975250136,34.45963791
63.93585344977001,42.777244938609996
73.25226004523,23.00250486598
76.17544633235,23.10981637012
77.40073032564,36.678095036790005
86.89773315233,27.486508410160003
48.810802740780005,50.77983603852
177.90119770089,13.422941067889997
85.94468825754,22.13055649481
86.12233736543,25.03870368465
91.79019229762,24.70738439443
199.53863940494998,21.21039053182
42.37466954882001,61.71002396516
117.73262955672001,-19.57709306022
42.80789887105,57.28025973019
191.82670420297,4.1448212264299995
106.40086728112,-73.0144540286
33.303762965320004,67.00589407402
33.54834850248,66.46993294709
33.703207829849994,64.31747411214
33.88982878886001,64.26915579637
34.07646162553,62.88957166008001
34.34464396036999,60.59138808358999
34.36061121478,64.99789334267
35.1115413477,60.75905905804
35.13651379035999,62.53384198293001
71.93898442874,-68.10762004152
76.93513747834,-70.24666396047
77.16993942815,-69.10901623255
77.91629539052,-68.80464069314
35.46358799618,61.69340241156001
84.42432697658,-68.97749019698
85.14983681449,-71.03142079381
73.51421027685,-68.84397011492
35.67242833605,61.81164004426001
96.00972605235,47.70662632883
310.32611533979,48.14133638345
86.0259824295,16.67921106008
35.83686522283,48.72814936977999
84.89601377373,16.88501938795
36.19608635335,59.73040034102999
83.91071444288,-66.89860772152
36.27006368859999,62.64902979715
83.64460555184,17.99796604798
50.068160528940005,54.6868560164
0.8526595911500001,24.637549865599997
114.92887889898003,17.8698875984
122.06153787130002,11.82220155591
114.98503165715002,65.55034630992
128.85843505977,15.73017331167
126.52273178985,19.67374378771
124.19761914471,19.568164124690004
138.1456007527,12.838868884789997
155.79880859844,26.717468330849997
156.68737725377,9.72616075047
180.14279706111,32.18406052063
212.93586684422996,37.835198225350005
244.03865304582,16.46786544023
244.50489573357999,50.99694708601001
241.87438813348996,52.31813008268
291.09424401015997,62.9601154587
279.2089319014,41.14610470275
355.92760373431,43.4380345718
87.50799560292,17.35681062772
134.15703172164,-29.274155019110008
50.338992205880004,62.76078783912
50.36842987342,65.4451766198
256.82254537201,-46.76565116482
50.5858440263,62.889416549409994
87.04460324147,19.207203274319998
50.70578717047001,56.01970273694
45.30156323512,50.95620695041
152.25965913744,25.30623559732
51.068939412969996,60.59464376727
51.2281603755,51.65272766908
51.26352235548,51.77431781183
259.47057676838,-36.99845975449
74.9014528838,-14.80625068865
323.80343045858,78.62449587272
51.62293225786,47.53015320578999
292.5042291666667,-17.68128611111111
292.4704541666666,-17.675758333333334
51.779080651710004,51.80091190014
186.0984684140904,-62.58035848350556
51.85251786844,48.33698431864
10.059333333333333,-72.83322222222222
14.646597110300414,-72.99325989279973
13.818833333333332,-72.95927777777779
14.871209776039997,-72.65750672431
17.195653916562495,-72.67215303199667
87.01128796669,-70.27433962038
88.02650650729,21.01849901104
42.91089219861,56.88849176582999
143.52615785681,-53.17326128818
43.5725573926,62.78338780330001
43.57961915991,59.48732100726999
83.04974492841,18.415679178179996
83.90290104192,19.75063896095
84.56320134905,21.25414326763
84.48342629391,22.10458957648
152.09393162268,12.30717585675
85.77158990734,22.787907142869997
82.94248223814,20.78599525132
44.51284758922,57.63798653875
78.30921120109,-68.79716043757
72.65696394202,15.79707955723
90.45282357298,-71.77604596161
44.93662911088,65.53710676004
76.1331342548,17.50457220528
45.04717770721,16.8278293114
75.35510992771,20.04935163986
75.34905105681,20.343323808819996
75.57088495093,-69.46649523346
76.24019228796,-67.08661984297
78.11052301297,-69.11056145257
77.95564180431,-70.6541286835
78.30339039147,-70.99321695204
78.70056450147,-69.34116741214
86.3543531862,-70.19581845186
73.37842772321,22.77344111334
91.55733285746,-72.73101516354
45.75784683867,54.41202355416001
78.61543151521,21.303680510920003
46.00752966959,66.8537268165
46.22114682407,57.03677328734
77.39835150325,23.22638333483
46.39648177201,55.55702337035
276.25775739044,-23.13451576219
81.57034153995,24.049701110510004
46.79984615592,62.687142827840006
46.88416780002001,62.4256152408
47.1806840995,63.79674970137
47.61845429211001,58.79196408254
47.62977035609,48.51673015235999
47.66796230881,66.07480537554
81.36063753866,26.9017418482
47.82118875547,64.65111855956
47.85683878988001,59.99312237389
47.91848745688,54.53101244536
48.08712532546,58.4023818999
52.31546355195999,54.120113833800005
48.172671802560004,62.40778721984
48.17468240157001,60.96726118558001
349.69524947457,-39.827996977889995
48.39932183238,58.83995717425999
48.65997290707,58.21752516393
48.83129740697,57.0803629697
48.93821737849,55.22081113159
48.981438377749996,61.9313763622
48.99739922513,61.155068216699995
27.754167032909997,-44.47079513468001
10.78071687966,-39.76274145184
35.49719904677999,-34.077043588879995
38.30245954843,-34.22669661089
49.6656272179,64.23554785064
49.70659507162,61.47070898596
49.80799492162,58.69965293281
49.81181539128,56.55443178495
54.02081823155,50.16186190122
54.0237714954,52.293419599639996
54.22209777719,52.44267783156
39.97760556711,-34.37851719988
40.051022739109996,-34.50257121822
40.10065053246,-34.57173958029
39.98003950657,-34.42400081216
296.220337,-14.728414
78.97812963072,26.76460878659
40.13014320754,-34.47893981605
54.73296775827,53.1946500509
54.820458480380005,70.88162413605
76.53443367189,27.055547382380006
55.02820075217001,58.485106165000005
55.08234349337,59.09781142464
55.13671712536999,51.50584231486
55.531412096729994,57.87124079851
55.86993422745999,7.1830268967
55.95302150795,53.38826180069
56.07220351303,63.34317301971999
56.20524622814,52.841034339429996
56.26359403735,56.31871543853
56.39525615696999,57.15046135659
56.43713454323,51.40442034658
56.54207252041,56.69603062309
56.59472424003,51.65206491536
57.70479107801,53.58991561957
57.908247018750004,50.21368816972001
89.2393449979,20.87354404306
58.03220352104001,31.70398852389
58.05980430037,39.88076688227
90.13148863932,20.86396256244
90.25325037216,21.089111746260002
58.31430353529,50.7204704941
226.28464105642,-22.60636249173
348.28008261923,-37.18944334389
90.66893521939,22.32128360758
14.85364493859,-35.99385302035999
74.94528016892,-68.59982823502
59.01320836835001,56.21887039426
327.65256468888,54.839932643900006
59.0735870159,43.81364360731
82.32588411814,-68.32319728376
86.77971372684,-70.67411928468
0.490375,-15.486333333333333
298.78216479149,25.51646250474
88.42927896327,22.261175772999998
194.88366833313998,-60.09348043690001
59.81899474747,53.513930528239996
239.34578592218998,5.036067323
83.25427492757,37.84127028187
117.91217746374001,2.3284032707
59.90524359620999,46.46238708514
14.613884163580002,-34.02184720608
59.98317868549001,9.317873718240001
89.2226873159,22.755663065089998
11.66844174191,-73.2797811281
71.92501334923,-71.86526848009
214.22390308265997,-58.989144716869994
60.43161932067001,59.5228011304
60.53378513075,56.14814097055
60.73647672753,49.31587222512
60.76398519054,50.03610707962
60.788162984370004,56.12220049314
60.89677163811,62.780746026680006
60.931234938749995,53.31990251396
61.00746217607,27.26260104513
61.05275694504001,50.56815520927
296.28377862006,-14.74175277654
330.9335353089899,49.78025124535
61.300610264629995,39.30441774478
92.97265883957,24.233854918820004
21.07389992759,-27.55210862574
236.76062781321997,-50.26037259443999
62.046069898649996,49.02451399433
62.05315478752001,61.45062109633
330.10593360906,-21.18982970418
353.51052656081,60.089860053319995
52.88994514431,39.24721665238
181.13406909564998,-62.62295962679
52.93226095838,59.09366362013
53.011440934659994,51.08887090939001
53.11291955407,51.94607044728
53.13445534600999,41.44203850356
53.25047533684,63.51229798966
336.75230451934,-17.72423491553
2.8302197066200003,-16.926487958000003
53.45493802835,61.60525769051999
53.64489525378001,54.55162246971
53.6601980154,72.64922722455
53.70381975572,61.63307473913001
15.673259333830002,-16.05037869194
67.31280814095,39.56216291046
332.48950174001,-9.26833537354
67.43022001053,39.86721168414
67.44761445923,51.46949295376001
67.50530386305999,41.84102573587
4.6510685470399995,-11.02734541376
67.73276117936,41.57085121485
340.47147642163,-5.90612573032
355.49972892834,-8.35516914074
67.84135877423,17.65285324963
67.85592161891,31.72567187220999
0.5249583333333333,-15.514194444444444
37.08112398467,-5.549430456930001
336.69924569452,-3.24929996384
10.144346831,-2.97263836171
181.98032168664997,-58.44780909453002
30.95444277832,-3.21802737936
324.00362026485,-0.75944968913
68.27802075838,51.77726814192
10.20079230087,-0.13472737609
62.656788145060005,51.43740697018999
62.66943425825999,44.44720891119
27.607511779030002,-0.22086396149
146.989193,13.278768
88.50703309306,24.16593901182
62.82045765791,57.71950462457
62.91408520129001,49.18661077759
234.23013062148803,32.58188645922488
87.50202723423,25.28641042085
62.98721177462,44.31661343719
86.64584044119,25.634989392279998
87.19420279856,26.220524329760003
17.85337433417,0.00051101006
18.96718188877,1.4393517341399997
63.33299844763,48.34589143768001
63.46842153068,48.00401620174
63.4625432079,48.72882747069001
63.55756112919,43.9144378235
357.31109970606,3.0835113474200004
63.94443710006,54.33169585877
90.5360779162,27.525164682919996
341.67409627602,41.01963317474
64.06394611664,43.72629278605
64.1009242073,39.42920730831
64.24871076153,57.99129996706001
64.66710812476,25.46365181213
64.75342452131,47.17824773045
64.82959741299,14.453873365100003
339.36682265174,12.70382591535
89.54724405277,28.46780436712
64.9668254186,51.74068648834
89.14015900478,28.811199973470007
90.24654670543,29.247535538439994
74.62372798376,-67.99187921113
65.30507402963292,44.98540419605917
65.35680802898,41.87165620579
65.36355069387,1.4870802482600003
65.49054473215,46.37646107689001
65.52727144478,47.04991252705
65.55877018113,59.979974970549996
31.820260073470003,13.50962398986
65.78150900639,50.10780828474
65.92497963364,47.88473563237
183.54697035669,-60.68812681089
100.45456197430002,30.55271989339
66.19401678045,55.92847561394001
98.88196017653,30.2131337472
66.41376935187,54.13893689919999
68.33948923286,52.11251780072
99.52240171103,31.19535568496
93.70720546251,28.16188035443
91.78037925319,29.20411043958
91.40653834451,29.637889873119992
66.57894247561,50.20911295947
90.69139788107,29.645710821620003
66.66153962088,14.42112949263
81.80838441112,-65.84721097862
80.86583344165,-65.60362342004
316.81456682645,21.657829245519995
66.91849474388,47.51217340965
72.35744726121,51.40636734367
85.49024476405,25.6793464222
152.14582088421,12.35086975607
72.55202927672,32.56074396617999
72.55601243873,46.6172959157
72.96107723384,45.30389480526
87.3672865153,28.102957635729997
73.13093836018,51.23078774209
73.1394663545,45.69337778514
88.52730553676,28.646370960539997
86.52362749925,28.145857984050004
73.20806339908,32.65266200306
73.22967810931,48.06167097412
85.92589842969,29.159884145110002
306.80708333333337,38.4125
72.35365579246,-67.49797445911
73.3619640877,40.69694638107
9.985106684199998,40.39781900852
10.247164955800002,41.59690973706
10.060939679520002,41.735950924790004
73.43902754781,48.12637831916
73.49846285446,49.96278345359
210.62565525352,-45.93539924742001
81.0557036389,29.191252171970003
73.6325796649,41.46120694229
87.41908611241,-70.78119372876
92.14121738718,-69.08696060159
73.70184668164,51.39756686453
85.21266833061,-71.13492842738
338.23539314152,60.54805071248
68.82314482301,62.27326628395999
68.82374967065,57.39127581526
68.94708991254,52.83318249894
82.62849658679,31.723226622049996
81.68669828494,32.01076042553
84.72651028764,30.447531556079998
136.27189334626,-32.11942103623
69.32118624584,40.78296739461
69.33264247796,48.26329517519
69.41205370473,53.38652099401
11.2275,41.39666666666667
10.994041666666666,41.433499999999995
11.092247864230002,41.41937378044
11.06576857411,41.42685699476
11.56899936733,41.965015402999995
11.900502077449998,42.13263602677999
11.350125000000002,42.07533333333333
11.480291666666666,42.233250000000005
11.635624999999997,42.26541666666667
11.579333333333333,42.143
11.839041666666667,42.31227777777777
84.99749416178,33.445082892669994
237.56229735403,-48.344397869400005
69.8347114606,43.49213842091
83.75606120294,33.84990128501
142.29329231005,-4.51209851995
70.06825702179,43.84333893833001
70.12784513458,45.1250871944
89.55220719083,32.50870551223
70.23325357093,51.482887777070005
90.60887155954,33.52728287115
89.6135662508,34.08252401215
89.76689822821,35.00342838333
94.17011289367,37.044667541219994
92.82399254973,36.93110344398001
143.79250546071,-3.9092222198
87.49033702855,34.62346039285
87.50337463687,35.75644379194001
70.49097034248,46.20373747689
81.46015226757,-67.31666340094
70.69835658278,48.92900911466
70.7209463364,49.17069059384
70.83423480246,46.2895872973
150.70629866718,-26.14768144434
150.90127827818,-26.17611588447
71.48896873186,47.37530159245001
71.52428367029,46.50782769984
71.55912849366,51.88209315526
71.59086166305,17.384188987189997
71.60479359416,54.48074196529
71.64015325227,49.93993586222
176.5766744641,-35.1853636884
152.8431903298,-10.02022214931
154.39261615198,-21.087188618539997
71.85794476305,43.37620321984
186.13369825367997,-31.393275030279998
296.20262639659,-14.77378969574
296.18302262282,-14.82896275878
74.38566056982,44.91993033899
183.24907305518,-26.889701731119995
173.75842612682,-31.011170900320003
87.03569983466,-68.14753157925
171.99124689509,-29.98461342667
170.36391477729,-30.168549336059996
74.85384239729,31.899546815810005
36.88031463229,58.99939369304
74.92630436839,42.77514617421
74.93457499637,48.5223427235
284.56042695219,-30.91967644708
179.18422391722,-27.83318855714
178.85992000126,-27.32052742366
178.31450758103,-26.06150862739
185.01066170505996,-58.93931468046
182.88170498386998,-61.77022866563999
204.89792786261,-60.907812647099995
302.89668675613,34.10483261552
271.75915335549,-14.594039585720006
111.89308079118,-3.14448109644
276.49457805995,-6.26484169201
235.62257032942,-41.5544567119
75.44783211398,50.00684868388
282.886218821,-29.75523732034
75.48987954647,42.48130688176
178.32492831151,-22.58968180006
168.39891768658,22.18562927871
168.34782162092,22.132894434029996
75.6459136869,38.65118098375
75.665520234085,44.32614760059306
75.68392719881,41.95455628619
70.77080416187,-68.41367592594
75.73138981025,36.73565402939
83.95242066851,-71.22315550648
87.62395800824,-71.80016376393
168.70654603937,-20.192820552419995
167.49865410878,-21.366894396540005
192.58633679186997,-26.17725253566
83.51435035074,-72.4674440348
72.76410532479,-70.80374267606
76.02046235311,11.546608337239999
171.07225303987,5.82260477915
189.20159053271,-26.6446136861
296.31398586176,-14.783921800230003
296.1382351188,-14.723178154040001
76.15322381695,46.79875717342
171.53664175116,-20.80515124027
76.21762931941,22.176102544709998
170.09787984523,-30.61199923474
76.25123171025,8.935510927919998
76.34904606955,44.20326382508001
76.51593672503,37.41854339942001
194.50494280472,-23.673393982790003
173.21957934265,-20.22348427316
193.62881831337,-23.49306311829
76.62556180434,34.62805238975001
76.6670284931,56.47917664767
174.48248878581,33.08115886687
77.15113213456,45.48491856595
192.05138003647997,-20.27513597825
180.13190911778997,3.83413455302
180.20485520536997,-7.426096513730001
181.79834054561996,-6.285038122789999
181.97116955657998,-5.63080676113
182.72938749659997,-13.06900372882
77.43587470044,40.740181498089996
8.192083333333333,48.384611111111106
77.5845853424,39.82294715573
77.6111280257,39.05843386198
77.70291486085,38.25602851336999
77.73010164875,48.70205807783
183.87122544872997,-3.6730399628999995
284.00786532722,43.71214605755
78.0124568015,14.877070648449997
57.64274707336,47.63368085804
71.05159783674,-68.66349436361
74.66499185433,-69.29472750745
84.2625930426,-69.96714554665
88.77730180064,-69.89044131862
194.15979740445997,-19.25900192745
73.77381057502,13.126072977380002
190.33698774396998,3.4800715262600006
190.35404170468,-12.153077634409998
71.87122708133,-71.25265701849
85.8236597746,-67.3205985895
73.98666360188,36.80721077459
74.01129238829,9.37198040923
74.09995822169,50.20828326926001
288.02970302776,-31.641981809979995
236.99022816579,-42.18255023402
81.45621928749,39.74520066342
81.54656380867,38.377124532009994
81.65729231685,14.049599708640002
273.5025,-16.738583333333334
81.85220170883,38.07529395885
82.01349578139,34.50389458994001
197.24277756595,-27.827811204189995
190.67306880225996,-19.84422875818
82.06367180284,30.591453174150008
82.06448980377,37.22244931457001
202.16974141487,0.4547133925499999
187.94510015847996,-19.233995782519997
200.33126787824997,-17.22767041336
82.23702905412,34.07288618326
82.40082601768,39.1546475383
82.5585357653,31.993283453410008
82.78008893619,31.905024365760003
82.78996950966,34.66442035315001
207.64188112819,-11.499014098730001
207.67183810781,-27.02765541403
82.93528533461,28.27951812122
178.91020132272,-62.88409339937999
83.01280305434,29.52833422971
83.15115187745,28.498501435909997
83.16935192216,32.93917485954001
78.35185093728,20.99025761606
190.19296085141997,-17.52105361484
212.40404089295,36.72758069527001
192.35327462221997,-15.442508104890003
0.5163333333333333,-15.42861111111111
78.57553767084,45.40500917477
190.11878413487,-13.24159985787
193.38697990985,-12.204449195660002
169.02458977919,-27.76370599109
78.72605530892,40.84997806136
166.93623324367,-27.876502966389996
168.80875659799,-26.224378563630005
56.099000000000004,-43.521166666666666
78.99803300094,35.57747677851
79.04673355554,11.255970823500002
54.72064515046,54.79896775253
79.28602223893,27.694332649560003
79.47423723365,32.21231956976
170.43132574728,-19.82949369434
79.73746488151,34.95238413646
110.30308952128001,0.6028812977299999
97.32903643938,9.485688926730003
57.84957033948001,9.4142629654
163.67454144997,-19.38935939802
164.80106677125,-19.18529274684
79.9218818151,43.06706035109
260.56140304250994,-36.76373190943999
80.00390390685,49.27547018796001
83.48982770325,-71.58600158724
92.55755640416,-72.33788657671
165.15514357238,-13.28201979246
259.32494702236,-35.47327452049
80.36858553085,15.909415223460002
272.78885369955,-32.18387305265
272.45757879027,-31.544241373789994
80.56635677023,8.62755154718
133.84534140623,17.2312730583
80.60079419395,38.85342268096
180.04793974133,-14.847066980620001
80.75095026131,29.40465205754
80.78650150024,32.474115752719996
183.71591010146997,-14.520815511160002
8.139166666666666,48.34352777777778
69.27147852964,-69.68544794895
80.8709183564,23.656271842560002
182.12317686496996,-15.020140540639995
80.98592708845,41.23550506303
273.40942505503,-27.967163061740003
81.05193611647,34.54928996217
81.07818295921,30.533972096520003
254.80758577139997,-24.463102366630007
268.3429740267,-23.279126832920003
269.30209865592997,-23.46892018988
81.23258478885,40.0671667405
86.62788887402,22.791003539609996
86.70854735577,37.1674258435
86.75083122251,28.85820993665
86.9456279101,28.730809928400006
86.96117369227,30.581573925230003
87.01280159453,32.05543692612
87.01659645547,34.85869023427
87.03968835879,38.14314071622
266.87115098867,-16.81046294808
183.57061052681996,-9.01392098238
278.0074638707499,-15.02965927335
296.06614019586993,-14.84460077157
296.1559526302023,-14.6874572697269
296.25984418308,-14.68418953892
296.28563078802,-14.74078031319
185.95811286448998,-7.131668736849999
87.27403055344,32.04833604160001
87.38463353726,46.59937757263
87.39488983084,23.38045534162
87.44764019679,29.54839568011
72.18651124986,49.95162905082999
87.6260472524,38.3368008665
72.43362892633,45.791393368840005
87.77305118597,17.3713842441
176.90497124981,-11.5912480222
87.89325399474,23.61967734333
290.52995200864996,-6.841557089860001
87.94347073137,35.371954413590004
87.95210666559,16.907124383860005
231.73703541104,-2.34568762327
152.7534,-4.6986
71.17310093417,-67.50510883929
75.15896176117,-68.68171108055
75.44273181144,-69.21777267934
88.26891937197,30.64401278174
77.84063950748,-68.45558224709
88.28847617443,25.51914553865
88.2955193331,29.07912619898
81.19373071548168,-69.9332196519125
178.67438394332,-4.7846679315
82.28538593565959,-70.05450252522944
83.251262196,52.59990020514
83.26083929962,37.88833560904
179.85701926573,-3.2477278022000005
83.68603028818,-71.16792551336
83.29842729892,32.18656853243001
85.58964921972,-71.80211206369
83.3314373754,29.63471076397
202.15727512498998,-16.907650973670005
202.33296059671997,-16.083440674190005
199.35026420241996,-15.481061821260004
202.76020269702,-14.21816961934
83.57372776129,32.23596896869
83.67670202591,40.26056155522
210.91586108332996,-11.467864015919998
204.97174258892997,-9.89716997181
84.11777840791,25.85847594401
84.17139647267,30.98964675079
88.22502272544,-67.01451736826
84.2398890491,35.47790116633
74.82409670922,-66.17073591224
84.44284160767,30.063183242440005
71.14650931744,-68.59783185266
84.84095841203,20.17436676607
204.65454354217997,-69.04325465206
84.97149002637,23.16721674
85.04328709325,49.33014281407
85.06042993409,26.52747031347
296.30333451203995,22.82958390936
70.30886538516,-70.01932726484
85.15386955601,13.80622137772
85.16659281427125,34.64854129232888
85.20477560746,27.604576167819996
85.2549020539,34.62073852241
71.93285161977,-68.77566213006
85.46536518431,34.58945176555
85.4758487271,37.70333484067
88.42074575259,24.444135804949997
85.75261557769,47.98092769707
86.0775392015,47.17192055177
86.45131801215,25.49499062548
87.1017434316,-70.81921642207
89.95924093484,24.79816272455
90.10030964795,31.197942613679988
99.256783,-1.4505049999999997
85.73109093828,-69.36300237332
90.2176316311,30.757066942379996
90.37515883212,27.671150966909998
90.43219338423,29.454594410910005
211.99324387298,-4.01745141524
210.80188288313,-2.73776864179
215.23800266497997,-3.33147268304
90.74226305318,46.46169549655
90.74667250295,24.10898021523
3.2506153139600005,67.07831219463
90.88196470454,25.99958227124
213.35329695825996,-1.66483376149
90.91243446716,20.1168098587
219.49316363655,-4.22669508247
85.78521477246,-63.86975840433001
87.0852424888,-64.61490046883
87.07950688559,-63.93718771308001
84.40080420485,-62.530607562179995
90.94385269667,19.9351415246
94.2824311349,-67.00465689759
92.48892490613001,-66.50540334212
90.30807828189,-65.78203853622
94.5927974924,-64.94618203907
84.22457314988,-66.13377441899
84.59625503877,-65.44672440852
82.77194453536,-64.58521540608
72.03757745780999,-66.09147155208
76.32005825718,-65.6469195074
76.67033149736,-64.68505044169
91.12319651869,47.28653573034
91.13079691997,10.182558295439998
85.05225188549,-66.37535150901
151.44589089186,-52.68323696282
80.80909223971,-66.40165731185
91.34441441056,18.52316180237
90.90842155007,-70.09460723827
84.12122785795,-67.48418091281
82.92372866848,-69.3231357611
74.76348828609,-66.91487034797
64.82483505113,-67.01699124908
91.5239842887,11.96038846652
75.56821461443,-67.7412449427
83.40412645957,-72.75646038297
83.40888564215,-72.1160423597
77.13357724206,-68.49403703031
91.63956935985,67.54997934959
65.10437217115,-71.42779454479
69.06246168126,-71.86189157055
51.99596430431999,60.74866590512
81.62895877428,-69.88091590791
222.34731569156,-1.2924295908599996
82.80524287851,-68.43876039148
84.8400304928,-68.45542028042
74.05426955128,-75.04606214982
74.72866931297,-75.35625678466
73.29105770511,-74.67884262761
223.12777400512996,-0.32957581985000006
222.58272088766,-0.22359196066000003
92.07277529369,22.70792663725
0.4498333333333333,-15.463166666666666
92.16757297358,19.905430830529998
220.46206109600996,-0.40675375756
92.23807143948,18.670645720679996
69.60057107188,46.63042751157
77.51576768176,-68.77515025063
92.42893428282,19.15743726614
92.4966392497,19.532085170419997
296.28336044906996,-14.789416375740004
92.71458001089,9.37636624097
92.72997350282,8.15087710729
182.67256628630997,-66.54196121849
92.81609833554,13.007652677049999
27.7016009216,-71.71276685827
29.05503472754,-72.02486031684
92.84305710787,28.537121453829997
92.87231193517,19.69369402893
166.71199777001,-58.578834705069994
25.937130677279995,-72.04491522181
22.745602920999996,-72.49286774683
23.57576623828,-71.73266567892
19.175657869570003,-71.30444341036
93.07280594395,9.35061530695
93.08334193906,20.03594094286
93.10445243022,43.47082992735
81.07237386311876,-69.71864797026944
93.11214394648,12.209922497369998
173.97436231842,-60.56144058118
93.18498238801,27.659465207300002
10.98652526474,-73.48659033759
10.57027232798,-73.07082691227
10.349787721930001,-73.46086036774
11.92182552839,-73.74734287327
13.11020093166,-73.36590593962
16.367498360360003,-73.29662743463
10.683005974649998,-72.3733807222
10.208436495709998,-72.34534996507
16.36879594737,-71.67747880815
16.953836022200004,-71.81721848646
9.690387171309998,-72.24700665804
93.38115280819,7.61590540212
93.45007930929,21.601102173780003
9.39379126549,-73.35308341591
9.425616714760002,-73.52380509865
7.517070632850001,-74.60253522167
7.752486220569999,-74.37735491931
6.0408273203,-74.48820920015
8.19416927076,-73.7969302556
8.19171563695,-73.11245681216
78.28332003027,-68.55325230563
82.65975471534,-68.47595974977
320.81816706034,45.85703660651
221.75835590900996,1.39314613621
83.75206592405,-67.38529656256
80.45652702116,-72.48832465613
93.72477244302,8.66634352372
93.72670958666,22.720163190239994
93.85270316846,21.563697083510004
93.93576805458,27.54878855799
94.00198754965001,22.824692875549996
94.02672234648,6.776948654549999
94.06333673352,12.74148804907
94.06710626184,10.513473587550001
94.11118321579,2.30792698947
88.66365657789,30.192546131849998
88.68575831961,38.1410652306
199.62155385944996,-63.17477185989999
88.9107956977,21.98211677859
88.98437529807,22.86515657459
89.03033391742,14.259642239889999
215.30175913732998,-0.8062419559699999
89.20149568666,30.835831177049997
89.24920180609,22.5146634527
78.53033114169,-63.53967744408
89.27001001418,25.747820742259997
76.76610557384,-69.71330769829
79.05286183806,-70.57400325146
81.98026860966,-69.97474242872
211.0146892772,-60.616944564419995
208.53264840977997,-61.83085321552999
89.63653344023,12.617860933909999
89.7421226703,26.812215712669996
89.74404657232,22.08871482428
296.193579594692,-14.678281293106
296.299103,-14.783447
296.20662581731,-14.926632908330003
97.73632986884,-5.51009681024
76.06135738657,-69.4212484101
79.08465988976,-70.86012279974
97.83276526871,31.52892369894
97.85169588826001,-0.5164021473400001
80.68468866131,-69.8936948711
84.3472591482,-71.31925087633
98.02758690330002,12.319288103650003
218.1938837307,2.2457342865699994
98.11320698196002,12.3452359062
209.23588254442998,-2.95867116858
209.22374019984997,-2.76046126382
98.15025446816,8.98418734751
208.68239428651,-2.44492802365
98.43156107250002,14.322636358629998
98.47525092193,15.918761986069999
70.9837383309,-71.46493492391
77.49270370693,-66.08181363179
81.39262447656,-67.36855429515
78.47492628953,-65.79422192489
87.03461786405,-68.08327409436
98.55078955276,14.276291894310003
249.14787515915,-46.36404493808999
71.6610142157,-67.88691993101
94.29999328528,6.75609079126
274.55400060032,-11.751769228599999
74.740692239,-66.00186296221
94.35065308754,3.2537776658999995
94.38704729998001,20.103774345030004
94.74749600345001,12.56956959316
94.80361990106,50.47689245001001
94.81390441221,21.61828282049
94.96008308755002,5.326275968569999
94.96015825815,9.02639896186
95.15198632615,23.774900570510002
95.16596777144,5.882826827799999
95.16794816484,22.676962508180004
95.2730432229,16.2656278356
95.28204494431,11.570942483260001
0.48758333333333337,-15.423916666666665
95.50848389183,12.1732352959
95.53513961221,11.423843502869998
95.54776266088,14.42305485967
238.67164081428996,51.767026288009994
95.64313074023,15.31721984373
95.69699061717002,7.359134898979999
95.75296317207001,4.26234811397
95.79538357891,2.75900666449
95.80755421686,12.15636676191
95.8474579967,9.499954182070002
95.94943135641,8.49757056797
98.88335151727,-0.07772005310999999
96.28920735593002,11.490048092709998
96.32641746227002,15.274266366620003
96.39656830570001,16.09004019782
96.60303200482001,5.622373302860001
96.65530222979,9.037559867119999
96.69314616881,18.440521114310002
96.77611477203,22.59984437195
96.83024888772002,15.777669700939999
96.89691090502,8.119943384319999
96.95452891444,0.49729267447000003
97.03534168583,2.46637430317
97.14234024402,5.63397291481
97.23893280810002,-3.1135992187199997
97.24310449989,9.469019017070002
97.36548340738001,7.160831647449999
97.39777817482,8.7879008485
97.42042744085,20.51994272421
97.44066493573001,13.097560239070003
104.10906783166,3.7367190585699994
217.98475045563,3.7079218374300007
87.45493891053,11.14438670404
104.39818800472,-1.45662547985
216.08796110339,4.79314030822
296.27604094740997,-14.751716884430005
98.98190843204,8.25734046948
99.00393870150002,6.08482388411
99.09441252204,-1.77275318164
212.14618870224,5.10760473115
99.13615062385,9.42758349451
99.25700339741,11.4589842582
99.73483620676001,25.494016897250003
99.84479925218,0.51161607014
99.95260682316,6.241404219499999
99.95916026143001,4.365648155490001
99.97387155566,3.902232982770001
100.00656269452,35.8458265805
100.06351808053,13.90037996401
130.11056793915,7.463806191109999
188.35016298156998,-3.7410686864600007
100.68666640206,-8.76716017781
100.70141733007,0.9100238899999998
100.75423373991,2.8007812960100003
100.97325332166001,6.64215887787
142.8138494134,-63.39238689505
231.64041544742,50.551972698529994
158.22436946452,19.02542951653
146.91049760576,9.25228303466
232.04251418232002,13.74148352052
217.89526454997,19.11221652385
223.26553593917998,19.055640538499997
209.15073626250998,23.21757735355
101.25105043216375,-0.9515618590880552
0.5070416666666667,-15.372777777777777
101.32617782583,2.1271926607299996
101.42085534772002,-0.43128568185
101.63932751327,7.75159110409
101.6558201338,-4.1801921745
101.8974529644,-10.128475537540002
101.96003013857,2.88890274532
102.05254915860002,-0.96068207772
102.06553058032,8.04465249514
102.09756831718,37.4823618076
102.1780960703,2.03850311336
102.20360549483,3.4100451597299997
102.22116506455001,7.6695844731600005
102.43768766675,2.97022455922
102.46825409774002,-5.01275330418
82.63791666666665,27.03638888888889
102.55040048186,-4.123833246919999
102.59217687757,-2.8985867127100002
102.77773619494,-3.89653555072
102.80407441649,-10.143609054200002
102.80545514390002,2.36903955336
102.85948942258,-5.25771483056
102.98113060395002,5.18573011248
102.99957633063,-2.03087139888
103.07187757195,5.20769067383
103.08333477789002,-8.67366335064
103.14827356816,26.563708868790002
103.19133628524001,-12.16520040328
103.24847534782002,9.277092187199997
103.47311510257,11.94083563565
103.50035649938,9.001812372729999
103.56644641020002,-0.30142784924
103.8741937337,-2.0468027605899994
103.91778373238002,-2.33768296197
103.93336175511001,0.047329750389999994
111.69528283155,2.4326308672599994
112.6081036266,-12.3993292995
113.41033004657,-11.915343367829998
113.47081240628002,-6.427397434929999
113.59965212606001,27.31986064402
114.0121198579,-10.21474892418
114.8281514959,-16.49436863049
104.65732889497001,0.5691080587800001
104.75872933111002,28.81459552523001
104.77361108269001,3.6323015163700005
104.8099353136,1.63312432306
105.45386598471002,39.99754669835
105.73270459436,-5.70109200356
105.92813423238002,23.937431657510004
105.96865310075,-13.217452159519999
106.11676812149001,-9.13401742955
106.14152764252002,-11.57387488778
106.40287652317001,-8.749322668420001
106.45576137603,-5.86315027839
106.46247097229002,-19.11572692973
106.53239679603,40.20036848977001
106.60486474349,-9.05144560249
0.4606666666666666,-15.475027777777777
106.80359217078001,-5.364827291940001
277.06973266298996,-8.572345757640003
107.07535361097001,0.68697326697
107.10807433347,-13.467426345959998
107.23536573424,-0.29007665759
107.39376546405,-7.5940442277899995
107.6455669777,-1.19041504813
107.69965463965,26.98404844372
107.7749410186,-1.3048429220699997
107.78035434678,-0.38684013049
107.83365125405,-6.19144135411
108.11323010265,-11.10529101791
108.47102580690002,-0.5165417516200002
108.54389971293001,-13.052681371300002
75.62341504985,-68.01756449087
153.36352246429,-43.82175345216
109.18692459806002,-19.78782105866
83.60703082527,-72.57029259982
78.33214597511,-65.72023521025
75.46933376803,-66.50014849903
109.36778491718,-11.40813949843
109.40102943317,50.17821158001999
109.66248976374001,-1.28109806578
109.69180863687001,-7.796156038879998
323.46820327666,52.97655852803
110.12848965845001,-19.21664476601
110.23383903751,-7.55023226662
110.26877865986002,-10.528376240510001
110.33478270535,-8.18058140791
110.83696920912,-12.836354941359998
68.45482970446,-70.21977453913
71.89198536294,-67.82621398216
74.51921493691,-69.44516049225
75.73511317838,-71.18066237111
74.93645581854,-68.89894196401
76.53527491913,-68.65279986628
81.20807381892,-68.76470676391
83.16999580494,-71.81898459859
83.88767036192,-70.28310656526
83.91669152152,-68.48988390039
84.9813441806,-71.77649363344
85.25816371101,-70.7197133343
85.34696415864,-68.51730003452
116.80734275217999,-9.20084913419
281.89210705269,-4.61019784193
115.80961906394,-20.68785749758
186.27278395653997,-0.7258322146100001
184.88957397982,-1.47859422546
116.75286403850002,-20.580626085729996
116.99823180060999,-14.36503590149
80.18190690676,-67.59804436796
71.54830077871,-71.73490803947
79.71054572728,-65.95353795787
78.60875142767,-66.37441177087
117.44186945541,-19.601395798499997
80.57723972342,-72.0055631925
76.33710132592,-66.54185471158
118.53391100243002,-16.79152333514
119.73289681633,33.977220030910004
296.2168789891,-14.99066588465
186.91682983809,-0.46407910210000003
186.83393107260997,-0.40709158585999994
296.31804319891,-14.73906379512
127.31300941228,18.38539360351
134.35765278882,17.34777945205
168.33599818974,22.18786040455
84.48614224481,-72.13817241408
57.54444230887,26.084121069250003
197.47349261012,23.428012554000002
86.30718845029,24.42012459865
204.67307416455998,15.8689810555
184.38892685460996,-0.31597776848
75.14033115039,-69.50474716224
75.67887492236,-68.11982263834
81.87428444801,-70.57340548519
81.27474444775,-69.22344485324
81.58268120064,-68.26723965833
82.5424139583,-67.83195665472
82.08579224203,-70.06887408665
85.33172234365,-68.63608715718
85.80523793813,-69.54604839815
182.35429257310997,15.271748945559997
87.89858326129,-66.82957368025
185.16920924703996,49.31218600257
278.04566953632,-6.45152543056
185.74785567779998,21.090622674249996
191.27232761516,4.6814722163899996
76.51231095586,-20.09926304221
189.11243112488998,2.98385648245
189.32914774791996,3.3559084748999997
194.6396368821,16.67006706471
191.15081800843,5.21919276021
198.85722595027,6.42250215882
320.69456445472,45.77078309376
86.87950345743,-70.54447628508
214.53201062295997,63.81861444947
282.53843318086,-30.76013377913
87.62449317632,-69.28198891552
4.98025,59.323861111111114
79.15489504421,-67.35960729576
83.52194590862,-66.35837835481
97.45370491992,35.6892009096
105.975,-4.933333333333334
221.68414300261,5.21058392346
87.375,23.866666666666667
110.675,-14.166666666666666
261.5789425591099,-40.03117057246
193.70949737209,61.81173610450001
296.20894134795,-14.769952531759998
135.53355083954,43.91775432616
313.75550762522,44.24134013769999
296.12743296132,-14.733723847319997
327.18525591081993,-17.017349938950005
273.41953071327,-7.403116692109999
158.65207923217,-17.1830412936
154.25240372533,-14.65835622686
226.23042724313,35.7993123733
56.05613212052,-3.0772205365500005
155.56141863764,-11.860708040100002
166.83085308606,-10.22108168904
322.65217399324,49.85498526557
106.62315433343001,-22.76957916796
163.62051768951,-5.57240764718
228.79609942932998,-13.541106893619999
108.06998878365,1.8977622780300003
107.91218739234,0.16241200986
153.6040965155,-9.96524867536
229.66771489917002,14.9842478382
111.13880889892,-0.94440545604
111.56258998885,-19.75691628021
75.08962123278,-69.55449950691
152.65413263649,-6.853792442769999
80.31959393031,-68.21452323575
81.22530462434,-68.16501529423
302.54619339499,32.62336100741
85.58699678983,-71.78306458181
155.18028507937,-2.5630665306899996
99.86668639667,5.721041232179999
168.26119237991,-2.1574328810399996
134.72596400235,-60.79335783859
59.84874642123,-30.31248587584
101.16751026636001,1.0937035784
80.91365956298,35.21674186469
102.86328857601,5.223011144520001
84.97620930293,-70.5433447845
86.67651943882,-69.37609757238
172.15237083465,1.2253066022399999
68.91965587792,-41.75689183095
175.35769700396,1.0845244456100003
31.908532,21.320385
107.56963677947002,8.573715656820001
87.34879078504,-67.9146922464
9.236396746999999,-72.42150130817
10.67041473673,-72.95155467289
8.90525940629,-73.16561536677
10.914916666666667,-73.24933333333334
10.86035761228,-73.44532426784
11.71161615388,-71.79421463705
12.918622728447081,-72.95802404872472
17.07297083333333,-72.88589722222223
79.54872083333332,-70.50749166666667
83.11052000347,-73.16856622927
220.26334524181996,-62.766055053449996
84.96665271387,-70.02150242278
352.07131048832,10.91038950251
163.96291843429,0.6228415554999999
111.5192646749,-4.033988681640001
324.0377583333334,54.40647499999999
318.56267640907,44.68628914303
8.288445833333332,48.49801111111111
8.300345833333335,48.518077777777776
8.360058333333335,48.52805
9.776679166666668,48.320638888888894
9.737583333333333,48.35477777777778
9.738054166666666,48.34181388888889
9.727091666666666,48.326097222222224
9.738625,48.32336111111112
9.703708333333331,48.35908333333334
9.74475,48.35113888888889
9.7467,48.34925833333334
9.72875,48.316750000000006
9.729708333333333,48.35955555555556
9.716779166666667,48.33616944444445
9.7195,48.347611111111114
9.726333333333333,48.34502777777778
9.707991666666667,48.31563333333333
9.738458333333334,48.33330555555556
9.743041666666667,48.35041666666667
9.737666666666666,48.3305
9.745970833333333,48.36168055555555
9.726833333333333,48.33294444444444
9.727820833333332,48.337947222222226
105.08385767554002,-5.40668718711
81.53591640624,47.12529822786999
159.14187547072,0.72763756438
64.35503590973,33.239758277149996
164.12477377131,1.3690603650399995
103.25623333333333,-4.897261111111111
67.30108333333332,44.702419444444445
130.456254,25.555496
8.338208333333334,48.37569444444445
8.346208333333335,48.543388888888884
8.347916666666668,48.423972222222226
8.39204166666667,48.59708333333334
8.409666666666668,48.69799999999999
8.415166666666668,48.57666666666667
8.419083333333333,48.618638888888896
8.434875000000002,48.534166666666664
8.435333333333334,48.69958333333333
8.471125,48.665194444444445
8.443833333333334,48.60666666666667
87.05984078067,31.36017240358
106.06495211777,-14.859571173019999
109.37430009274,-0.6405113498899999
8.326725,48.49634722222223
171.63043670129,5.61815613239
74.64391523197,-70.93223316768
67.97393032851,2.650135344079999
256.7116373415,40.20959964609
145.50234113322,-8.87142282916
315.04781433416,47.67629925596
79.33733362387,47.26459228486
145.5494073608,-7.651674278249999
8.287208333333334,48.62125
8.419541666666667,48.63338888888889
8.415416666666669,48.547555555555554
8.443708333333333,48.61661111111111
7.991791666666666,48.36077777777778
8.153708333333332,48.40044444444444
8.188916666666666,48.529694444444445
8.221458333333334,48.38383333333333
8.104208333333332,48.56930555555556
8.137583333333334,48.51772222222222
8.20725,48.449194444444444
8.223666666666666,48.510083333333334
12.959124999999998,-72.84711111111112
8.185833333333333,48.378277777777775
8.205208333333333,48.43552777777778
8.258083333333335,48.65247222222222
8.271333333333335,48.340944444444446
8.298541666666667,48.56147222222222
8.0895,48.63847222222223
8.311966666666669,48.46220277777778
8.318016666666669,48.53711111111111
8.436833333333334,48.64922222222222
8.266083333333334,48.572750000000006
8.19675,48.566333333333326
8.272933333333334,48.51468888888889
8.346541666666667,48.561305555555556
8.360416666666667,48.54691666666667
8.283587500000001,48.53480555555556
8.2285,48.44986111111111
8.244083333333332,48.32772222222222
8.240041666666666,48.51694444444444
8.264095833333334,48.48037777777778
8.148291666666665,48.41758333333333
8.226583333333334,48.39780555555556
8.214083333333333,48.40502777777778
8.22975,48.438583333333334
8.264441666666666,48.54004722222222
8.109916666666667,48.37136111111111
8.276541666666668,48.405388888888886
8.297475000000002,48.521825
8.307291666666668,48.50416666666667
8.158916666666666,48.334722222222226
8.241416666666668,48.43594444444444
8.2676125,48.507222222222225
8.162083333333333,48.35391666666667
8.207208333333334,48.58180555555556
8.296875000000002,48.47175000000001
8.254666666666669,48.576
8.264345833333335,48.50897777777778
8.199041666666666,48.538777777777774
8.219958333333334,48.41613888888889
8.26275,48.46913888888889
8.317875,48.53424722222222
8.243920833333332,48.52819722222222
8.245166666666666,48.39563888888889
8.287187500000002,48.505433333333336
8.237,48.44497222222222
8.249708333333334,48.48961111111111
8.261870833333333,48.5457
8.273958333333335,48.484944444444444
8.238166666666666,48.55094444444444
8.265770833333335,48.504866666666665
8.273,48.404666666666664
8.306066666666668,48.515325
8.282791666666668,48.43986111111111
8.290333333333333,48.50088888888889
8.250250000000001,48.41672222222222
8.262083333333333,48.45230555555556
8.270183333333334,48.46970833333334
8.298183333333334,48.457055555555556
8.251166666666666,48.39780555555556
8.261433333333335,48.511824999999995
8.318500000000002,48.52733333333333
8.257829166666669,48.49435833333333
8.2855375,48.54586666666667
8.295375,48.48661111111111
8.318416666666668,48.72041666666667
8.283120833333333,48.50255
8.268458333333333,48.443888888888885
8.309166666666668,48.57741666666667
8.374583333333334,48.69463888888889
8.2732375,48.477158333333335
8.288929166666666,48.53551111111111
8.280408333333334,48.46345555555556
8.324833333333332,48.39966666666666
8.336475,48.5396
8.278495833333334,48.468963888888894
8.312845833333334,48.539513888888884
8.324429166666667,48.507250000000006
8.2877125,48.460661111111115
8.296812500000001,48.480272222222226
8.308716666666667,48.508294444444445
8.285425000000002,48.493516666666665
8.317791666666668,48.46794444444444
8.324000000000002,48.55408333333333
8.330458333333334,48.59369444444445
8.291916666666667,48.464666666666666
8.317416666666668,48.472030555555556
8.321625000000001,48.58236111111112
8.446458333333336,48.57430555555556
8.312454166666669,48.5228
8.294958333333334,48.57708333333334
8.317250000000001,48.517116666666666
8.321,48.482194444444445
8.335695833333334,48.51581111111111
8.3445,48.659083333333335
8.359791666666666,48.539111111111104
8.306441666666668,48.50909444444444
8.314637500000002,48.50572222222222
8.325633333333334,48.49126944444444
8.31975,48.528194444444445
8.328941666666667,48.53677777777777
8.430958333333333,48.6705
8.308604166666669,48.48026388888889
8.321958333333335,48.43494444444444
8.328375000000001,48.44975
8.344375,48.53984444444444
8.357916666666666,48.58238888888889
8.312750000000001,48.50175
8.324375,48.585972222222225
8.342458333333333,48.56927777777778
8.369916666666667,48.60194444444445
8.42225,48.406083333333335
8.450833333333334,48.49186111111111
8.31825,48.46786111111111
8.346916666666667,48.54850277777778
8.413333333333334,48.552
8.322049999999999,48.52699722222222
8.354041666666667,48.622083333333336
8.383583333333334,48.334250000000004
8.402833333333334,48.59886111111111
8.3885,48.557805555555554
8.359833333333334,48.57333333333334
8.412708333333335,48.598444444444446
8.330041666666668,48.541472222222225
8.341583333333334,48.53197222222222
8.351545833333335,48.52676111111111
8.370833333333335,48.57719444444445
8.333250000000001,48.43725
8.38325,48.592666666666666
8.371458333333335,48.51280555555556
8.415541666666668,48.49113888888889
8.337416666666668,48.44566666666666
8.379508333333336,48.53221388888888
8.417708333333334,48.54136111111111
8.434666666666669,48.51269444444445
8.5675,48.66877777777778
8.341012500000001,48.51229444444444
8.455916666666667,48.625
8.449333333333334,48.44655555555555
8.345337500000001,48.507555555555555
8.430916666666667,48.66863888888889
8.540833333333332,48.42883333333333
8.384625,48.53605555555555
8.402375000000001,48.578250000000004
8.360125000000002,48.51091666666667
8.395458333333334,48.56575
8.462333333333333,48.575
8.365233333333332,48.509166666666665
8.408375000000001,48.538694444444445
8.37275,48.66463888888889
8.388416666666666,48.52466666666666
8.510749999999998,48.64952777777778
8.684375000000001,48.68736111111111
8.374125000000001,48.616305555555556
8.402708333333333,48.632361111111116
8.752,48.65825
8.374500000000001,48.65291666666667
8.422583333333334,48.50863888888889
8.389916666666666,48.58716666666667
8.446750000000002,48.59561111111111
8.387708333333334,48.56933333333333
8.413,48.55905555555555
8.47075,48.538555555555554
8.515291666666666,48.58030555555556
8.461916666666667,48.601444444444446
8.609791666666666,48.63886111111111
8.279795833333335,48.499525
74.18033333333334,44.544888888888885
9.584375,48.32441666666667
98.21958333333332,16.485555555555557
293.68448159195,-2.19390623246
7.35569390669,64.26210929943
87.38719399784,-62.002674932210006
166.75088564457,28.22362835366
351.6648333333333,50.66363888888889
216.21620833333333,44.50641666666667
8.235208333333334,48.4125
9.702504166666666,48.34780555555556
9.7807875,48.34083888888889
8.511583333333332,48.59041666666667
8.259695833333334,48.547822222222216
11.72192672872,56.66895624774
9.744075,48.32523611111112
9.7170375,48.302411111111105
9.741429166666668,48.31921111111111
335.67671113135,54.59679900439
9.698758333333332,48.2954
9.696858333333333,48.29131944444444
8.382970833333335,48.49608888888889
9.753270833333334,48.32245
9.749374999999999,48.37211111111111
9.788924999999999,48.34745
9.7746875,48.29834722222222
9.838875000000002,48.30105555555555
4.928458333333333,59.30588888888889
4.9315,59.364583333333336
4.9325416666666655,59.327666666666666
110.56755018859002,-32.31203182904
191.305229,45.459417
9.724595833333332,48.32834166666667
9.869041666666668,48.35241666666667
8.347083333333334,48.52945
8.229016666666666,48.503822222222226
8.2417375,48.53061111111111
8.275629166666668,48.47066111111111
8.278587500000002,48.496075000000005
8.335733333333334,48.508608333333335
9.821983333333332,48.325672222222224
8.337279166666667,48.49851666666667
8.342862499999999,48.53559444444444
8.283375000000001,48.472274999999996
8.336354166666666,48.49975555555556
9.790808333333333,48.361016666666664
9.798333333333334,48.31505
9.812129166666669,48.330311111111115
9.75005,48.323997222222225
9.750470833333333,48.32781944444445
9.799312500000001,48.328675000000004
9.821004166666667,48.337830555555556
9.725416666666666,48.28241666666667
9.750370833333335,48.31930555555556
9.750925,48.31975277777778
9.793345833333333,48.35458888888889
9.799575,48.35545277777778
8.378770833333334,48.53374444444444
8.351087500000002,48.47868611111112
8.354333333333333,48.53078333333333
8.267229166666667,48.46687777777778
8.273870833333334,48.48061388888889
8.292033333333334,48.553527777777774
8.254683333333334,48.46630833333333
8.300795833333334,48.534477777777774
8.264570833333334,48.46495555555556
8.301725,48.50208333333334
8.265858333333334,48.47196666666667
8.267562499999999,48.48689722222222
8.2705125,48.53178055555556
8.3034,48.508097222222226
8.315783333333334,48.527775
8.308620833333334,48.55459444444444
9.688858333333332,48.343222222222224
8.319354166666667,48.51435277777778
8.325395833333333,48.54183888888889
9.694916666666666,48.32710555555556
8.3283625,48.49149444444445
9.697129166666667,48.33905277777778
9.700283333333333,48.35605277777778
9.707374999999999,48.33663333333334
9.715625,48.374455555555556
9.720233333333333,48.30308055555555
9.7266,48.33774166666667
9.728041666666666,48.34699166666667
9.73415,48.325325
9.741829166666665,48.316652777777776
9.7465,48.296866666666666
9.768145833333332,48.313155555555554
9.771229166666666,48.34051111111111
9.779395833333332,48.339974999999995
9.7807125,48.36391944444444
9.78555,48.292541666666665
9.735645833333333,48.34193888888889
9.730099999999998,48.32753888888889
9.737779166666666,48.325858333333336
9.6880625,48.34641944444444
9.701833333333333,48.287388888888884
9.709541666666665,48.238
9.712241666666666,48.353455555555556
9.7305,48.34430555555556
9.756083333333333,48.33108333333334
9.782683333333333,48.293708333333335
9.7909,48.3378
9.813699999999999,48.36463888888889
9.686508333333334,48.353033333333336
9.713999999999999,48.33830555555556
9.7351125,48.364763888888895
9.745695833333333,48.35419166666667
9.783083333333334,48.402861111111115
9.790695833333332,48.303105555555554
9.810666666666668,48.40541666666667
9.811579166666668,48.349691666666665
9.705387499999999,48.34336388888889
9.748570833333332,48.34046388888889
9.787525,48.381661111111114
9.794416666666667,48.42469444444444
9.823625,48.29644444444444
9.744458333333332,48.28241666666667
9.7573875,48.31358611111111
9.76685,48.35422777777778
9.768879166666666,48.320030555555554
9.70235,48.34486388888889
9.7147875,48.310916666666664
9.723541666666666,48.319861111111116
9.729258333333332,48.36167777777778
9.7876125,48.331072222222225
9.794875,48.34747222222222
9.827625000000001,48.39838888888889
9.749583333333332,48.294
9.754620833333334,48.36780833333333
9.62975,48.29591666666667
9.660499999999999,48.27330555555555
9.668874999999998,48.27344444444444
9.67625,48.309194444444444
9.6772625,48.31035
9.684791666666666,48.22222222222222
9.718908333333333,48.29678055555556
9.745925,48.30778055555555
9.615333333333332,48.31663888888889
9.645708333333333,48.30936111111111
9.665041666666667,48.33419444444445
9.672041666666665,48.28961111111111
9.678687499999999,48.33719166666667
9.679916666666665,48.26786111111111
9.685833333333333,48.34661111111111
9.721908333333333,48.3405
9.746916666666667,48.29533333333333
9.780041666666667,48.44325
9.802791666666666,48.29422222222222
9.806979166666668,48.35655
9.597624999999999,48.31169444444444
9.690875,48.345055555555554
9.734458333333333,48.33997222222222
9.744829166666666,48.373019444444445
9.7464125,48.382225000000005
9.768374999999999,48.399388888888886
9.762504166666668,48.31079166666667
9.777862500000001,48.38498888888889
9.7769625,48.371563888888886
9.785520833333333,48.31415277777777
9.529708333333332,48.26269444444445
9.69225,48.30813888888889
9.8211375,48.321125
9.733062499999999,48.34410555555556
9.753166666666667,48.39113888888889
9.753479166666667,48.31551666666666
9.757670833333334,48.356030555555556
9.970083333333335,48.38938888888889
9.751600000000002,48.33490277777778
9.756583333333333,48.33186111111112
9.84125,48.352138888888895
8.404583333333335,48.57408333333334
9.908875,48.3545
8.3043875,48.49608333333334
9.689320833333333,48.33980277777778
8.382012500000002,48.49095
9.753808333333334,48.35917777777778
9.744637499999998,48.37928333333333
9.812875000000002,48.32241666666667
9.619208333333333,48.306888888888885
9.747770833333332,48.33872777777778
9.772187500000001,48.32049166666667
8.2716125,48.48124444444444
9.724708333333332,48.33916666666667
9.721341666666666,48.311302777777776
9.779250000000001,48.35022222222222
9.797916666666667,48.388777777777776
9.649666666666667,48.35897222222223
9.745695833333333,48.29510277777777
8.3054625,48.531241666666666
9.695366666666665,48.339725
9.688125,48.282222222222224
9.724358333333333,48.344030555555555
9.720583333333334,48.30466666666666
9.803070833333333,48.31778611111111
9.761041666666666,48.35622222222222
9.748425,48.29378055555556
9.737124999999999,48.35497222222222
9.744291666666665,48.34225000000001
9.68030749267,48.32302053672
9.764991666666667,48.37218055555556
8.252291666666668,48.41161111111111
9.758241666666668,48.29408333333333
9.734041666666666,48.335416666666674
9.776966666666667,48.35595555555556
9.779795833333335,48.337022222222224
9.788229166666666,48.333222222222226
8.231562499999999,48.49763055555556
9.7165,48.37513888888889
9.767708333333333,48.35005555555556
9.715424999999998,48.350033333333336
9.718558333333334,48.33837777777778
9.700208333333332,48.33636111111112
9.786362500000001,48.33635
8.293966666666668,48.528980555555556
9.727558333333333,48.31363888888889
9.750041666666668,48.552055555555555
9.728220833333333,48.34648611111111
9.733458333333333,48.351305555555555
9.7065,48.39186111111111
8.302654166666667,48.49986666666667
8.376029166666667,48.50754722222222
8.291595833333334,48.53845833333333
8.301704166666667,48.523900000000005
9.698445833333334,48.34330277777778
9.738354166666667,48.36560555555556
9.673108333333333,48.32511111111111
9.746079166666666,48.32054444444445
9.790045833333332,48.38556388888889
9.756145833333335,48.35321388888889
9.744024999999999,48.31629166666666
9.665291666666667,48.30686111111111
9.830208333333335,48.29347222222222
9.726704166666666,48.33708333333334
9.7142625,48.30406944444444
9.583583333333333,48.344277777777776
9.830958333333335,48.33330555555556
8.247529166666666,48.54088055555555
9.753,48.34675000000001
9.759445833333334,48.33958888888889
8.319841666666669,48.51000555555555
313.51497278744,44.04847060844
144.92139282793,-54.89515873046
261.1507665082,-39.15111914153
319.1037083333333,51.379672222222226
324.3308333333333,52.53305555555556
85.50839066979,-70.20504802228
77.05549717535,-67.37862046927
88.88783883556,38.97817566975
86.43663786295,-70.13344365616
296.1107791666667,-14.7258
295.97712620805,-14.726669538660003
296.06134166666664,-14.955141666666666
296.35375833333336,-14.912352777777778
81.23307858295,-69.97781898693
85.71150917433,-69.12515443579
73.36967647463,-66.0595635202
76.53140325079,-71.6967771322
79.70159583333333,-69.55964722222221
105.59483519756002,-14.764645176759997
139.5343286924,-3.6657081869700012
139.69857952535,-0.84299075263
70.64711097954,-72.06383247688
81.24624958811,-66.8899814883
76.73221374353,-65.6106151392
141.28418321658,1.09598856506
140.35869179789,1.3910380494199999
107.66580044018,15.52099266281
140.55445052207,1.7988279233100002
89.34156818433,39.70635458077
56.6381801825,52.70432958658
138.47473779358,-24.85700479193
0.4984166666666667,-15.579638888888889
82.47357125488,-67.98480544829
5.02078572805,60.48416248318999
144.60610096565,6.83275409424
144.57991959061,7.61179522559
74.75861516275,-69.35057560439
296.26227917,-14.88246579148
74.9676711199,-68.5389840553
133.79473297638,-47.59878622766
81.07076802816,-69.85106163411
78.22681465267,-68.89620862423
79.22013688252,-68.26856937328999
296.09051077731993,-15.010180442730004
296.11291030280995,-14.776210690680001
296.08903396076,-14.945548152710002
296.53964921559,-14.70503341171
296.36460543939995,-14.865305171289998
261.30446151064996,-39.32269836351
272.98485219393,-4.60662219944
268.50481097885995,26.453378474430004
14.928847760079996,-73.07873021431
284.18063395629,4.570546703259999
15.056478383889996,-73.36457414875
75.62037989809,-69.33606754966
269.56519334902,22.5975355764
242.89132676355996,-48.33081374865001
321.01006553025,51.45016592545
69.20464249264,-69.29184795291
75.391700813,-69.03137216491
81.59747657278,-69.41296946654
85.14698084557,-68.95139940279
92.94280475153,-69.26234809045
271.3817850744799,-13.27619033281
164.73826374874,9.561823313709999
296.05133881936,-14.866694239970005
131.83400444738,0.561239282
137.88981396941,8.85584009396
6.80920984022,0.4873455089399999
152.09946966033,12.23791279506
152.10977541321,12.23405413413
73.01360693311,-68.02281282173
19.64877167654,-72.70594496015
0.5496666666666666,-15.504861111111111
79.90745626354,-71.15364480133
273.37271994293,45.52156440604999
82.543625,-70.82858333333333
95.74839674802,46.92664393087
142.2023670724,78.42950161591
152.06910623752,12.33527942248
152.16615883288,12.37070395153
273.96638107948,-4.911190029089999
73.61861980998,45.052504703109996
80.47674236563,-20.843142848269995
8.515763850739999,62.13862804643
81.71009059194,24.7545562071
88.075,29.538333333333334
0.5135,-15.438
1.35416278481,1.16772922635
0.46870833333333334,-15.431861111111111
274.57901268869,-6.864392285289999
313.66575542054,43.87098398874999
90.32286272694,21.35027578195
111.4668172372,-27.196851623180002
186.91850088559997,7.470001014900002
201.48666666666665,-66.53777777777778
276.44427382065,-9.35553195848
81.55443247144,-76.07909542949
81.78107731059,34.1496802983
76.73527220721,-68.40251336792
276.57745372841,0.88520514185
82.73389109153,-70.09294083309
90.62045419105833,-70.45725598825278
276.66449751876,-6.9009935342299995
276.75945073725,-1.1026458109200001
113.20961243726002,-31.20877744434
185.52315316519,9.69789661874
277.00183936628,-5.92460695494
277.00442468022,-10.154646528830002
82.78095239996084,-66.14574778254168
60.05550536114001,9.28579232146
335.58801658497,54.27719906195999
81.85912662142,-71.22817255443
77.85520014088,-66.25524571025
184.79022205030998,12.965252512089998
8.320000000000002,48.59941666666667
129.38734518525,-46.18400682691001
275.6558707463199,2.1830760700999994
78.96789902160415,-70.65440370326667
81.69080671051,-70.28763164619
176.81577941259,7.8132627219999975
70.41556929955,-69.84527581455
80.54577442940584,-69.64338064884224
82.73846959134,-70.09569326979
87.50165341129,22.269803199840002
0.4824166666666666,-15.450499999999998
71.02207452033,-68.96071957368
75.6053140797,-66.91204937091
77.43079955842,-68.3073749067
82.05305799201,-70.28671831148
82.96200611614,-70.31396218457
279.2892831667,37.31648228249001
81.16632857181,-66.50800440227
279.40033666704994,7.547662723840002
358.07856507093,58.092902715819996
279.40683824082,1.9631877376899998
57.50335499857,38.79547969109
104.90410454528002,7.080281086470001
83.60611286789,24.853273246649998
105.12122652657001,5.197025342610001
37.75307331394,48.82647929358999
41.54567071109,47.12540956391
106.24244786227,25.27217734397
113.83970575738,51.539598323380005
320.39376557775,59.869075512
96.5588308559,19.073793142490004
179.96594299232,12.438107449319997
15.048763187240004,-72.66823992069
,
,
,
,
79.61504629572,-65.15433598729
89.49642386767,-68.16820218771
5.078802365009999,-73.76753241211
5.35350955438,-74.07733855837
11.414735107640002,-76.50429185335
5.810647794240001,-74.09267434217
5.866619608979999,-76.25958188434
4.87156255204,-70.38593694429
19.64220826078,-72.16706979278
17.27465450169,-69.36348184456
17.283312726650003,-71.47197016261
17.56153329947,-71.48835738199
17.22990700695,-75.77031553823
17.54494734085,-71.25869205465
25.56297861835001,-78.31886925113
124.54776013708998,-61.266729784960006
78.69419347547,-72.71724866057
78.70406602792,-73.7662621944
78.71000323977,-64.49299412212
14.65283623357,-72.07388665356
14.582380909939998,-73.73690982412
14.14875374442,-71.56414152359
11.89268138424,-73.71571131387
10.69482364208,-72.85652410577
8.928382864680001,-74.473020679
12.06074651263,-73.63244306138
6.922656421979999,-72.52041638017
14.969709560470001,-73.87272007284
11.007651345390002,-72.25292437853
14.688228864639992,-73.69210545826
11.82629347651,-71.9799725977
9.28740719708,-72.78317842851
10.0082140074,-72.63957281646
26.4045112588,-71.92938136416
18.41544797698,-72.33842445343
21.050438069199995,-73.88885824918
22.03716738564,-72.61993972054
15.261069469499999,-73.89388140078
21.62168637302,-72.31669017569
22.050349467079997,-72.64080035617
16.99741079464,-73.50859239339
16.63132264652,-75.30257184794
20.60999960431,-70.17626630669
15.6002565563,-73.32389006643
15.742055775700004,-73.71157727162
23.01933074886,-71.16707449133
17.21906795723,-73.03267878677
16.589495460459997,-73.00023534389
21.63315958884,-72.27802679501
81.57577781131,-72.40473450384
78.85841177128,-73.66298214864
81.02453708576,-67.28489078369
81.11107548608,-64.78750362145
81.15973221881,-73.21742108211
81.16175403808,-74.27849947834
81.16432281411,-64.22950878378
81.18590784505,-65.13329306836
84.72960686865,-66.03377823527
79.95475439379,-63.81205748618
79.95710425646,-65.27466457822
79.99505307491,-63.41766850251
80.08736444098,-70.27320908645
31.149979688079995,-75.06351895698
80.25029666998,-64.39334335421
80.26761448377,-71.92055600536
80.27549930432,-72.88237324203
278.63993013709,9.21155027668
80.32521093012,-73.25392072362
133.19170699318,-50.38937181314999
0.52345048066,-15.554661911320002
15.455522121819998,-72.8166828246
15.007662047009998,-73.31155380249
18.51856558644,-72.55685625317
18.47367212024,-73.51058331992
18.63692904718,-72.35801898846
18.93650357902,-73.1128196078
11.98397707462,-74.32388399154
17.493169054369996,-70.07422253147
80.44425214333,-65.16464552629
80.51429769255,-64.44173908951
80.52071811404,-64.87929424488
0.4845833333333333,-15.381472222222222
80.54649333892,-66.5783025726
80.58537499999998,-69.36719444444444
278.74339363113,-2.10215402776
80.6298915665,-72.54396787832
80.63406556406,-72.8798925349
70.02881865195,-70.17727044404
74.83806328028,-67.3152892982
11.39308355337,56.2741640346
80.67742607137,-65.63122038367
80.69878195049,-73.00915087595
211.00705416496,-65.24513083959
258.53383419106,-54.2677123148
163.24511635568,-56.450899944899994
192.77811036496,-59.17916948613
82.29296433188,-76.55988441649
82.37712910236,-62.82112442178
81.32724377125,-64.77160706922
81.32845143549,-74.74488854285
76.52133127656,-67.80126701705
227.92268527081,-48.33304158477
79.25579166666667,-71.31244444444444
73.50664806623,-65.08115187986
12.247833333333334,-73.59408333333333
69.18533333333333,-72.70027777777779
252.28905986316,-43.91498508934
216.15745833333335,44.525305555555555
279.51871829144,-10.888337900209999
296.167877,-14.842195
279.54936155975,-8.586776514160002
14.456461084960003,-72.50888593276
279.72516868468,-3.07084411919
169.92811803909,-23.35179202748
81.82329534665,-68.75897927465
83.91398705937,-70.46839111771
84.06803984637,-70.42616097406
79.89963716513,-67.58940388929
81.64485461383,-67.66027762583
279.96843640711,-3.701524058760001
81.67492155083,-71.52858783985998
81.69692447963,-66.72696944728
81.72771668574,-64.64922999621
81.74974021138,-65.47303631649999
280.99893788945997,0.05547360881
81.78276496677,-63.86913607452001
81.78358009349,-67.42617640397
81.89862281583,-64.93346818148
81.91242830006,-74.50347944628
280.1504612282399,-4.91477206774
85.11154238795,-64.19740157852
87.57332552486,-64.73868867132
87.57321532405,-64.48188942632
12.938378332790002,-73.3014723467
7.42587620234,-73.31974977665
11.83506066331,-72.41772545383
16.176374409440005,-73.02854951795
84.26640014919,-72.17804656979
13.974484292580003,-73.22611282259001
129.66980677572,-49.6152883887
129.75009937487,-46.816379514480005
13.167417228200003,-72.79104113337
39.5257908279,-34.52205072974
86.98895666024,-68.24919934928
86.66263097071,-71.65693200772
14.170490926320003,-71.92775070277
14.189670325579998,-73.67716245551
153.85804914738,-2.0755248023400004
14.06779898081,-73.59184386487
14.101422035580004,-71.90040204704
280.47729226925,17.68567384298
14.61447860457,-73.31028074674
14.669617576430003,-72.08708115254
293.17531723792,28.638020846480003
14.7020272547,-72.84856867201
14.388286306669997,-72.98414742126
14.929762368690001,-72.55966347623
14.956724997679999,-73.4171049768
14.95832082654,-72.19338397889
14.989032718520003,-73.00583050968
14.985997606170004,-72.85481091118
15.012812339990003,-73.31012967791
15.611982065940003,-72.32373131665
15.830663127110006,-71.93340644366
7.947710878129999,-73.17897954466
8.2886321637,-74.53030603341
3.9508165834599995,-73.40282409737
4.90702206162,-73.34933035752
5.084840489920001,-73.84961530272
5.07366240332,-73.05649073091
5.389896603969999,-72.69636973843
15.5065432928,-72.44857089072
6.56865994491,-72.91145151739
6.810393474009999,-73.61179958417
6.77227217504,-73.56682510241
6.98376274243,-73.34091174613
7.10141100604,-71.75752554282
7.114633834729999,-73.87528297256
6.99108691863,-73.52788084896
7.06940042652,-73.22339094737
7.1449128006,-74.0949973228
7.7578011898999995,-73.21403847548
7.903490418149999,-72.98403075109
8.40549439024,-73.10125062133
7.91731351767,-72.6376868276
8.44676706365,-71.83325040662
8.652903312799998,-73.76286322083
8.890707916710001,-73.50908570947
8.86370469849,-74.43125564063
8.947991201210002,-73.58362539458
8.827745123650002,-73.33198638714
8.9647271535,-73.6693549361
8.86094510716,-72.82432276953
8.908659634300001,-74.29549014606
9.120005117010002,-73.1955986193
9.12151324019,-72.77556819706
9.133404309440001,-72.98117262521
9.424168264019999,-73.91387518994
9.317706958460002,-73.34703421843
9.156120092490001,-74.20579354719
9.52702747735,-73.14207433669
16.154178533339998,-74.9897484305
9.523003531230001,-73.60697691277
9.450144310029998,-73.41570118179
9.70293388788,-73.93374144489
9.752445094,-73.20217539159
9.7861058338,-73.60785134476
9.801791612010001,-73.17863423868
9.771037409470003,-71.76849264242
9.80529709514,-73.95163201030999
9.80917927772,-72.590592287
9.9160946049,-74.34260579089
9.909620877319998,-72.15655092983
10.010269910840002,-73.79772465486
10.041570426170003,-73.84876260505
10.04157488446,-73.06948942303
10.08528385115,-73.30599598034
10.08420434906,-73.99754030174
10.10230396465,-74.40696570743
10.123669488630002,-74.19996204873
10.101839535839998,-72.87311806796
12.540254484039998,-73.21530893208
10.14618608983,-73.73756239011
10.15434087921,-72.55580003984
10.218757967350001,-73.70337340504
10.176468931030001,-73.24056682579
10.16103652756,-73.1070968706
10.236720919600002,-72.73683283159
10.25206652665,-74.05233889566
10.246581352569999,-73.73350669473
10.27498457708,-74.34389180523
10.308000822690001,-73.21350255426
10.30996974392,-73.75105104774
10.33809269785,-73.80120048897
10.350659729370001,-73.46702416514
10.35016358629,-73.14277974081
10.356475401870002,-72.24760989776
10.365917226330001,-72.86110660877
10.3864647294,-72.51036789444
10.38439241056,-74.48030428432
10.39485461568,-73.20942370132
10.492272746869999,-72.69949074105
10.502858860880002,-73.41964803812
10.534614502449998,-73.68824420925
10.541956639080002,-72.03098152832
10.55409197458,-73.89985633676
10.55236286132,-73.39807006991
10.568837410429998,-73.15570826509
10.567483070799998,-72.62775184262
10.588740424029998,-74.08662369107
10.60651884989,-73.16780995213
10.625951278910001,-72.91588595197
10.644999580409998,-73.30086038606
10.64896515841,-73.68307742332
10.674324586549998,-72.83955720733
10.68749662098,-73.0716415974
10.70773844959,-73.99173623602
10.71689302303,-73.46609401876
16.03855094474,-72.44060595697
10.727209582090001,-72.44816486456
10.75713179717,-72.65977814792
10.773808825390002,-73.1207254186
16.06867955661,-71.79836979627
10.8273099538,-73.93908539857
10.8363964625,-72.75093152107
10.84560619325,-72.40697097927
10.830213065050001,-73.27905669786
16.075898229850004,-72.43942896611
10.888095351099999,-74.16347495301
10.890750854919999,-73.28606924092
10.914316125300001,-73.13624706819
10.95766764794,-72.21070900591
10.97614528945,-71.57178293748
11.011959662690002,-73.1238772971
11.07561820754,-71.78591253048
11.076567270350003,-73.9520601027
11.01314321923,-73.39762424238
11.13301289666,-73.43208517903
11.10637935237,-74.00632499945
11.23826295377,-73.18247223052
11.22553133062,-73.54773195707
11.33457971251,-73.74306722713
11.27986915958,-73.53842569308
11.33397919835,-72.62822537459
11.36131460506,-73.57276557509
11.362909338130004,-73.57362308638
11.327751163409998,-73.08539149972
11.36721621767,-72.89022506129
11.38023905812,-72.71211460456
11.46854466198,-71.88703036226
11.476601234930001,-72.49495060061
11.49787678785,-73.26448909957
296.17958887406,-14.85821799252
11.863700169910002,-73.27285907197
11.87623209482,-73.34924478315
11.89640285351,-73.56752339263
182.12076181660998,-9.09731218299
11.94129017867,-73.32127690684
11.95828561077,-73.59856973712
13.250166879480002,-73.38163828836
11.959513044680001,-74.29350258748
13.0305126411,-73.51194083648
12.01669800572,-73.52511217204
12.07773333934,-72.92628644503
12.11262272207,-70.0766694591
12.133380342579999,-72.05079889623
12.15426955354,-72.51876205245
12.22927507581,-74.04688792863
13.914531329540004,-72.71751499717
13.873604064469996,-72.99008733968
13.107490522050002,-72.71224609523
14.35405599203,-72.95967903958
14.972640344239998,-73.01037183251
14.273429394130003,-73.5183609592
15.060023699530001,-73.37338283737
14.372167705870003,-73.34147286853
14.36442483554,-73.30478521677
14.485734411880003,-73.01406298581
14.601399428379997,-72.02210123801
14.628317146229998,-71.15508860921
82.07139925013,-64.94838280156
14.658604249390002,-72.10802654538999
14.79121625815,-71.42039859977
14.624690202379997,-72.07813640734
14.69465806837,-74.67409987259
14.730060956839996,-73.14640818308
14.75752072484,-71.91415918352
14.772411005099999,-73.00243970226
14.76166332136,-74.30157624131
14.82550266959,-73.04782937394
14.874469108490002,-72.83687008633
14.74747259486,-73.76974910314
14.95920665874,-73.47529791803
15.23770549029,-73.12512444641
16.857391052970005,-72.88235136952
15.180392075420002,-73.730128746
16.943873823960004,-73.51238503698
16.918601584729995,-72.27856756304
15.400991065899998,-73.44564199551
15.377629898229998,-72.33998636818
15.416105259919997,-73.1446106168
15.667661840949998,-72.38953352361
15.687307309450004,-73.40349070518
15.668129214540006,-72.12053335683
15.7855265386,-73.44761491538
15.734664594710004,-73.02649560545
15.766343675669999,-72.71202145733
15.779724417510002,-72.2717800066
15.852454570389998,-72.8470319908
15.953592432690002,-72.97195044316
15.939695438769997,-73.57062845384
15.923758469739996,-72.7438733403
16.20687789426,-73.88372178094
16.5534311628,-71.94884056679
16.05649785807,-72.59019958534
16.06019161574,-73.26355454552
16.354711940810002,-74.53710067747
16.538872692839995,-72.15183375748
16.40291227504,-72.53653250423
16.53267239495,-73.09844281172
16.79179115407,-73.5745427625
16.801255338859995,-72.19723670485
16.83978087527,-72.81013780609
16.924910122340002,-72.69609510491
16.94682016396,-73.55261289837
16.98858742126,-73.35749851897
16.92899902989,-72.36990292349
16.958318710499995,-72.25861860192
17.01457474914,-72.42337267089
17.02903024474,-72.53130618311
17.864781365519995,-71.2966066062
17.092944265,-72.87605361638
17.16946744559,-72.15617289714
17.20518063347,-72.16140572199
17.28004908585,-72.24720377633999
17.391592738949996,-72.48128449723
17.32370123895,-71.13462814757
17.353090082309997,-75.34219190919
17.39217590178,-73.0737594463
17.4774646632,-71.26312134884
17.55109911879,-71.76152383734
17.61420772313,-74.69621069479
17.7020017238,-73.11479494333
17.53274984841,-73.44828389897
17.57436333549,-71.5140114579
17.644211490540002,-72.39439562801
17.611012612349995,-72.7078786319
17.752753380630004,-71.79898910797
18.57677600273,-72.31477793801
18.500038143949997,-71.03677160506
17.959695169580005,-73.66393026387
19.03216596724,-72.8482266032
17.98307226186,-74.13207727898
21.154258430850003,-73.99406101347
21.49208626371,-71.98530416415
21.09524199047,-71.35902148464
18.04539556412,-71.92813892566
27.393854340350003,-73.81132176393
27.319271472109993,-73.73244663241
27.68194177711,-73.63740456849
14.677250721410005,-73.14298016895
14.780627869389999,-73.14823298491
14.644576523819998,-73.00415963312
11.903348603460001,-73.52708227946
15.22296235435,-72.93743510654
15.15182638244,-73.00597155612
11.911978581840001,-73.6847112478
15.295596234160001,-73.19792376124
14.933822450300001,-73.096230257
13.36889380174,-73.64478648577
12.73921452916,-73.29261800723
11.56803009158,-73.30607716315
13.23419291382,-73.42685913898
11.469280658299999,-73.2317006271
11.501255108960002,-73.14049515038
11.730378347739999,-73.13428116879
12.358743580829998,-73.15565359033
11.53692470195,-72.93841724701
12.31663115655,-72.97917614484
11.94298240729,-72.93658098785
15.79117861727,-72.54095217007
16.56938630856,-71.97214212565
15.187406306779998,-72.24757771462
15.637676844690004,-72.40807201966
16.17862600831,-72.40987441138
15.297683036679999,-72.37913410863
15.203089765640001,-72.2269214501
18.274804701910004,-72.32279993238
280.75302771203,4.10231165626
207.79796807339,-65.46146578951
153.01867034943,-49.74836253628
13.532041666666666,-72.60794444444444
86.43395594288,-71.59439343139
80.89645046374,-69.99969531362
84.06805401189,-68.19280401937
78.49513923119125,-69.41635269691557
79.03144673841875,-70.72528548505666
77.13472895893,-68.91521105589
227.01867559850996,-54.83224702564
246.5611519437,-46.31446603693
85.63715295114,-70.87071370093
79.54557209342,-70.92481074836
80.49245677934,18.26642027082
354.54104623864,56.02972017979
76.29467910824,-69.72428497245
86.83138172645874,-70.55646298351333
80.06256117891,-70.79059378693
85.04360772839,-71.97211127406
82.20638773424,-71.77715045717
84.16444368056,-71.97093600361
281.71025560357,1.2934587632699996
84.06926641364,-72.0446473705
87.01409694583,-68.23334674088
81.73621467622,-72.19623057722
281.71844283812,1.0825486955799999
72.34209673401,-71.18830786263
82.74683617212,-72.30795047541
81.19997319657125,-72.07019613726722
71.77981426035,-72.03585189027
75.40504389457,-72.20853646162
87.39590377193,-69.26286024892
70.67062824806,-69.29252178128
71.05828643772,-68.11590692439
67.39027227097,-69.78973213521
75.45433523803541,-66.39718834370557
82.99560017846,-72.74330629737
77.31087173701499,-71.51964940445
74.50657766678,-67.40269879442
80.40932087706,-68.46168705351
72.16401523745,-69.01602753455
71.61790361318,-69.75542095614
86.97209509017,-71.88420287335
73.00389789186,-70.33312715744
82.25508990488,-70.11309824532
85.12613976755,-68.06559228488
81.62320154612,-67.11900251059
74.78329979719,-66.75384012993
84.89500141281,-67.62113796637
12.1487,-74.17753611111112
86.03261714156,-70.12770444988
79.80590447708,-66.19350050948
79.80436250784,-66.79795363085
81.97816535924,-65.89199853259
81.29907142885,-70.43307043986
81.25206430141,-69.80331945692
81.76281945374,-66.0929791516
81.32300727679,-67.27099156866
86.6720868308,-66.37934109825
296.07070833333336,-14.943519444444444
81.01316945339,-69.95059757038
90.33202119057,-67.7753419327
78.86232057097,-69.59078838789
82.20976455875,-69.70572765957
77.37681994509,-69.26077083488
13.725444895849998,-71.58300817909
83.4635650155,-70.12029367401
82.74964685302,-69.29933242689
72.05897409606,-70.79377262123
14.430004419370002,-72.92816612853
15.24079227151,-73.15279270444
282.01580710545,-1.39101206826
296.25917201814,-14.83295697047
16.3108912336325,-73.85012033908055
2.15892196631,-71.45532545193
10.85402014206,-68.48459849697
95.491669703,7.349352541069999
309.39228357387,48.12594310285
43.22063039742001,54.40950889719001
54.92739461659001,52.13755934491
63.36467459234,61.21176814942
66.7091268299,51.76717717357
86.25634023109,30.75917519484
98.25663611113002,-1.15884981194
102.85650984754,8.5635444541
221.2036104343,-1.1822883016199999
282.40578712249,11.867673295230002
15.90116130551,-72.73975170304
321.67280343301,53.07688174006
321.9876450577,53.25419593822
327.95154079575,55.08670998439
331.3323266559,56.45549982469001
282.46217530471,62.290373511540004
16.373762499999994,-72.72112222222222
328.61226983542,57.89456212176
333.59283464664,56.38698977640001
335.56312578246,57.369335254960006
16.43124341125,-72.22792492024
16.448737059660004,-73.35779329223
210.2092573355,-65.39035787811
211.03804766429,-58.22612251797
16.45822372298,-74.76092264328
16.48696118687,-72.01318722256
352.81760763732996,61.538291652619996
248.33268669596004,-48.176403325589995
281.24562844812,3.82632657469
311.52952413361,36.94816743215
230.77113782105997,-51.43298963657
93.39035443637,-72.25008080066
7.284318922509999,61.1210661399
8.97172575901,60.62066507838
11.281943049770002,-74.07459357899
5.04364075172,-73.28355566792
10.669603865699997,-69.2433636833
13.31937490641,-71.3670554545
13.03716304362,-71.3236771901
12.092774058290003,-71.17014570534
12.86148730872,-67.42441689952
91.9875,-73.845
315.38553225221,38.75619926806
16.21519198232,-70.76669984023
17.040963665370004,-71.63488258681
12.107428695712084,-71.24109500635805
251.02676088402,47.10993549016
281.37311278824,5.159121857890001
281.40426371147,-0.48699839505
281.42114496255,9.64406808418
12.207666666666666,-73.53672222222222
70.60041953156,-69.7206775884
70.47108135568,-69.4747716769
68.89748183615,-70.17362827688
70.00875070266,-69.30100075726
73.5263899808,-67.27417900208
73.72167616112,-70.49655188529
73.85029036049,-70.12833553946
76.34560956494,-71.18114217934
184.247934,-64.45321700000001
14.188505067467915,-73.17498488714334
12.278936176720002,-72.71939834697
7.402817859300001,-73.66933299164
7.944306002660001,-73.445415812
7.830827328949998,-72.96275956602
8.249578571443749,-71.66566898653473
9.74428833282,-73.0814723268
9.874299327534166,-73.1165039061311
9.799947880020001,-73.24628104979
9.92122364339,-73.80328024828
10.634028346650002,-73.68601918092
10.926081229713752,-73.15408357425473
10.851998489169167,-72.9032236384364
11.377905413390001,-73.17376498643
11.554926864140002,-73.26453172622
12.28624432676,-72.78358678778
12.395624999999999,-73.3051111111111
14.01346077464375,-72.97841276702279
79.50389100794,-68.80286859621
12.696175768029999,-73.46185844446
14.694666804119999,-72.4267244682
14.624009294289998,-72.55697893038
14.522345179730001,-72.40858684967
15.269791666666666,-72.56177777777778
15.381824080400003,-72.34734258780001
15.732008193520002,-72.63606719131
16.28322492154042,-72.78182525762305
17.00914463669,-72.35852557578
17.04824096399,-72.88749292912
17.757548728129997,-72.80346240609
12.938125,-73.34269444444445
13.768624999999998,-73.33852777777777
12.775791666666667,-73.24311111111112
12.38335945485,-73.24531607844
16.4450154169,-72.4265322531
78.71192069782,-69.67201039451
80.09821425688,-68.64871175139
80.23863100104,-71.40643794273
80.29182381055,-71.24638342756
80.77816880686,-69.72538706079
81.24466212131,-70.00177185648
81.28431794795,-69.42601374417
81.58283175379583,-69.693727070965
82.15025647307,-70.98982612835
82.61918437702,-70.05241284182
84.42593057909,-68.93830164875001
83.03902996994,-69.24210748112
83.97073025778,-70.81724997239
222.01732400000003,-57.343552
196.94348,-64.33949299999999
83.16210003183,-67.7774923672
233.82533333333336,-58.525388888888884
83.76280647039,-70.12334833717
85.62320948865,-69.4220022275
84.19188794559,-70.05824694742
84.68779069806,-68.95082687792
85.5900692484,-70.5255257213
85.66654081668,-69.33811707958
85.98560425672,-70.55975616824
86.50439720467,-68.98838300875
85.01420953241,-70.94075126375
85.70432350776,-69.02730311745
86.7424030601754,-70.41808384630805
85.60851768956,-69.94578871928
85.79416096191,-69.85445712606
88.50716747969,-71.00738383218
86.44221453937,-71.21508670695
87.66257908603001,-71.02723880722
87.33694302757,-70.41403251053
90.89399067078,-69.42219205019
17.086125000000003,-72.88111111111111
17.10387284907,-72.88250631572
205.39319849235997,-67.81055640551
76.56690759827,-67.47511126599
76.84038198513,-67.60322308472
286.2688617516,13.708300391330003
73.06356898535,-63.11394620416999
74.45128572141,-68.65755907296
76.2228489449,-69.4837299679
85.74595130795,-62.11509192295001
77.36259649656,-69.17515710054
83.88277328391,-70.07776176578
83.69499493523,-69.79890665135
353.08709131814993,62.10894251637999
80.2065,-71.1888888888889
329.95338994891,44.31102614374
80.38320398596,-66.47372369623
77.50138540706,-66.09922700667
82.951187857,-65.51239743684
82.42174492314,-65.55161474974
16.151560102059996,61.379155481
17.562681629150003,61.90526908969
16.228166666666667,-72.60508333333333
15.623916666666668,-73.06683333333334
332.12191082792,-10.31054560007
283.66870889619,-2.29901757417
11.932875,-73.31727777777778
87.57379803272,-69.76765397595
56.04912454244,-57.08585721515
75.12390125786,-68.61037768524
316.55697710473,40.54180632547
317.20360898082,40.3752167579
82.15087267435,-74.95694502966
83.88193300783,-73.73718798564
83.64545467496,-75.36704065532
82.67663840707,-64.43855850899
34.79459178874,-70.22728991093
83.18220298832,-66.21037903897
319.09177218698994,42.28881316101
131.33564155606,-52.76971364218999
40.10439379791999,-34.48289171023
252.46583333333336,-72.75555555555556
296.335388,-14.681108
282.71843913872,-6.739773833760001
112.49939991657001,-2.01723163066
57.08046904845,44.70172493702
325.41270755458993,43.36646344163999
302.5967894282999,47.99213501598
12.660333333333334,-72.82580555555555
9.91336901772,60.76864660023999
104.21570456124002,-10.17801748181
58.252352780150005,52.07828677284
76.62792493596,40.16803805768
335.23973327486,47.38972002156
339.80485528668,48.3491131504
47.67089367517,54.32961181752
321.38409784619,39.81311668995001
12.837195833333332,-72.99855
4.64825,59.41861111111111
4.656666666666666,59.292138888888886
4.672625,59.37188888888889
4.691458333333333,59.190805555555556
4.7019166666666665,59.331611111111116
4.7052499999999995,59.221944444444446
4.714541666666666,59.22491666666667
4.720416666666666,59.267111111111106
341.13916993667,48.08829400361
73.79568178053,-72.95623860082
20.91279215337,65.93829722959
27.32094302855,63.6580537055
25.694240129319997,-73.803303366
24.69533885435,-72.70255621662
21.668974705969998,-70.68966654314
18.064889321869998,-72.09810751235
21.227440663839996,-70.56199746206
84.22466666666665,-66.13369444444446
87.14541666666666,-69.47616666666667
171.85881890045,-62.87689644948999
35.40377092042,61.58404668239001
12.169613536210003,-73.21159867462
10.614666666666663,-74.34938888888888
9.657208333333333,-73.44580555555555
16.037,-73.16758333333334
9.75125,-73.09916666666666
9.68467917907,-73.23553033728
0.5063333333333334,-15.457777777777777
167.05174864392,-77.32009092715
85.95706035471,32.70172194883
83.32746247003,-66.01114547713
69.50778206069,-69.44771767522
68.74275502374,-70.31192928685
6.9213985206099995,69.64765983345
3.61369194504,69.20450501643
11.80113963247,67.30740838912
25.989157510420004,67.79654326578
27.069067375549995,65.4988535673
35.17353798753,63.61746085810001
37.01988363167,64.97362697594
93.76978683725,-72.75373082229
93.50466355358,-71.22313217836
71.60377873423,-66.03459085736
86.04513104037,-71.62268499885
8.53279295379,48.68672928238
67.62433648675,46.51493089604
224.01392301476454,-61.177797078835276
76.88152400851,-71.66513303752
82.35869452852,-72.39586605209
74.6813395371,-72.07063484984
83.68377573551709,-65.74180865071806
88.26291459359,-67.59620716629
40.69297390134,68.43666974522002
296.18169079649,-14.757718245320001
236.29769594552994,-53.64444203586
86.27472843111,-70.77609492256
76.65189311678,-68.78799561665
83.84291006074,-71.05063873069
84.84718217708,-71.19547000811
4.678041666666666,59.301361111111106
71.43969149056,-71.59427937541
72.76661175886,-68.04333540844
352.10339583333337,14.775375
77.64149497336,-66.99540757369
10.654787500000003,-72.5253361111111
12.995302692450002,-71.96828556248
10.534083333333333,-72.81513888888888
16.57148301778,-72.0347314256
11.002416666666665,-72.60363888888888
81.94741399498,-70.08497739928
79.16820765785,-68.98405754876
325.76328817868,82.97014230497
8.8315201185,-74.15567805629001
7.896659433050002,-71.92348541005
83.48556969865,-73.36922287975
77.24738554948,-72.42393833404
80.77579673008,-70.16643665077
95.22424196207,-69.3143698373
87.28836291295,-69.72555597176
94.41484448293,-68.78639481881
94.84335468807,-67.84160270289
74.67032056342,-64.95551651559
90.20955820308,-66.43683418099
75.60120104873,-65.11366993929
92.25064805508,-67.14247379513
79.573739971,-65.17760078419
74.22050851348,-64.94777900599
76.00930170118,-65.21245467303
85.77310123348,-65.72410246503
94.0675133612,-67.4244738438
78.24390690003,-64.95372432148
86.17714055063,-64.88541596771
94.29209929346001,-66.02938173184
96.84592965073001,-71.35934743825
92.633385163,-71.22352676086
78.74619475296,53.40700301155
80.06773681224,-73.08006429194
75.53124265548,-74.37512331512
88.48690539037,-72.59100824189
84.36583872314,-73.86205198872
89.76244583323,-73.59053354108
95.44510101378002,-67.28168903573
73.3295987285,-74.21177569339
96.84801124056,-71.95740900858
80.16144453221,-74.30009306689
78.08762866084,-73.34683764468
92.39261455632,-73.87055609265
82.36621034601,-67.54686870708
4.725666666666667,59.18736111111111
79.89020186153,-69.17337690397
86.09802349929,-70.45767673498
4.737291666666667,59.383972222222226
4.740749999999999,59.19638888888888
82.18465005659,-65.29837910724
6.702203105609999,-71.54735397266
4.742125,59.1155
85.23564082527,-70.8595101553
75.31268131918,-71.93289349496
79.93384434978,-67.12628104265
77.12204307197,-66.57593206245
86.03817704619,-66.73157261362
84.48408444242,-67.58962841085
81.45304888755,-67.2278386985
78.70349595047,-66.16559882578
91.33641062387,-67.67222315927
352.20027916666663,14.689391666666667
86.94392679753,-70.0270528917
4.746416666666667,59.272305555555555
86.7571579551,-68.73011526792
4.749375,59.39180555555556
4.7668333333333335,59.376250000000006
75.25891410941,-68.15969566398
78.32252540054,-70.84573844665
78.71265349682,-69.55967670615
4.771375,59.26755555555555
352.10585416666663,14.75131388888889
4.782125000000001,59.26819444444445
352.143175,14.756477777777778
87.26515102867,-69.18151893476
224.93330295322997,-53.4078186264
4.786458333333333,59.22991666666667
352.1209583333333,14.765819444444444
352.1317291666666,14.734491666666665
352.1728291666666,14.729677777777779
352.18264166666665,14.73541111111111
352.1372583333333,14.738972222222221
352.1484208333333,14.704747222222222
4.786583333333333,59.33672222222222
4.795291666666666,59.206833333333336
4.800166666666667,59.219500000000004
4.801208333333333,59.37883333333333
4.825875,59.32738888888889
4.8335,59.125388888888885
4.8339583333333325,59.30902777777778
4.8425416666666665,59.21530555555556
246.25906353826997,-50.72391089365
4.849083333333333,59.23233333333334
4.851416666666666,59.32022222222222
4.856,59.208333333333336
81.19620743907,-66.50359525501
80.8712902248,-65.82973697816
72.32954811184,-75.45746672043
4.862125,59.39575
152.10672666273,12.3158471191
4.881166666666666,59.37136111111111
4.881875,59.17188888888889
4.887958333333333,59.25277777777778
4.89375,59.26936111111111
4.894125,59.28988888888888
9.913583333333335,48.482
4.904458333333333,59.4505
349.09752204182,51.97095388705
286.2776983041799,20.367753386210005
4.914125,59.26108333333333
4.915,59.12563888888889
238.33587807730999,-56.43676449581001
286.34558728764,1.08116323877
4.916291666666667,59.270361111111114
4.918004785429999,59.30330639987
286.37890286064,3.264844356529999
4.92075,59.285333333333334
4.923416666666666,59.16425
4.924791666666667,59.21930555555556
39.80137083333334,-34.54583333333334
283.7192083333333,-30.34876388888888
286.47960439912,13.38711035147
286.50991397448,5.05546107751
286.56793270183994,5.672815952719999
142.74856698964,-51.23994391672
286.62251475078995,-5.31490137286
198.10851945305416,-60.713664463585005
16.56362114992,-72.95774119905
4.61075,59.331
312.25392183083,43.7299076999
4.935083333333333,59.30141666666667
73.52747790122,-70.48778044557
76.70458522496,-69.86171293017
4.961583333333333,59.2215
4.962208333333334,59.28986111111111
0.5000833333333333,-15.434666666666667
4.963333333333333,59.27269444444445
75.6344364213,-72.31487663863
16.9623108816,-71.76528993732
4.964416666666667,59.38188888888889
314.88299116611,44.09369283386
314.83618238863,45.6680903396
4.9671666666666665,59.34583333333334
4.968624999999999,59.33288888888889
4.968958333333333,59.31780555555556
68.78900992018,-67.05301277653
4.969374999999999,59.220166666666664
73.24343738928,-69.17428643786
4.9695,59.300777777777775
78.82032430371,-67.20049469591
80.71399459573375,-69.91427016216446
81.0925059198,-70.5947977938
4.925,59.257666666666665
82.25403658337,-69.08945226844
82.69374117705,-69.93935151939
82.30459997317,-69.84493791718
84.61115752506,-71.49382491166
4.927416666666666,59.29063888888889
89.74918767396,-70.63351165009
92.47223378214,-71.89317424609
91.58686735789,-71.65623618921
4.927666666666666,59.17063888888889
4.930416666666666,59.159305555555555
4.93075,59.347750000000005
4.931875,59.32211111111111
4.932833333333333,59.28552777777778
4.932958333333333,59.364583333333336
4.933333333333334,59.204
83.11547953713,-72.32931302427
76.42399837648,32.91640985301
4.934208333333333,59.29680555555556
87.95661138154,-67.21844771211
75.73712963754,-65.7127600196
81.45874476527,-67.34667034855
77.52823490555,-65.8873398777
4.935875,59.35355555555555
4.936625,59.30697222222222
152.14462043146,12.31041887713
8.264338,48.520968
4.941208333333334,59.346250000000005
4.941791666666666,59.21061111111111
76.73990061011,-66.13886068634
331.22875000000005,25.15083333333333
151.4419197613,-55.03389576069
4.943125,59.31625
4.943416666666666,59.319861111111116
4.9435416666666665,59.403416666666665
4.944458333333333,59.314388888888885
4.945875,59.19305555555555
76.69248096738,-30.902037097470007
77.70714369141,-30.7838063458
4.947583333333332,59.186833333333325
296.04046360774,-14.607340714690004
296.46143730253,-14.85471866396
296.26695493025,-14.910420816020002
4.947958333333332,59.252944444444445
141.67594783467,-42.21501210208
141.67444816124,-42.10828522163
136.9556509244,-43.70429671118999
4.948708333333332,59.31308333333333
4.949958333333333,59.29263888888889
4.950874999999999,59.37619444444445
129.84061268192,-46.56189350905
129.12403844382,-47.973087555869995
82.90603523491001,23.551844319519997
4.951041666666666,59.3605
4.951124999999999,59.27177777777778
126.6074869386,-47.93720503662
126.81219437495999,-47.61087158269
129.59116672449,-47.36347612515999
216.16695833333333,44.53447222222222
4.952124999999999,59.315083333333334
4.952249999999999,59.29994444444444
4.953875,59.42680555555555
4.955166666666667,59.44013888888889
4.955625,59.33502777777778
74.93573857878,43.472054287480006
4.958041666666667,59.29108333333333
92.94925323887,19.13889676858
88.19473817655,29.906022537820004
4.958125,59.272888888888886
4.958708333333333,59.29102777777778
4.958708333333333,59.26836111111111
186.24333333333337,-53.62555555555556
0.4957916666666667,-15.490694444444443
4.958708333333333,59.30361111111111
4.95875,59.37011111111111
265.49818863833,1.60463766074
4.959041666666666,59.27102777777778
4.96075,59.30799999999999
4.960875,59.297694444444446
4.998875,59.255694444444444
4.999708333333333,59.28980555555555
5.000125,59.258138888888894
4.970458333333332,59.35647222222222
4.97075,59.29208333333333
4.974291666666667,59.33547222222223
4.974375,59.30730555555556
4.974833333333334,59.15336111111111
4.975625,59.29530555555556
4.976916666666667,59.349944444444446
4.9787083333333335,59.260333333333335
4.977875,59.377944444444445
216.193375,44.51708333333333
216.1640416666667,44.51680555555556
216.20225,44.52927777777778
216.16116666666667,44.535472222222225
4.98125,59.252472222222224
4.9805,59.35044444444444
4.980916666666666,59.328944444444446
96.35977706633,2.44715956523
4.981041666666666,59.329194444444454
96.46686327285,-0.8777865955
4.98325,59.345666666666666
4.984125,59.227333333333334
4.984875,59.31777777777778
4.98525,59.312583333333336
4.985625,59.27261111111111
4.985625,59.299416666666666
4.986624999999999,59.33422222222222
4.987374999999999,59.262972222222224
4.9875,59.21702777777778
173.76665788848,-59.47507451439
4.987666666666667,59.29322222222222
4.991625,59.29463888888889
216.16279166666666,44.51822222222222
216.16812500000003,44.52861111111111
216.17716666666666,44.55175
216.1630416666667,44.523361111111114
216.19858333333335,44.53594444444444
216.194875,44.52880555555556
216.21470833333333,44.52769444444444
216.203,44.53011111111111
216.16741666666667,44.542027777777776
216.19425,44.543499999999995
216.30745833333333,44.49647222222222
216.20208333333335,44.538888888888884
216.196375,44.51833333333333
4.992375,59.36644444444445
4.9955,59.24980555555556
4.995791666666667,59.314277777777775
99.22602168037,3.42463782842
4.996125,59.29866666666666
4.996541666666666,59.252694444444444
4.997083333333333,59.35602777777778
4.997166666666667,59.05349999999999
42.380390033999994,-41.96095525637999
93.6677718812,33.41469796022
4.997541666666667,59.317638888888894
4.997916666666667,59.20469444444445
4.998458333333333,59.31586111111111
101.07791251869,1.9171859598099998
5.019208333333333,59.25413888888889
5.0196250000000004,59.33844444444445
5.019666666666666,59.270222222222216
5.020291666666666,59.315555555555555
100.31282089349001,-22.27873754516
5.0209166666666665,59.32519444444445
5.000624999999999,59.185138888888886
5.000833333333333,59.33830555555556
0.48454166666666665,-15.459805555555555
0.5022916666666667,-15.499444444444444
0.5165,-15.521277777777778
103.38149963488,1.4620783016699999
5.001125,59.30566666666666
5.001416666666667,59.23591666666667
102.06670018527,-11.68692789491
152.7353,-4.6927
5.0024999999999995,59.252361111111114
101.96409573657,-42.01899959674001
152.11531113591,12.29214839415
5.004375,59.29122222222222
5.004583333333333,59.230805555555555
70.96083262258,-67.75246096226
72.28904668014,-67.45918155012
74.90356084203,-68.46617388951
75.18765982395,-69.11799340374
75.60835484431834,-68.19596773910806
5.006666666666666,59.350944444444444
75.97251759206,-70.46321525875
76.77426911168,-69.74258713401
5.006916666666666,59.31086111111111
77.41153560987,-70.44760610404
5.0069583333333325,59.38444444444444
84.02256882013,-70.10822664985
5.008666666666666,59.30052777777777
5.007416666666666,59.2405
83.64919110717,-68.91413449026
83.09410273795334,-70.00739849834528
85.52380629894,-69.31761005234
84.45126823457,-71.82278937517
92.92885733713,-69.26514572519
88.0013968778,-72.3542635498
92.20488981107,-71.55045677626
5.008958333333332,59.355444444444444
106.95366621473,-14.796974003229998
108.98626794573002,-15.302186189689996
107.21083940623,-16.889816066019996
108.2253197287,-16.50003658632
5.0095416666666654,59.29
5.010041666666666,59.257555555555555
112.01759501162002,-20.449437082179998
5.010249999999999,59.33255555555556
110.68294834659001,-26.56121193878
329.3761633702799,54.68133242415
5.011541666666666,59.26533333333333
5.011874999999999,59.27133333333333
115.12420337066003,-20.54536679716
5.012,59.267472222222224
5.012041666666666,59.278388888888884
96.25596050015,-9.12110091699
326.11998600934,73.63469224713
327.6870833333333,53.25775
5.013041666666667,59.303694444444446
5.0135,59.243611111111115
5.014166666666667,59.28808333333333
5.015625,59.35308333333334
5.016416666666666,59.25919444444445
5.016583333333333,59.352027777777785
5.016749999999999,59.28791666666667
85.06348050769,-71.0258273201
83.94023281274,-71.9694390572
87.1714246921,-68.04286905599
79.76729749649,-67.05905915992
79.15987483429,-66.31570269685
86.72577332684,-66.06542480564
82.94403750000001,-66.01923333333333
5.016916666666667,59.405944444444444
5.017083333333334,59.32044444444445
5.017291666666666,59.41363888888889
5.017458333333334,59.31211111111111
5.018541666666667,59.27825
5.019,59.318444444444445
5.66994768811,-73.5464105556
5.0317083333333334,59.269777777777776
69.42507326019,46.49186389569
5.031750000000001,59.31605555555555
5.032375,59.32647222222223
5.033291666666667,59.34369444444445
5.033375,59.3355
5.0335,59.48780555555556
5.03475,59.34722222222222
5.035291666666667,59.191694444444444
5.036,59.33769444444445
5.036375,59.34875
5.0369166666666665,59.32694444444445
5.037,59.32655555555556
5.037125,59.198277777777776
5.037041666666667,59.256055555555555
5.037708333333333,59.41305555555555
5.037916666666667,59.31483333333333
5.038666666666667,59.242666666666665
5.040291666666667,59.35419444444445
5.043041666666666,59.33430555555556
5.043125,59.28658333333333
5.043208333333333,59.32838888888889
5.045,59.253416666666666
5.045041666666666,59.30877777777777
5.046749999999999,59.299388888888885
5.047375,59.39783333333333
5.047999999999999,59.28875
5.048291666666667,59.36352777777778
5.049916666666666,59.33208333333334
5.050291666666667,59.27641666666667
5.050291666666667,59.28661111111111
5.051375,59.24466666666667
5.0517916666666665,59.32241666666667
5.051958333333333,59.353833333333334
232.34166666666664,66.36
5.052208333333334,59.2725
5.053125,59.17411111111111
87.65981253703,-67.06182844201
5.054083333333334,59.22363888888889
5.024041666666666,59.26413888888889
5.024208333333332,59.35008333333334
5.0261249999999995,59.29436111111111
5.026291666666666,59.24780555555556
19.139779166666663,33.44808333333333
10.362666666666666,41.87488888888889
10.366499999999998,41.77861111111111
10.35025,41.74925
10.37525,41.720166666666664
6.554875,-11.066583333333334
9.919083333333333,40.38366666666666
9.924291666666667,40.409444444444446
9.936708333333334,40.415388888888884
9.940291666666667,40.3815
9.921791666666667,40.402166666666666
9.937166666666668,40.39725
9.945124999999999,40.43416666666666
9.957875,40.439027777777774
9.962166666666667,40.40994444444444
9.965166666666669,40.40575
9.578625,41.529555555555554
9.778708333333334,41.68933333333333
10.298625000000001,41.62619444444445
9.834958333333335,41.77055555555555
9.896958333333334,41.869388888888885
9.910583333333333,41.79380555555556
9.925083333333335,41.8555
9.942333333333334,41.84166666666667
5.026749999999999,59.323055555555555
5.026791666666666,59.25527777777778
5.027916666666666,59.31616666666666
5.028124999999999,59.251888888888885
5.029,59.35169444444445
10.219583333333334,41.47802777777778
150.65625000000003,-26.139194444444442
5.029041666666666,59.34858333333334
5.029458333333333,59.263888888888886
5.031166666666667,59.19463888888889
5.031458333333333,59.38386111111111
5.031291666666666,59.26522222222222
5.063624999999999,59.15427777777778
5.063666666666666,59.45952777777779
5.063708333333333,59.353611111111114
5.063791666666666,59.471583333333335
5.064541666666666,59.36702777777778
5.064583333333333,59.322944444444445
5.064749999999999,59.35894444444445
5.0648333333333335,59.17666666666666
296.27545589676,-14.853873530260001
5.055166666666667,59.31144444444444
5.055791666666666,59.24113888888889
5.055833333333333,59.21988888888889
5.056208333333333,59.31625
5.057458333333333,59.41930555555555
5.0575833333333335,59.24172222222222
5.058541666666666,59.28808333333333
10.023083333333332,40.42072222222222
9.560791666666667,41.62663888888889
10.1275,41.689944444444436
10.168999999999999,41.73144444444445
10.221374999999998,41.530277777777776
10.204625,41.58683333333333
10.253791666666666,41.662
10.3725,41.5831388888889
10.328708333333333,41.53538888888889
10.412041666666665,41.666666666666664
150.75620833333332,-26.173166666666667
150.75929166666668,-26.133583333333334
150.76195833333333,-26.139944444444446
150.789625,-26.174055555555555
150.769125,-26.160638888888887
150.81020833333335,-26.157249999999998
150.80766666666668,-26.170194444444448
150.80341666666666,-26.158666666666665
150.82595833333335,-26.137249999999998
150.83154166666668,-26.141777777777776
150.85916666666665,-26.171722222222222
150.84483333333333,-26.163916666666665
5.059166666666666,59.32141666666667
185.89333333333335,-12.973333333333333
5.059333333333333,59.30191666666666
150.91612500000002,-26.19977777777778
150.9310416666667,-26.155166666666663
6.5568333333333335,-11.037972222222223
10.294041666666667,41.764250000000004
8.754625,39.419666666666664
150.79666666666665,-26.15294444444444
9.928875000000001,40.394666666666666
150.69545833333333,-26.129722222222224
150.75825,-26.175750000000004
150.630875,-26.177555555555557
150.72466666666668,-26.172250000000002
10.027458333333334,40.45311111111111
10.043833333333332,41.63413888888889
10.222833333333332,41.665166666666664
10.067083333333333,41.81958333333334
10.122125,41.78927777777778
9.960833333333333,41.816972222222226
9.916708333333334,40.43805555555555
10.068916666666667,41.76861111111111
150.8282916666667,-26.16425
150.822,-26.174277777777778
150.63995833333334,-26.177055555555555
150.73841666666667,-26.18991666666667
10.191333333333333,41.616083333333336
10.017958333333333,41.89322222222222
150.80279166666668,-26.162666666666663
150.68758333333332,-26.13175
10.077875,41.761944444444445
10.103208333333333,41.758583333333334
150.78920833333333,-26.15236111111111
5.059333333333333,59.379333333333335
5.059416666666666,59.25716666666666
9.966291666666667,40.41833333333333
5.059416666666666,59.270111111111106
10.048291666666666,41.74241666666667
8.716583333333332,39.350722222222224
10.151541666666667,41.840333333333334
150.8084166666667,-26.159777777777776
10.471333333333334,41.5685
10.131333333333332,41.92075
10.140083333333333,41.79280555555556
10.162374999999999,41.775166666666664
10.177583333333335,41.74058333333334
10.486083333333333,41.55175
10.488541666666668,41.578833333333336
10.194291666666667,41.815083333333334
10.458541666666665,41.64513888888889
15.982499999999998,21.889166666666664
9.131958333333333,39.93469444444444
9.116791666666668,40.020222222222216
150.645125,-26.15122222222222
10.095416666666665,41.74141666666667
5.059458333333333,59.35
5.059708333333333,59.22083333333334
5.060124999999999,59.302416666666666
5.0601666666666665,59.27580555555556
0.5049583333333333,-15.498777777777777
5.0605416666666665,59.369083333333336
150.616625,-26.147472222222223
150.91487500000002,-26.161388888888887
150.38541666666669,-26.252916666666664
150.43754166666668,-26.32725
150.39300000000003,-26.330944444444444
150.61545833333335,-26.136583333333334
150.62020833333332,-26.157555555555554
150.63091666666668,-26.15422222222222
150.63708333333332,-26.16075
150.64204166666667,-26.184194444444444
150.645125,-26.161305555555558
150.651625,-26.13716666666667
150.65245833333333,-26.126527777777778
150.664125,-26.154277777777775
150.670875,-26.159972222222223
150.67583333333332,-26.12677777777778
150.67691666666667,-26.15352777777778
150.67908333333332,-26.184083333333334
150.68112499999998,-26.18788888888889
150.49033333333335,-26.234333333333332
150.54429166666668,-26.121555555555556
150.5595416666667,-26.16725
150.6302916666667,-26.151027777777777
150.64941666666667,-26.191222222222223
150.65175,-26.15688888888889
150.652875,-26.144694444444447
150.664625,-26.15930555555555
150.67104166666664,-26.168222222222223
150.675875,-26.16075
150.67804166666667,-26.172722222222223
150.67920833333332,-26.148583333333335
150.6825833333333,-26.184527777777777
150.71329166666666,-26.17363888888889
150.71374999999998,-26.16691666666667
150.716,-26.136777777777777
150.71887500000003,-26.141666666666666
150.72870833333334,-26.140888888888888
150.72154166666664,-26.152277777777776
150.72545833333334,-26.17588888888889
150.72745833333335,-26.16736111111111
150.6865,-26.162638888888885
150.68725,-26.1815
150.69062499999998,-26.1095
150.69520833333334,-26.178083333333333
150.70808333333332,-26.144222222222222
150.710125,-26.161666666666665
150.71341666666666,-26.162388888888884
150.71395833333332,-26.140138888888888
150.7155,-26.174361111111114
150.71795833333334,-26.16208333333333
150.72029166666667,-26.170805555555557
150.72320833333333,-26.13811111111111
150.72612500000002,-26.22611111111111
150.72808333333333,-26.147805555555554
150.72875,-26.176333333333336
150.73308333333333,-26.137416666666667
150.741875,-26.14183333333333
150.73083333333335,-26.15533333333333
150.736375,-26.153694444444444
150.737875,-26.160833333333333
150.7385,-26.16283333333333
150.7457916666667,-26.15491666666667
150.74745833333333,-26.179583333333333
150.747875,-26.15522222222222
150.75029166666667,-26.170055555555557
150.75291666666666,-26.170194444444448
150.75370833333335,-26.146555555555555
150.754625,-26.15533333333333
150.7575,-26.159027777777776
150.75837500000003,-26.15294444444444
150.76079166666668,-26.144972222222222
150.737,-26.14011111111111
150.73904166666668,-26.137027777777778
150.74620833333336,-26.130222222222223
150.750875,-26.141666666666666
150.753875,-26.194583333333334
150.73091666666667,-26.183277777777782
150.73312499999997,-26.143777777777775
150.7420416666667,-26.15525
150.74550000000002,-26.163777777777774
150.75633333333334,-26.150333333333332
150.75775,-26.1475
150.76104166666667,-26.15619444444444
150.76254166666666,-26.130305555555555
150.76862500000001,-26.130861111111113
150.77245833333333,-26.102972222222224
150.78320833333333,-26.13277777777778
150.78858333333335,-26.143777777777775
150.79020833333334,-26.136305555555555
150.763375,-26.162055555555554
150.76408333333333,-26.16208333333333
150.76525,-26.15436111111111
150.76725000000002,-26.143
150.77391666666665,-26.190250000000002
150.77675000000002,-26.15008333333333
150.7845,-26.155166666666663
150.78745833333335,-26.167305555555554
150.79116666666667,-26.15461111111111
150.7615,-26.11788888888889
150.78454166666668,-26.156305555555555
150.788875,-26.142694444444444
150.79041666666666,-26.146916666666666
150.76308333333336,-26.148722222222222
150.76366666666667,-26.15947222222222
150.76470833333335,-26.166277777777776
150.76645833333333,-26.1495
150.76779166666668,-26.149055555555552
150.7757916666667,-26.149277777777776
150.783625,-26.151333333333334
150.78741666666667,-26.17338888888889
150.78970833333335,-26.175916666666666
150.79733333333334,-26.11688888888889
150.79537500000004,-26.137555555555554
150.79758333333334,-26.14852777777778
150.80325000000002,-26.144361111111113
150.81408333333334,-26.104166666666668
150.79229166666667,-26.158638888888888
150.79450000000003,-26.17141666666667
150.79566666666668,-26.154722222222222
150.80350000000004,-26.16369444444444
150.8040416666667,-26.15433333333333
150.80491666666666,-26.157416666666666
150.80595833333334,-26.153888888888886
150.80875,-26.177444444444447
150.79270833333334,-26.142777777777777
150.80258333333336,-26.14525
150.80679166666667,-26.157722222222223
150.808125,-26.16047222222222
150.81137500000003,-26.187722222222224
150.814375,-26.194805555555554
150.79479166666667,-26.158666666666665
150.796125,-26.15447222222222
150.7975,-26.153277777777777
150.797875,-26.15661111111111
150.79945833333332,-26.17077777777778
150.79995833333334,-26.16397222222222
150.80375,-26.150416666666665
150.81533333333334,-26.152416666666667
150.81695833333333,-26.156527777777775
150.8155416666667,-26.146083333333333
150.8199166666667,-26.159083333333335
150.81733333333335,-26.16102777777778
150.81962500000003,-26.15475
150.82266666666666,-26.14238888888889
150.82429166666668,-26.15411111111111
150.82745833333334,-26.19175
150.8286666666667,-26.140166666666666
150.83020833333333,-26.14638888888889
150.8315,-26.13602777777778
150.81620833333335,-26.16775
150.82108333333335,-26.162277777777774
150.8252916666667,-26.168916666666668
150.829375,-26.156416666666665
150.83383333333336,-26.16975
150.8165416666667,-26.140916666666666
150.81820833333336,-26.134722222222223
150.81975,-26.157249999999998
150.82191666666668,-26.160361111111108
150.82545833333336,-26.15919444444444
150.8286666666667,-26.15394444444444
150.82962500000002,-26.19097222222222
150.83050000000003,-26.202166666666667
150.83358333333337,-26.16247222222222
150.81700000000004,-26.17352777777778
150.8275416666667,-26.174194444444446
150.83400000000003,-26.175305555555557
150.83654166666668,-26.122444444444447
150.83650000000003,-26.153666666666666
150.83820833333334,-26.155111111111108
150.84295833333334,-26.15808333333333
150.84358333333333,-26.16344444444444
150.84533333333331,-26.142944444444442
150.84620833333335,-26.16247222222222
150.85408333333334,-26.145138888888887
150.86070833333332,-26.15075
150.86166666666665,-26.15097222222222
150.8625416666667,-26.19011111111111
150.86391666666668,-26.18088888888889
150.8406666666667,-26.167416666666668
150.841875,-26.15930555555555
150.83637500000003,-26.156416666666665
150.83658333333335,-26.152888888888885
150.83904166666667,-26.188111111111112
150.84324999999998,-26.15394444444444
150.84533333333331,-26.164749999999998
150.84654166666667,-26.16183333333333
150.84916666666666,-26.133861111111113
150.85,-26.188694444444444
150.85133333333334,-26.15886111111111
150.85333333333332,-26.175055555555556
150.85470833333335,-26.14061111111111
150.86016666666666,-26.16322222222222
150.86175,-26.148027777777777
150.863,-26.169055555555556
150.84108333333336,-26.178305555555557
150.87033333333332,-26.149194444444444
150.87400000000002,-26.14975
150.87891666666667,-26.157777777777778
150.87970833333335,-26.169027777777778
150.88654166666666,-26.11277777777778
150.8897916666667,-26.154555555555554
150.89291666666665,-26.17741666666667
150.8960416666667,-26.177083333333332
150.90729166666668,-26.175694444444446
150.86641666666668,-26.160527777777776
150.93891666666667,-26.146555555555555
150.868875,-26.15336111111111
150.952875,-26.15758333333333
150.95829166666667,-26.169055555555556
150.8714166666667,-26.1285
150.87562499999999,-26.16861111111111
150.879375,-26.16963888888889
150.88645833333334,-26.179
150.88720833333332,-26.173166666666667
150.89095833333334,-26.150055555555554
150.931375,-26.22647222222222
150.94020833333335,-26.17538888888889
150.95562500000003,-26.134166666666665
151.02558333333334,-25.957388888888886
151.00033333333334,-26.17875
151.00495833333332,-26.142888888888887
151.16145833333331,-25.982611111111108
150.715625,-26.184527777777777
150.76379166666666,-26.1505
150.54766666666666,-26.148944444444442
150.72620833333335,-26.166055555555555
150.77308333333332,-26.141499999999997
150.4971666666667,-26.064527777777776
150.8300416666667,-26.162166666666668
150.72816666666668,-26.17425
150.81658333333334,-26.155999999999995
150.78791666666666,-26.149972222222225
150.81716666666668,-26.18036111111111
150.91945833333335,-26.18488888888889
150.75341666666668,-26.137027777777778
150.80054166666667,-26.148999999999997
150.83745833333336,-26.165138888888887
150.84120833333336,-26.184694444444446
150.81395833333335,-26.177750000000003
150.756875,-26.13622222222222
150.83908333333335,-26.151194444444442
150.8632916666667,-26.1445
150.67974999999998,-26.153777777777776
150.79350000000002,-26.175500000000003
150.8605,-26.15561111111111
150.833625,-26.169472222222222
150.96854166666668,-26.380916666666668
150.77087500000002,-26.15
150.63704166666668,-26.194027777777777
150.82912500000003,-26.163388888888885
150.79041666666666,-26.15363888888889
150.71229166666666,-26.14352777777778
150.71345833333334,-26.182277777777777
150.70975,-26.142027777777777
150.71445833333334,-26.142055555555554
150.8865,-26.172222222222224
150.88766666666666,-26.153861111111112
150.89270833333333,-26.159944444444445
161.26679388016,67.41138307285
269.09720353641,58.21855093689
5.060625,59.26680555555556
5.061416666666666,59.261805555555554
5.061791666666666,59.32222222222222
9.971,40.421194444444446
9.986833333333333,40.42844444444444
10.000416666666666,40.42075
10.015041666666667,40.38802777777778
10.022083333333333,40.396611111111106
10.025458333333333,40.43563888888889
10.030249999999999,40.43541666666667
9.917625,40.38661111111111
9.942083333333333,40.43119444444444
9.135499999999999,39.89830555555556
9.137125,40.15219444444445
9.141958333333333,39.87466666666666
9.952416666666666,40.425583333333336
9.965083333333334,40.43402777777778
9.971916666666667,40.40413888888889
9.974583333333333,40.41652777777778
9.990291666666668,40.44566666666666
10.000458333333333,40.37802777777778
10.016416666666666,40.45838888888889
10.026458333333332,40.431777777777775
10.031166666666666,40.43505555555555
9.9275,40.43097222222222
9.937166666666668,40.44441666666666
9.965125,40.439138888888884
9.128541666666665,40.03183333333333
9.135541666666665,39.86219444444445
9.139333333333333,40.236250000000005
9.142541666666668,39.85641666666667
9.154083333333332,40.20238888888889
9.162125,39.96558333333334
9.177291666666667,39.984833333333334
9.180874999999999,39.92247222222222
9.766916666666667,41.565194444444444
9.840458333333334,41.558527777777776
9.849458333333335,41.75883333333333
9.898333333333333,41.683416666666666
9.934208333333334,41.684527777777774
9.97175,41.73319444444445
9.989833333333335,41.74305555555556
9.991875,41.703138888888894
10.001375,41.68733333333333
10.005,41.50280555555556
9.155791666666667,40.049083333333336
9.178375,39.88777777777778
9.182583333333334,40.23297222222222
9.841041666666667,41.64025
9.852,41.61833333333333
9.916375,41.739
9.939,41.72738888888889
9.949375000000002,41.73533333333334
9.967333333333334,41.561277777777775
9.988916666666666,41.63825
9.989875000000001,41.62394444444445
9.994833333333334,41.73766666666667
10.001458333333332,41.694111111111106
10.011708333333333,41.626361111111116
10.026291666666667,41.558194444444446
10.029916666666665,41.66383333333333
10.033416666666668,41.55772222222222
10.037916666666664,41.743722222222225
10.0445,41.71197222222223
10.047749999999999,41.700833333333335
10.048458333333334,41.73133333333333
10.053625,41.72844444444444
10.056166666666666,41.659388888888884
10.057583333333334,41.68899999999999
10.062291666666667,41.735
10.062666666666665,41.71288888888889
10.064749999999998,41.74497222222222
10.068208333333333,41.73041666666667
10.009625,41.681888888888885
10.016916666666665,41.71230555555556
10.028375,41.55083333333333
10.034458333333333,41.74275
10.039333333333332,41.596333333333334
10.046375,41.72961111111111
10.048041666666666,41.721472222222225
10.050791666666665,41.73119444444445
10.052083333333332,41.61566666666667
10.053875,41.715333333333334
10.0565,41.698722222222216
10.058208333333333,41.732166666666664
10.060791666666667,41.65697222222222
10.062333333333333,41.62555555555556
10.063708333333333,41.72919444444445
10.073708333333332,41.57055555555556
10.074666666666666,41.568
10.075083333333334,41.718583333333335
10.078083333333334,41.634166666666665
10.081458333333334,41.56666666666667
10.083375,41.72997222222222
10.08675,41.74302777777778
10.089333333333334,41.59288888888889
10.093374999999998,41.7255
10.095791666666665,41.73230555555556
10.097958333333333,41.72877777777778
10.102666666666668,41.724666666666664
10.109625,41.71277777777778
10.114916666666664,41.57725000000001
10.072791666666665,41.62363888888889
10.073708333333332,41.712138888888894
10.074791666666664,41.653666666666666
10.076708333333332,41.70744444444445
10.079125,41.64802777777778
10.081666666666667,41.71936111111111
10.084375,41.65525
10.085291666666665,41.61333333333334
10.087541666666667,41.71322222222222
10.08925,41.58638888888889
10.091041666666666,41.617444444444445
10.094791666666666,41.721555555555554
10.097125,41.59980555555556
10.100208333333333,41.64933333333333
10.103541666666667,41.625527777777776
10.109875,41.73330555555556
10.115583333333332,41.64530555555556
10.119583333333333,41.72625000000001
10.125499999999999,41.69336111111111
10.129458333333334,41.708333333333336
10.131541666666667,41.70088888888889
10.132375,41.64405555555555
10.135458333333332,41.73188888888889
10.136083333333332,41.72538888888889
10.145791666666668,41.63561111111111
10.148625,41.72775
10.153333333333332,41.683611111111105
10.158958333333333,41.64980555555556
10.165375000000001,41.57383333333333
10.168666666666665,41.65911111111111
10.170333333333334,41.720083333333335
10.119874999999999,41.64141666666667
10.121291666666666,41.726055555555554
10.122499999999999,41.68797222222222
10.123791666666666,41.68047222222222
10.130708333333333,41.711888888888886
10.131874999999999,41.68725
10.133583333333332,41.71808333333334
10.135499999999999,41.72966666666667
10.13733333333333,41.659055555555554
10.146083333333332,41.578
10.150416666666665,41.70780555555556
10.174166666666666,41.723555555555556
10.181958333333332,41.457972222222224
10.18325,41.51341666666667
10.186250000000001,41.664861111111115
10.194708333333333,41.733
10.19525,41.69394444444444
10.197125,41.468444444444444
10.200125,41.69336111111111
10.206916666666666,41.584694444444445
10.209333333333332,41.61761111111111
10.216750000000001,41.582055555555556
10.218625,41.62086111111112
10.228,41.58408333333334
10.229166666666666,41.71238888888889
10.238708333333333,41.52333333333333
10.253333333333334,41.70738888888889
10.257625,41.52422222222222
10.173666666666666,41.55755555555555
10.182208333333332,41.63955555555555
10.183875,41.63388888888889
10.188916666666664,41.73430555555556
10.195333333333334,41.64672222222222
10.197249999999999,41.66233333333333
10.20775,41.64586111111112
10.215208333333333,41.60772222222222
10.217083333333333,41.627833333333335
10.219375,41.528305555555555
10.222375,41.699527777777774
10.228041666666666,41.71083333333333
10.23025,41.59722222222222
10.239333333333335,41.657
10.261583333333332,41.48563888888889
10.268708333333333,41.52402777777778
10.271583333333334,41.62802777777778
10.275041666666668,41.674
10.277000000000001,41.53991666666666
10.286958333333335,41.63227777777778
10.318875,41.57025
10.327416666666666,41.49341666666667
10.331791666666668,41.606722222222224
10.346333333333334,41.477583333333335
10.359416666666668,41.52430555555556
10.385749999999998,41.53672222222222
10.393333333333333,41.481416666666675
10.398249999999999,41.626222222222225
10.402583333333334,41.51683333333333
10.263291666666667,41.71944444444445
10.274375,41.535999999999994
10.275583333333335,41.62272222222222
10.278375,41.575
10.291208333333332,41.65322222222222
10.301291666666666,41.56947222222223
10.310541666666667,41.558416666666666
10.320166666666667,41.56655555555555
10.342166666666666,41.51986111111111
10.353791666666668,41.64394444444444
10.363125,41.499
10.374500000000001,41.48555555555556
10.388458333333332,41.58616666666667
10.394583333333335,41.507361111111116
10.399625,41.49013888888889
10.407958333333335,41.689499999999995
10.411541666666666,41.57288888888889
10.413583333333335,41.545138888888886
10.419041666666667,41.4855
10.423583333333333,41.458555555555556
10.423916666666667,41.572361111111114
10.425666666666666,41.50322222222222
10.445083333333335,41.584833333333336
10.450041666666667,41.60652777777778
10.455708333333334,41.49494444444444
10.485708333333333,41.59277777777778
10.487083333333333,41.64241666666667
8.720541666666668,39.34819444444445
8.78975,39.37305555555555
8.847125,39.38733333333333
10.276458333333334,41.637
10.013958333333333,40.40102777777778
10.108791666666667,41.740972222222226
10.215833333333332,41.53930555555556
10.206791666666668,41.663333333333334
10.419958333333334,41.53413888888889
10.411833333333332,41.583333333333336
10.443916666666667,41.52702777777778
10.313791666666667,41.67286111111111
10.195208333333333,41.718250000000005
10.40925,41.60891666666667
10.025125000000001,41.73416666666667
10.100708333333333,41.73463888888889
10.208124999999999,41.67958333333333
10.084541666666665,41.72566666666667
10.389416666666666,41.60419444444445
10.086,41.57794444444445
10.184249999999999,41.55105555555555
10.395541666666668,41.643166666666666
10.072916666666666,41.72955555555556
8.876166666666666,39.414138888888886
10.322541666666666,41.505138888888894
9.980625,41.58744444444444
10.088041666666667,41.59441666666667
10.401125,41.48113888888889
10.12275,41.62672222222222
10.083375,41.61713888888889
10.3845,41.49713888888889
10.067041666666668,41.635194444444444
10.150583333333334,41.71180555555556
10.305875,41.491277777777775
9.136958333333332,40.25872222222222
10.13075,41.69894444444444
10.251083333333334,41.53066666666666
10.274833333333333,41.70297222222223
8.812291666666667,39.46486111111112
10.059916666666668,41.69983333333333
10.060916666666667,41.71575000000001
10.161666666666665,41.71711111111111
10.451791666666667,41.4655
10.067666666666666,41.77411111111111
10.052375,41.75127777777777
10.025416666666667,41.761916666666664
10.040333333333333,41.793055555555554
10.047291666666666,41.78722222222222
10.051124999999999,41.817750000000004
10.054625,41.84352777777778
10.058958333333335,41.76719444444444
10.061833333333333,41.89566666666666
9.84075,41.79486111111111
9.898375,41.76819444444445
9.912541666666668,41.88827777777777
9.929166666666667,41.86375
9.952583333333333,41.90522222222222
9.981791666666666,41.77044444444444
9.991666666666667,41.83352777777778
9.998458333333334,41.75355555555555
10.008791666666665,41.77855555555555
10.016708333333332,41.76841666666667
10.037166666666666,41.822750000000006
10.0495,41.750083333333336
10.056208333333332,41.828722222222225
10.060416666666667,41.770361111111114
10.066125,41.83438888888889
10.069291666666667,41.76111111111111
10.075666666666665,41.77927777777778
10.078125,41.76741666666667
10.082041666666667,41.85
10.087291666666665,41.74872222222222
10.091041666666666,41.76002777777778
10.098625,41.76361111111111
10.10075,41.77627777777778
10.103416666666668,41.825750000000006
10.105958333333332,41.784611111111104
10.107041666666666,41.75372222222222
10.110458333333334,41.80644444444444
10.116375,41.752472222222224
10.127833333333333,41.76372222222222
10.132791666666666,41.78683333333333
10.066083333333333,41.825361111111114
10.066666666666666,41.75508333333334
10.068708333333333,41.78975
10.0735,41.74522222222222
10.077333333333334,41.757555555555555
10.079500000000001,41.751888888888885
10.083083333333335,41.75827777777778
10.088083333333334,41.78447222222222
10.09383333333333,41.76752777777778
10.098916666666666,41.80647222222222
10.102541666666667,41.742694444444446
10.105374999999999,41.78075
10.136416666666666,41.75175
10.137541666666666,41.77583333333333
10.145208333333333,41.75827777777778
10.155333333333333,41.796527777777776
10.16925,41.79994444444444
10.179125,41.805499999999995
10.207458333333333,41.78638888888889
10.222708333333333,41.77469444444444
10.234874999999999,41.73861111111111
10.376,41.84513888888889
10.395750000000001,41.7285
10.426250000000001,41.79136111111111
10.444708333333333,41.763666666666666
10.489166666666666,41.858472222222225
10.139333333333333,41.78036111111111
10.15025,41.74191666666667
10.161041666666666,41.76686111111111
10.176166666666667,41.85291666666667
10.187041666666666,41.802055555555555
10.307125,41.787305555555555
10.378375,41.83811111111111
10.410166666666667,41.823166666666665
10.432208333333334,41.86108333333333
10.328583333333334,41.77016666666666
5.061916666666667,59.26461111111111
5.062125,59.25983333333333
5.062208333333333,59.194333333333326
5.062749999999999,59.263333333333335
10.099,41.761944444444445
9.95175,41.73258333333334
10.008875,41.781166666666664
150.68516666666667,-26.19113888888889
9.968583333333333,41.709250000000004
150.75195833333333,-26.143666666666665
10.198458333333335,41.55813888888889
10.049958333333334,41.757694444444446
10.308625000000001,41.80213888888889
10.053041666666665,41.674305555555556
10.045124999999999,41.617472222222226
10.146333333333333,41.72841666666667
9.781,41.79197222222222
150.8257916666667,-26.147666666666666
150.842625,-26.153305555555555
5.065541666666666,59.27452777777778
296.07579659481,-14.71190755465
10.44725,41.51533333333333
8.700041666666666,39.29233333333333
150.85204166666665,-26.18113888888889
10.478875,41.56086111111111
8.818041666666668,39.4355
9.951708333333332,40.40988888888889
10.173083333333333,41.66983333333333
10.455125,41.633694444444444
150.68629166666668,-26.192305555555556
5.066541666666666,59.32127777777778
5.066916666666666,59.207527777777784
346.943875,-13.674388888888888
5.0670416666666656,59.25711111111111
5.067416666666666,59.31272222222222
5.067624999999999,59.256972222222224
172.24019880943,-30.30080475968
187.71100577410996,-4.31647568752
5.0687083333333325,59.24091666666667
5.068874999999999,59.28663888888889
5.069749999999999,59.30097222222222
5.070166666666665,59.443888888888885
5.07025,59.339222222222226
5.071666666666666,59.23269444444445
5.072708333333333,59.179027777777776
5.0728333333333335,59.357
5.072916666666667,59.25886111111111
5.075374999999999,59.26663888888889
5.076208333333333,59.22655555555556
5.076375,59.29877777777777
5.076458333333333,59.32505555555556
5.077208333333333,59.36494444444445
10.445625,41.5835
10.448166666666667,41.459833333333336
10.417541666666667,41.65072222222222
10.42175,41.47602777777778
10.168416666666666,41.59408333333334
10.446958333333335,41.607166666666664
10.44825,41.637972222222224
10.016208333333333,41.769999999999996
85.27583333333335,30.226388888888888
5.077958333333333,59.26222222222222
5.078291666666666,59.34027777777778
5.078333333333333,59.36988888888889
19.464074999999998,67.23148333333333
5.078791666666667,59.25652777777778
5.079666666666666,59.438111111111105
323.34497899999997,56.742923000000005
5.080208333333333,59.307138888888886
17.554166666666667,-73.59527777777777
5.080458333333333,59.25783333333333
5.080958333333333,59.330916666666674
5.081291666666666,59.21325
5.081541666666666,59.26833333333333
5.081708333333333,59.28663888888889
5.082625,59.311833333333325
5.0835833333333325,59.3286388888889
5.083749999999999,59.220333333333336
5.084,59.30880555555555
5.084208333333333,59.26691666666667
5.084166666666666,59.26833333333333
10.722749999999998,40.805611111111105
5.117041666666666,59.26325
5.117958333333333,59.254083333333334
5.118041666666667,59.30119444444444
5.118416666666666,59.248666666666665
5.119833333333333,59.23905555555555
186.597282,1.114051
5.121291666666666,59.31549999999999
5.1222916666666665,59.26172222222222
5.084416666666666,59.27052777777778
5.085125,59.27247222222222
5.085666666666667,59.26005555555555
5.086333333333332,59.27202777777778
5.086708333333332,59.317861111111114
5.08806279492,59.44389023975
83.69922485517,-66.8580302212
5.0873333333333335,59.29863888888889
5.087374999999999,59.27802777777778
5.088291666666667,59.264722222222225
5.088333333333333,59.26580555555556
5.088375,59.31361111111111
5.089833333333334,59.32127777777778
5.090583333333334,59.27044444444444
67.00076629557,38.52114667419
5.090708333333334,59.44486111111111
5.091749999999999,59.41694444444444
5.0921666666666665,59.30394444444444
5.092291666666666,59.30847222222222
5.092625,59.36408333333333
5.092958333333334,59.37061111111111
5.093458333333333,59.252944444444445
5.093583333333333,59.323750000000004
5.093666666666667,59.195972222222224
5.094416666666667,59.26322222222222
5.0945833333333335,59.31238888888888
5.095625,59.32033333333334
5.095958333333333,59.28413888888889
5.096,59.30744444444444
5.11025,59.269388888888884
5.110666666666667,59.25797222222222
5.11175,59.20205555555556
5.113375,59.319750000000006
5.113041666666667,59.33808333333334
352.1153791666667,14.754061111111112
352.16484583333335,14.721347222222223
352.197425,14.689530555555555
5.113708333333332,59.26963888888889
5.114791666666666,59.356722222222224
5.114875,59.32530555555556
5.114875,59.33838888888889
5.115583333333333,59.306916666666666
5.115333333333333,59.32747222222223
168.3724490841,22.15395652857
75.90396314488,-68.56070610566
78.98632866054,-69.13411996758
5.115583333333333,59.31325
5.12875,59.27463888888889
5.128791666666666,59.313111111111105
5.129083333333334,59.207972222222224
5.129083333333334,59.26872222222222
80.02068893844,-65.96426551719
116.15015814445002,-21.74870143465
5.130208333333333,59.29733333333333
5.130375,59.263
5.130583333333333,59.30544444444444
5.130958333333333,59.33855555555556
5.1310416666666665,59.31888888888889
119.85228197677,-34.94390164472999
5.131083333333334,59.30155555555555
5.131291666666666,59.24080555555556
5.132041666666666,59.24961111111111
5.132125,59.26430555555556
121.84847270317,-31.012055395390007
122.61934756616,-34.01008895483999
123.33383526682,-33.57218729875
122.15359881982002,-33.30007195004
123.17198078606998,-34.08318102742
5.134875,59.3685
121.23579821580005,-36.8713405659
120.96830036777003,-38.60317444888
5.135666666666666,59.27769444444444
124.58408071422001,-28.66406759432
124.45273880577,-33.601048184940005
5.137041666666667,59.30311111111111
127.10710799222001,-36.85778352916
5.137416666666667,59.26880555555556
5.137499999999999,59.28497222222222
5.136583333333332,59.26305555555555
5.1382916666666665,59.302527777777776
5.138416666666666,59.305083333333336
5.138791666666666,59.29238888888889
5.138916666666667,59.30019444444444
5.139083333333334,59.365750000000006
5.139708333333333,59.29783333333333
131.75063631913,-34.31644157058
5.14,59.29058333333334
5.140999999999999,59.29552777777778
5.142249999999999,59.34897222222223
133.57796403498,-12.01501383513
5.143166666666666,59.309444444444445
5.143458333333333,59.30130555555555
5.143791666666666,59.33947222222223
5.1445,59.24219444444444
40.011321624669996,-34.80716989327
5.1445,59.31016666666666
5.144666666666666,59.31363888888889
5.1447916666666655,59.263194444444444
40.0224178081,-34.538377268299996
39.97213908051,-34.76740304202
350.90520273185,-36.700156876499996
357.98937396311,-39.07740495257
5.1461250000000005,59.29086111111111
5.1465000000000005,59.277277777777776
5.146916666666666,59.33861111111111
5.147791666666667,59.40730555555556
5.149583333333333,59.25575
5.149625,59.315805555555556
5.151208333333333,59.26680555555556
14.650623760499997,-33.67385294334
5.152416666666666,59.31941666666667
341.61875675683996,-27.449508470480005
5.152541666666666,59.29141666666667
10.89575970728,-29.302124673899996
5.153208333333334,59.253972222222224
5.153291666666666,59.408277777777776
5.153375,59.32902777777778
5.153958333333334,59.263666666666666
43.427445716550004,-21.09974147944
5.154541666666666,59.32219444444445
5.155374999999999,59.306805555555556
336.4117212464,-23.37893675411
5.1554166666666665,59.249583333333334
5.155458333333333,59.32083333333334
5.155708333333333,59.273222222222216
5.156,59.240750000000006
5.156875,59.293527777777776
5.156916666666666,59.24952777777778
354.26558201898,-17.109168697460003
5.158041666666667,59.28630555555556
5.1583749999999995,59.495805555555556
5.158708333333333,59.29736111111111
5.158875,59.33838888888889
5.159208333333333,59.29430555555555
5.160833333333333,59.31227777777777
5.160875,59.32044444444445
5.1611666666666665,59.26705555555555
80.63993927392,-71.96790070604
319.4255734043,-6.9530935760000006
5.162791666666666,59.268861111111114
5.162958333333332,59.25669444444445
5.163666666666666,59.26119444444445
5.163833333333333,59.29902777777778
5.163916666666666,59.35316666666667
5.165458333333333,59.27258333333334
323.5807786628,-6.57328945816
5.165499999999999,59.325472222222224
333.47292433045,-5.851653490180001
5.165749999999999,59.37375
5.165958333333333,59.27580555555556
5.165999999999999,59.27758333333333
5.166791666666667,59.28883333333333
5.166791666666667,59.30627777777777
13.750165906730002,-5.45039556229
5.167708333333334,59.186611111111105
5.169291666666666,59.343472222222225
334.69778492412,-1.79337868701
5.170583333333333,59.32611111111112
337.85907143542,-1.36169488045
5.170833333333333,59.31247222222222
2.9387810475299996,-0.7861455064899998
7.554542461120001,-0.54075684809
20.83780523539,-0.7638779484200002
32.5502697258,-1.9608488187500004
5.171333333333333,59.30786111111111
5.172499999999999,59.21222222222222
359.31064057576,0.63762800426
5.17275,59.21552777777778
23.20829274009,0.050143508959999986
35.0979106489,1.17757613228
5.173958333333333,59.40291666666667
5.174415528700001,59.36421366279
5.175583333333333,59.26808333333334
5.176208333333332,59.28702777777778
5.17625,59.302277777777775
5.177666666666666,59.29936111111111
5.1790416666666665,59.41741666666667
5.179499999999999,59.30566666666666
5.179874999999999,59.35088888888889
5.180083333333333,59.32627777777778
5.180416666666666,59.24469444444445
5.181,59.25863888888889
5.1812499999999995,59.24358333333333
5.1814166666666654,59.34052777777778
5.1815,59.315527777777774
5.1817916666666655,59.33305555555556
21.55727947691,12.81069896386
5.18475,59.20969444444445
5.1857500000000005,59.230222222222224
5.188208333333333,59.181777777777775
5.188416666666667,59.29602777777778
5.1892499999999995,59.31086111111111
5.190833333333334,59.32669444444445
5.191249999999999,59.32497222222223
5.191333333333334,59.361694444444446
5.191333333333334,59.387055555555555
5.191416666666666,59.35955555555556
5.191749999999999,59.31869444444445
5.192458333333334,59.29844444444444
5.1945,59.39111111111111
5.194583333333333,59.299305555555556
5.195749999999999,59.210166666666666
5.195916666666666,59.322611111111115
331.43263523429,20.13564794673
5.12275,59.23422222222222
5.122916666666667,59.36452777777778
5.123291666666667,59.31625
5.123333333333332,59.32072222222222
5.123333333333332,59.36752777777778
5.1235833333333325,59.22208333333334
5.1237916666666665,59.25427777777778
5.123916666666666,59.27308333333333
5.124791666666666,59.36266666666667
5.125083333333333,59.26613888888889
0.4944166666666667,-15.429888888888888
5.12575,59.27788888888889
5.128125,59.27408333333334
5.128333333333334,59.26441666666667
5.265541666666667,59.230138888888895
5.265916666666667,59.337833333333336
5.267666666666666,59.236694444444446
166.62653137983,-14.98213925663
166.12991906767,-21.974681853699998
167.64846882508,-29.60787770301001
166.44955220635,-31.67939605089
5.268666666666666,59.304027777777776
5.269833333333333,59.3406388888889
5.27025,59.40083333333333
5.272625,59.26647222222223
5.276666666666666,59.44161111111111
169.24015634285,-30.08059128838
5.282625,59.231388888888894
5.284541666666666,59.111666666666665
5.288625,59.311277777777775
5.288833333333334,59.34202777777778
5.290166666666666,59.36411111111111
173.35240164705,-10.61627336969
5.292249999999999,59.442305555555556
5.2935,59.414833333333334
173.17730261329,-32.00340214337
5.294791666666666,59.41577777777778
5.295999999999999,59.33825
174.88169542014,5.04200128984
5.297458333333332,59.19344444444444
5.297916666666667,59.17411111111111
177.0890139284,-13.610712669840002
175.53152667934,-28.883475331510002
5.301708333333334,59.341972222222225
5.302333333333333,59.299499999999995
178.78804369554,28.96967056464
5.306416666666666,59.38430555555556
5.307,59.30061111111111
5.307833333333333,59.37152777777778
5.308208333333333,59.386694444444444
178.64550545119,-24.81225463325
5.308916666666666,59.505250000000004
178.35951962758,-28.284507973499995
5.313,59.26663888888889
5.313541666666667,59.39241666666667
5.3146249999999995,59.26111111111111
5.315166666666666,59.34330555555556
5.315583333333333,59.34511111111111
181.96568291420996,-4.577900695679999
5.317708333333333,59.36552777777778
5.318083333333333,59.378861111111114
182.03363092456996,-25.94411546064
5.329083333333333,59.37461111111111
183.91032858438996,37.07398862484
5.344125,59.30294444444444
5.348624999999999,59.28488888888889
5.353166666666666,59.258805555555554
5.360708333333333,59.429916666666664
5.3618749999999995,59.32958333333334
5.372083333333332,59.30116666666666
5.378,59.35175
5.381833333333333,59.352472222222225
5.385708333333333,59.486111111111114
5.3947916666666655,59.32852777777778
5.3961250000000005,59.238277777777775
5.397541666666667,59.34788888888889
5.401166666666667,59.29680555555556
5.4079999999999995,59.314027777777774
186.49925975399998,-28.399650550339995
186.38068228669997,-30.158958046040006
5.414083333333334,59.25233333333333
5.425333333333333,59.33122222222222
190.38816207624998,-4.8680915787000005
5.482125,59.375527777777776
188.45850512893,-35.43851786495
5.504375,59.334666666666664
5.527583333333333,59.30744444444444
5.59425,59.42516666666666
5.669125,59.359500000000004
5.710208333333333,59.32622222222223
72.36255306007,-66.69093751246
80.42005761262666,-67.05331707361279
84.49150822714,-0.7899010826599998
34.862319931550005,35.84968806626
345.73479959105,43.06370506931
136.22284228221,-13.019155666370002
5.196166666666666,59.12880555555556
5.19825,59.35475
5.199541666666667,59.26958333333334
5.199999999999999,59.30777777777777
5.200458333333333,59.31652777777778
5.200666666666666,59.41361111111111
5.200708333333332,59.382694444444446
138.60808955357,-24.532680372909997
5.200916666666666,59.260361111111116
5.201291666666666,59.33133333333333
5.203708333333333,59.43255555555555
5.204458333333333,59.26397222222222
5.2050833333333335,59.242444444444445
143.16905284376,-9.980161456619998
5.2050833333333335,59.24888888888889
5.2062083333333335,59.29836111111111
5.206250000000001,59.36277777777778
5.208625,59.29947222222222
5.2087916666666665,59.23602777777778
144.49584353379,-1.9765795611799997
5.208916666666666,59.22038888888889
5.209208333333333,59.29408333333333
5.209875,59.20711111111111
5.2102916666666665,59.26830555555556
5.210416666666667,59.328722222222225
5.210791666666667,59.31927777777778
147.07829511041,-8.461004483059998
5.2112083333333326,59.24852777777778
5.213416666666666,59.27483333333333
5.214791666666667,59.313805555555554
5.215125,59.288472222222225
5.215208333333333,59.13294444444444
149.33003693588,1.3836221726800002
5.216166666666666,59.34805555555556
5.216375,59.30836111111111
5.216916666666666,59.32913888888889
5.217166666666666,59.30444444444444
5.22,59.29397222222222
5.220083333333332,59.262055555555555
5.220958333333334,59.33683333333333
152.5296092641,3.24561531475
5.222375,59.275666666666666
5.222875,59.309
5.225333333333333,59.260777777777776
5.226333333333334,59.273666666666664
5.226375,59.239888888888885
5.227625,59.24302777777778
5.227791666666667,59.31730555555556
5.230041666666667,59.25372222222222
5.231333333333333,59.247055555555555
156.48144867993,-15.32141175268
5.231625,59.20638888888889
5.232458333333333,59.37641666666667
5.233874999999999,59.253055555555555
5.233916666666666,59.28530555555556
5.235416666666667,59.30583333333333
5.240208333333333,59.22625000000001
5.240499999999999,59.31661111111111
5.241041666666666,59.23227777777778
5.242041666666666,59.319027777777784
352.07588749999996,14.763325
5.2450833333333335,59.25280555555556
352.17140416666666,14.736458333333331
352.15166666666664,14.736280555555556
352.15166666666664,14.736280555555556
5.245583333333333,59.303666666666665
352.1594,14.724241666666668
352.1693375,14.770580555555556
352.1546083333333,14.751922222222223
5.249874999999999,59.411944444444444
352.1707833333333,14.713883333333332
5.251291666666667,59.32416666666667
352.140725,14.777097222222222
352.17817916666667,14.734691666666667
5.2528749999999995,59.368750000000006
5.253458333333334,59.30430555555556
5.254291666666666,59.27652777777778
5.25575,59.36944444444445
5.257791666666666,59.43238888888889
163.49523934903,-1.4708828989100002
5.2604999999999995,59.33247222222223
5.261916666666666,59.33547222222223
5.262249999999999,59.34827777777778
5.262374999999999,59.32022222222222
352.14962916666667,14.74654722222222
287.95727152779,22.725341386720004
333.90459392791,-0.04984849442000001
288.19179280841,14.72443030469
352.16950833333334,14.727952777777778
288.30489082126,12.00384735797
352.1557166666666,14.730633333333333
156.82516362171,-25.54897384676
186.30997843541996,0.7697074278800001
352.20843333333335,14.713672222222222
352.16703333333334,14.728299999999999
352.1359291666667,14.742980555555555
257.42192562413,0.47736223762000013
263.559364,-34.247818
269.49969400000003,-32.823105
195.64752593031,-26.11375579027
206.37469938617997,-29.191625161129995
279.73326891338,-33.12251455835
269.95297712858996,-28.854230368810004
288.75649329722,54.29144708154999
292.56639570778,20.861438535870004
295.89386049419,19.300769234330005
295.57154247843994,20.4114965248
292.33987779165,23.40320247719
292.09789833584,23.571230910510003
294.9051794284,20.916676580979995
293.66106999583,22.32611007481
293.26854256433,22.96151920821
298.64817673306,21.642507958449997
276.41016881097,26.81113872078
289.82373691973,26.51883148305
294.55205146103,23.75278417619
294.2730677201299,25.08559883049
297.18582176303994,26.1389102082
288.95938586847,27.81790265384
306.92325343159,26.73228854486
287.3155627463,5.819333844459999
301.52360199666,32.08353823819
252.92474112005,35.33684079543
213.58911653763997,4.524803049580001
300.28247587688,32.71179273824
301.02233433211,33.55742052437
304.5477797364599,36.23104089400999
305.44771761451,34.78171718213
251.71072402985,40.91926804555
122.78522689899002,-45.22000303811
80.49117338531,-50.16754510014
282.4776958333333,9.501997222222222
77.20063675927,-65.74465040522
117.19335081504003,-48.72640788129
303.08069421066,33.81394323469
287.58932944208,14.187691897040002
287.59147673594,3.7517131951
296.2415166666667,-14.846166666666667
123.40382655894,-43.06736579048
225.96574307483996,-23.21340597485
296.43658165755,-14.743898637879997
254.93804109043998,-24.213591688350004
125.32033559815999,-40.61822413348
287.78384748862993,27.73521058656
290.7617044045,17.44711202094
290.79070521415,22.17403234159
290.80674458555,46.22790110011
290.80894062218,24.461017895519998
279.85690703538,10.689092106920002
210.47879613557,-28.93996757928
128.00164015511,-44.08499461043
304.49411635366994,31.73774145128
287.48691249999996,9.447619444444445
290.92680859594,22.45779513171
263.67633723179,-33.27172343677
292.5003,-17.693102777777774
292.52162500000003,-17.695222222222224
291.05104331928,15.13628711467
276.99133333333333,-18.269027777777776
293.4722916666667,22.098888888888887
245.37230529518004,15.88266633481
5.079999999999999,59.319500000000005
293.57473294048,20.94649147043
294.72854423416993,23.635623072679998
304.06341395355,34.31295260507
300.62565480012,36.35559607769
302.7329581206399,35.257069840670006
87.37768914989,-66.12600168982
230.65238094466997,-6.426191034670001
253.11542630589997,-16.12731291229
230.68510487737998,-12.63039852102
228.42320217524997,-3.896667633289999
291.2718620905699,14.00927240453
291.37092293636,22.45638431835
291.38443776474,21.54481113774
244.28647422300998,25.85041297122
310.40586990857,28.30377724601
288.80762443672,25.216143873650005
289.05356764169,6.91263741532
5.065958333333333,59.32194444444445
5.062874999999999,59.27002777777778
87.37085305099,-71.35762235384
78.11273064084,-65.69845994753
82.41560991282,-67.01752467742
191.37459433581998,-13.48215452735
196.29404789284,5.81222878816
196.32236525184,-8.131732291380002
5.00652033162,59.32590107512999
289.45473168281,24.693775160680005
196.85108572787996,-30.610194460249996
197.79553165575,-10.47610609856
198.47205222132996,-26.000949394550002
201.98153437668998,33.58938080667999
200.86605834977996,-32.10483743093
202.64210066386,-2.4084140382
207.85373413121997,4.155612407289999
206.85686499511996,-4.434302119450001
356.59798519723995,3.4868108470199997
209.43041730299,-23.20959719349
212.25293932228996,2.53664765979
212.43404309684,-20.5156439861
216.39635501671,2.79191912018
152.14700752752,12.29010267471
81.34006886386,-68.85208115315
86.45773943622,-71.04303385136
219.35814236991996,-8.27825132904
221.25850205360996,-3.979319596529999
220.77957543237997,-15.396784172729996
222.43906885040997,1.44897671015
251.40585692317998,-43.30164495685
252.86736380804996,-43.46083788788
11.60333806173,47.69250317595001
15.022634716980003,56.877765802430005
53.65739004958,28.2602000331
75.35516763063,24.310384474130004
84.23642260828,52.04223101603
90.28011587687,39.67061097845
94.59508052949,34.637370143850006
93.13008291737,-27.170669917840005
96.01182333937001,4.6477537709100005
96.34088167872,16.99713078001
105.04874667279002,-41.26626103764
107.281107144,-49.23142250886
111.16613876474001,-21.56498791594
111.03033104698001,-23.51272474036
113.1363581112,26.787639292370002
114.76822572977,-40.47962504398001
118.45168465661,-53.91786623784
120.41346416046,-15.016756300470004
120.89766403445,-24.076566523439997
128.47904255982,-6.091756312510001
129.91652269185,-47.94377673303
138.77173524418,19.29381288683
138.382789208,19.57297847197
139.52906001477,-44.43533151714001
190.53993207909,-43.91748346233
192.95778768126996,1.50050302247
286.00788439732,-41.28376001301999
239.12135228799997,-85.79182304350999
313.01099770413,-34.62544894011
246.68211154589,-12.42661581908
262.10729288826,70.14165439159
302.82644189934,-14.2676035439
309.23264601002,57.12603287968
314.69553701601,19.15043433413
316.34255451792,78.0211535838
323.92799535844,68.65202634956
323.53116058043,39.07108851742
325.29854263901,46.517877298760006
332.90850324196,78.47020755791
347.14623219676,40.59289083053
359.97608452325,56.979623628
258.49953356658995,-37.83711533999999
290.60214941091,23.353041651669997
277.46766758935,-36.34640210064
276.43211753162,-33.914436788310006
291.62776707506,23.278569787670005
261.45311981672,-31.847103561619996
265.80347817567,-33.17664008237
272.39346711064,-31.94292342256
272.77596102191,-32.49037944935999
272.95999864914,-31.52551268065
5.151999999999999,59.309472222222226
244.04082123673,-27.448818913199997
0.4937083333333333,-15.466583333333332
291.75725119197,23.599789709600003
291.76030761677,22.02872871349
251.07442021702997,-22.113447372239996
291.81149210316994,7.07018644599
269.24413092604,-24.10317515492
268.55961514269995,-23.83152562493
69.54049810873042,-68.26169617677056
272.8212631546,-24.89602630381
291.86687871831,21.46571275008
272.36933892574,-21.66265287271
291.88941422666994,17.223128995499998
291.9166612081458,23.79239879996167
291.9735692647962,23.53361832815778
270.27694136207,-17.739666367029997
292.08383831578,25.099163754310002
292.1724989199,27.83340981411
260.56282577062,-15.14260968331
263.73887880313,-14.07698583641
279.98973212993997,-14.17749740041
292.21939740127,11.52024300136
292.2221490608,21.91052375132
296.37404455444,-14.711069145360002
296.31091286511,-14.736495236459996
292.26645862885,20.961643181159996
292.28683535979,23.390078181959996
270.27944927472,-12.72131088809
274.5896282556,-13.43868317417
278.36856231036,-8.485026518489999
231.05057468325998,-5.5478499038899995
231.17639073623002,-5.24149923581
292.44799935551,23.08633209347
292.46207720818,22.759892885810004
274.52109906735996,-6.006755043510001
305.00179833773,-5.597404310169999
226.00215533282,-2.851418447899999
292.54182973809,21.684784185929995
292.58009604183,17.18053434268
292.60220558264,21.88585023638
154.50116653707,-32.90231497115
295.58880643065993,-32.18446515893
292.67933313331,26.307808304979996
292.6961580322,19.947877530010004
292.766822122,24.974303349109995
292.77768067601,13.426881874459996
292.84107163006,26.723428384260004
292.8734057721,30.557278842640002
292.8934132383599,24.59743908242
276.37146263924,5.76755670989
292.93991970977,22.56190039621
292.98498631888,25.37891908417
292.98951741755,19.66290951546
293.00353080774,28.307431921070005
293.00670955122,25.322519374939997
293.01197201489,20.06114360109
293.08579081169,27.77251855897
293.08679119162,19.56726204267
293.16097521217,18.67391924417
293.23414119804,21.75349029516
293.35752998614,52.35781442508999
293.37049579263,18.17458276865
291.59174654284,18.806431482409998
291.22773116173,20.46454989168
291.85871520583,19.10891955325
292.57772873164,20.73457311262
296.74728140823,19.966049800710003
293.3940993989,28.905221590329997
82.93577963766,-68.01836649287
293.44825975018995,27.640998803150005
293.7243675249,21.394232543160005
292.9301607029199,21.80782165603
293.2804550066,22.49553485759
292.51887369599,22.101234479359995
260.22461042862,29.571208123330003
293.61565328574,25.109184085140004
298.90177770414,26.71719037423
293.63359489364,23.526378037919997
296.22513021539993,-14.868238208410002
241.95154957275,29.246295487840005
295.74573970478,30.33800819329999
297.64710857507,30.65125215395
298.0913774853099,30.8375061083
300.08920880236,32.06436612190999
293.8207941025,20.17226374856
293.82853812606993,54.66484128886
296.91939178413,33.93749178325
303.19862161464,33.944141365309996
302.07996978222,32.24616763499001
302.88513930784995,32.60248983373
302.26684866908,32.72985089400999
308.60023533634,32.06052960751
296.17191672659,38.173500811900006
301.78460283964995,36.050542966749994
302.51503069286,36.18818961633
293.93229304124,26.55985886117
293.94663192038,19.223601344790005
130.77857781075,-38.20396144762
204.40023056754998,-56.476404737029995
126.76098711755,-40.871371047589996
121.79300941140998,-41.370160286060006
121.77605510467002,-43.14779396291
293.97975492643,30.50021689753
66.76577433508,-47.83798201027
135.29108886982,-42.20122905233
294.17929851863,44.26332662347
294.20851553141,29.057302125500005
296.25135537432,-14.803130563980002
296.27827563308,-14.780137472030004
296.95706024313,23.90754820036
291.44121994477996,24.18435144162
291.53667646917,23.48013387157
263.3620595743,-34.54386127526
296.289734,-14.876256
295.6584200307,29.9924474702
295.66527708092,27.668192299660006
295.72990856899,29.073582745949995
295.78012015014,30.41301583603
295.78418762283997,22.64924839249
295.80631273775,31.81807532046
295.9327119054,19.5688167246
295.96584110932,32.49142234111
295.97850492494,22.36638439698
81.60090546761,-64.29134823256
83.87946191313,-64.21115199328
295.99642459281,22.729620452380004
296.00968857475993,28.84401356787
84.17907956761,-66.47260215225
85.78195244571,-65.67659982846
84.21552649925,-64.63118351071
84.51589068821,-67.2079360089
84.37999967024,-66.52337884651
78.72979484916,-66.34198531717
80.018276714,-66.74228290458
42.619683455209994,-57.9257628893
296.03221522142,28.28891653731
94.32967068028,-68.44275084552
83.97085627203,-65.15249973877
149.12777774646,-55.6189058746
90.21467043439,-73.47890911645
76.50118893984,-73.06714859624
296.12482422063,24.455392590930003
152.07701796226,-63.93364464876
296.16869510206,31.045015170659994
19.44100594227,-70.7184170484
296.20181729946,22.140509760389996
14.408545269640003,-74.85859070999
13.045374904239997,-73.24242076759
12.54626420993,-73.95597782341
13.487721884750002,-72.87834899255
10.032370078820001,-73.17407702025
15.83385304718,-73.29549476237
16.63055579076,-72.50960233302
15.5384878122,-72.59106826665
13.627390603779999,-72.51353188004
13.820996874410001,-72.4608911518
17.66215678763,-72.26687447423
12.890006754179998,-72.27640828428
16.76502174384,-72.35683366104
15.42942711079,-72.41979154038
16.9183401531,-72.3746235553
15.89710700273,-72.48570098957
13.36358250372,-72.22519385072
176.09552858375,-61.686727331049994
296.23708094013,27.476161433010002
7.3169110644,-71.21180666692
183.73447894880997,-60.36449646700999
183.20969680465998,-59.32195439926999
184.58479935920997,-64.7253841552
185.50273969856997,-67.14409938545
296.27066145807,40.71917951319001
359.94660441458996,-73.12791891
186.11251101501998,-64.22071087209
185.61538896622997,-63.08792553682001
198.03473193596,-67.04662929714
210.98901930394996,-64.83546189451
296.46250201667,22.42793045405
221.41960181671996,-61.69547193254
10.70223265588,-72.74631356157
10.553351869109997,-73.27945332947
7.885459557009999,-73.31900713178
296.70016360301,25.89794600852
296.70635059987,32.42276433894
245.7593054605,-49.12106097932
243.99041674387,-47.03879372821
247.0670544949,-47.73102533631
296.72064326305997,29.334806890900005
244.10680315963998,-44.11235686242
253.97178073557998,-46.34994603393
266.90929554332,-46.838714087750006
296.8047539025,29.068332277010004
296.8245286008399,30.36555405385
296.82468286582,28.215806913480005
10.97136139742,-73.41913188955
296.85974104882,32.47031340925
79.51032753742,-68.54420825526
12.800873246739998,-73.03113182543
13.11416129143,-73.42494506842
13.19770597359,-72.20603694416
13.196905867269999,-72.19190345338
7.4335666740845845,-74.21028654848361
13.54611573313,-72.69546623174
10.914929166666667,-72.6894138888889
13.97302175834,-73.53380077947
15.601868201520002,-73.72996749248
15.063062196749996,-72.61243319878
12.280996042320002,-73.27838455945
16.04549107675,-71.75442512113
136.76715311377,-54.439428187930005
90.27256933416,-66.57364419315
11.584279684010001,-72.71927898674
12.950773595719998,-72.63609528535
74.61058333333334,-65.19766666666668
76.53683349341,-64.73502416141
75.26217469573251,-74.66603184583306
15.924315178270001,-71.61422235204
151.55871861541,-54.15038661443
4.11758682297,-74.52760697391
72.59597546089,-66.45599322197
72.38501132701,-66.45161655531
74.3671501042,-65.4492543592
73.23234612384,-65.5941867887
90.40021976231,-73.18074409001
94.25772710651,-68.23124558045
92.20040323087,-67.96878042559
90.17961592247,-66.9679335071
126.4353050289,-48.79644573553
148.0727810062,-53.87803564326
134.24945936524,-57.479770710980006
2.6008004379600007,-73.69891549525
7.148259017920001,-75.50680419934
4.34281935441,-73.74640814267
11.79096222935,-69.8858133704
22.740166179170004,-72.58136324028
26.194015947490005,-71.56441662345
24.71422037687,-72.8382772475
20.113521909410004,-71.46057237726
20.18962729128,-69.18392072099
2.89625093759,-69.70199377837
75.45987133259,-72.29495023216
68.95543413787,-73.33751897882
10.69263282329,-71.3493784722
294.45401942619,31.839627417959996
14.861876577300002,-70.62101480077
14.827870537959999,-70.81983039251
17.31942339311,-73.47667197427
17.9186648597,-73.2610659735
19.20204390723,-74.08512668308
178.04874516953,-62.24999322124
64.01687942459,-66.15622655445001
76.41651108867,-65.42103073838
68.09789436048,-66.08519673695
77.28988550468,-65.90877769252
84.84480961242,-62.71656242135
83.81090762467,-62.675809893280004
90.50082463257,-65.05516433756
149.709309666,-59.143820848260006
147.0154281366,-58.7567741231
144.95783376716,-59.951784033879996
146.31499134528,-57.26164290334
145.14946421778,-60.92195522469
144.90703621622,-55.33889036083
146.1707739164,-55.67019402039
137.87543610483,-51.99518095249001
148.90252871819,-51.60288520964
148.95864512794,-49.1036884914
141.11355535368,-50.69554137122999
141.20701798165,-44.84071735873
167.06057839149,-64.86534792192
7.128001696080001,-72.77108767213
161.89759170562,-55.37482196531
190.20864949671997,-60.70353111928001
78.91084493551,-64.88520871054
78.96899771137,-72.45904760779
183.49658269621997,-64.1068647276
79.01539931098,-75.57758607669
79.06611711728,-72.49883738927
79.42571336917,-66.48872432785
17.18796570522,-72.78189133067998
11.56411094583,-72.79351418844
79.43869107525,-65.31136402511
19.73510866401,-72.48779632904
9.452962108529999,-73.55050440305
11.411074021620001,-72.93346721183002
81.519260132,-64.42828288173
9.02507238037,-73.17371616621
201.92014523804,-47.71999042857999
168.40393015235,-62.14371868739
181.60792621285,-59.16525221313001
183.74384787582997,-64.64927317866
140.61581381111,-54.4154837626
142.26376799334,-58.68812219907999
15.297209034560003,-72.47445562109
14.92343867964625,-73.17189691235306
83.18048771069,-64.05441447413
83.18662721883,-66.043273809
83.18922794391,-72.10346279422
83.2031295686,-74.70622155095
83.2518316659,-74.09351095587
83.65187244483,-67.94048106336
83.64626940343,-74.03231180662
83.64721100356,-66.32302975696
83.70939505229,-66.5618985655
83.97010763214,-74.65962340028
84.01447251725,-74.41068774311
84.3382178619,-73.36848875828
84.1157128352,-66.2171500159
83.99667818791,-73.21193033447
83.95191727119,-64.57011882563
85.21578210382,-63.97314410729
85.47973529928,-75.29462075599
85.49792336109,-64.04578970283
85.14078393207,-64.22170873168
85.21873787994,-64.32610290899
86.11829721175,-65.34038661002
86.5658081135,-66.04437821104
86.75144710872,-67.27758486911
86.76880256203,-69.65185578806
86.97157534229,-66.68696585643
86.81621090361,-73.08637740747
86.8536285755,-65.9098718204
87.56546974844,-64.31943764698
86.79675151157,-63.95347139841999
294.52879680042,27.869566568220005
87.20176131277,-73.10878832166
87.209627999,-67.81384387815
87.22246246095,-65.52853932941
87.24633108423,-73.34359957232
83.02014462789,-75.36124001546
83.02650483162,-64.70525157244
83.02022326703,-64.60846288333
83.03166695674,-70.51048544014
87.32231804739,-73.35229402537
83.15584027217,-64.8890516454
87.34697780195,-65.30147153858
88.89106060539,-65.81401688951
88.84453651477,-72.71438183446
89.00124789105,-64.71417763986
88.88622333642,-64.12453755732
89.0033087802,-66.80380799767
145.85725798175,-51.50853256253
89.01061439405,-64.52870203561
89.3643220617,-74.08333634229
89.38261977174,-65.89840248227
11.589131135860002,-72.85363299712
294.54155690767,26.61380151739
89.64478952472,-63.32745404633
89.76515309227,-63.45014391307
87.81729655025,-65.22763414857
87.90600133598,-74.94101048738
88.02958394347,-65.44059602009
88.2653743466,-66.41261101525
88.40230389562,-64.95909953202
88.4463809835,-65.10431610673
88.46164126906,-65.38265514966
88.46777934356,-62.299518894079995
88.48081824607,-65.28097990872
294.55153007498996,25.838877872920005
88.61231163547,-66.17336443379
88.66223170894,-66.12025432517
88.74144926773,-75.26091723845
88.78361178431,-75.05585460478
88.79845185761,-64.14328009623
88.82797306557,-65.21903023272
88.81980429572,-69.77470672508
91.79126874042,-66.7650452774
91.38437463679,-68.08980736893
91.41443864748,-74.68747121764
91.39810601881,-66.06805091535
91.57847048916,-66.99022440137
90.05518886643,-67.1503920875
90.04671509563,-74.14689016611
90.78263124056,-66.61545441711
90.06820326758,-64.40231629717
90.95950081506,-67.49166588088
91.05133864927,-66.88066895262
90.04335001698,-66.44217021821
93.26941036464,-67.94559775206001
93.29576030639,-66.58881391068
93.35917972127,-68.66356300604
93.44105839434,-73.8928938941
93.60198141857,-65.7962672909
93.68433788976,-69.14792696284
93.74138012699,-66.24858217348
93.96203269462,-71.74459296328
76.90216666666666,-70.79288888888888
93.85074403533,-68.06882577906
94.02233265769,-68.01823737951999
94.59553106089,-67.69603137581
92.48752716973,-76.01061865273
92.36048878722,-67.14233005183
92.30774360996,-65.06906659185
92.70585053462,-63.02670957589999
92.74130474744,-67.10561213427
11.625040043220002,-72.59311615437
93.09010108969,-68.30227474788
93.03162351763,-66.60886349735
11.67330048003,-74.08091788604
96.13366399164,-70.2427951454
96.25124441472,-69.7468359861
96.61199775333,-71.36205511368
96.47727607839002,-69.19804307151
96.65524456234,-70.91946824556
96.27954872253001,-70.76861460424
96.78234125727,-68.88524757363
97.16933255158,-68.99441722152
96.92538487562001,-69.74660988575
97.09148990528,-69.96673515547
97.3130239463,-69.03193925836
97.34502714366,-68.24553027673
97.45207401188,-71.1271323579
97.37027462999002,-68.96745784063
11.9134568024,-72.87190300957
12.246762860740002,-71.69875727658
94.82076055323,-67.84083917291
94.80770246613,-71.7481216798
12.31030631597,-74.01081403319
94.87375344746,-67.44973217509
12.33474710129,-73.13937163911
95.10906245482,-69.20113789653
12.115857326380002,-71.83102629134
12.10804959359,-72.53101321281
141.57791116809,-52.10116152736
12.432754741009997,-72.34994427702
103.46051646809,-66.89012368496
12.87056328359,-72.30828439734
77.64933333333333,-69.62997222222221
157.2758333333333,-62.81261111111111
83.73420833333333,-69.15458333333333
19.522875,-70.98679444444444
17.386266666666664,-71.94017777777778
5.950512734576666,-74.77297688737112
158.50871826122,-61.30900357033
10.961777916230002,-67.2260183238
8.68751748206,-69.39663598463
18.04369009453,-68.36561145004
325.42783218166,-42.60801090507
15.905325464559997,-72.64710316332
294.65106869626,37.548209271839994
15.94596522078,-72.6119426522
64.81097538307,-68.97575696875
68.52803227635,-65.11535140304
138.32550583395,-52.96927482566
155.89438594259,-60.80196475756
155.51169694576,-53.95357352373
156.72289589369,-64.01617884697
159.59740530054,-61.29553379008
294.67162954529,29.7542771932
84.50266515231,-74.71567748547
90.65601362212,-68.46860069884
294.70840975286,28.42066980221
294.72443496573993,19.53426398183
294.72879673667,7.96224664941
294.77769691233,27.61737914039
12.745423595120002,-73.00194545003
10.567055623619998,-72.95900496217
141.70162131153,-48.07658879722
294.93238289562,24.53331223711
140.10994509507,-53.48446680090999
90.5703086008,-64.32800693298
295.03024712862,21.116092090410003
85.67041697274,-64.33855066207
84.61422268274,-64.00963883335
84.65798094581,-63.62728460171
78.50038360229,-64.1833148564
78.99014504034,-63.78085032129001
78.17948386262,-62.73353886171999
68.65368694662,-62.221634923189995
295.04845010093,24.770182118859996
295.05158077229,22.6220039162
295.06339391363997,31.771481093959995
295.08397810995996,23.549371079940002
95.9982130062,-66.50163973398
94.52521634928,-67.00720977309
93.06076735675,-65.75923336529
84.22124460583,-65.9147135875
85.33333973182,-66.70134566272
84.17401758128,-65.72001683551
84.90197564101,-66.39771692077
84.18122241632,-65.58506561757
79.32482855692,-64.78880509583
76.01999292391,-65.44630852417
79.28699413338,-64.44424317439
73.50714219278,-66.37314717983
75.27526117759,-64.10137130521
74.57582705837,-65.64028435426
295.12164743121,27.48489895976
67.96883468013,-64.55069664671
66.31894670748,-64.20917519189
84.66752993902,-68.00359303322
80.41883692055,-67.74749323835
72.7369977247,-66.56940450395
66.93733292869,-68.18645014616
66.94088919969,-68.15723837115
60.20615213099,-67.15690011633
61.809550828080006,-65.4013045599
295.23487044433,29.09616571278
153.4454382141,-54.69645108158
101.92804112611,-72.67125365589
103.66071922735001,-71.51652787386
68.8785460696,-70.91903918694
295.3195252106,30.36579342572
162.37125485778,-62.0124559239
156.80263592502,-55.02943146745001
157.25441957201,-55.11384061459
295.34839762414,29.722237056540003
295.35310023344,22.13201729563
152.89536726078,-57.96462299361999
154.19252384005,-59.79069743056
152.2764303009,-59.775544589560006
85.77538380189,-69.89430170099
84.70476991618,-68.43993691085
103.05787080421,-73.37142546616
92.1592761689,-73.84061359453
295.42347236749,26.582676312559997
86.46421474951,-74.81190488047
84.65152043277,-74.54553875579998
86.77877536287,-74.74369204681
86.82066298014,-73.33942878708
83.1426340828,-73.45874317267
295.42607953008,23.52291172634
75.12021143437,-73.71805124097
77.74734408723,-73.67302049949
68.57601552654,-73.03165890387
295.44335525358,23.72678859402
73.93813077575,-67.33920385444
155.38182228025,-60.79528793027999
85.24654333474,-77.79025270418
85.43696579169,-75.90053626007
71.68329346325,-75.48054830743
74.83764700907,-75.91764543776
45.71549472296,-73.03498857227
162.63631981694,-61.50732979554999
295.50839401530993,29.81004425946
160.80253197628,-60.56776047705001
163.23106288372,-60.8694702683
159.84568672442,-60.821956637250004
158.57433827146,-62.7109878643
295.58470320742,29.591817247640005
159.68143565717,-60.82357895918
161.10200297283,-61.43867319096001
156.68023258997,-63.67544612756
198.22955348765,-65.83089497855
96.07384504698,-81.39191501177
75.55468620608,-69.67833119511
297.09141282307,29.37957638378
166.26225847054,-64.89987861538
24.91931133784,-75.91171015169
23.70452379154,-74.94396780672
19.796600064910002,-73.67236445957
19.233615032080003,-72.59732079760002
20.722771005760002,-73.22191418276
21.0477791992,-73.89703788357
25.721122399789994,-72.48014820009
22.21452794445,-74.60955510472
21.11033531188,-71.98209365205
17.798439505139996,-71.96250858543
17.43314816084,-71.30770693255
18.87474103303,-70.97258526109
15.992085425979997,-70.04626302915
19.48492046654,-72.01578201694
18.607492377059998,-71.41376930944
18.97115452649,-70.95257133023
18.09094698542,-70.7873951666
18.87211948832,-71.75358421193
19.90188478758,-70.8194098899
20.10705652607,-70.0698918184
21.20350266578,-71.54083648557
17.553080498299998,-67.19136546166
297.14602686696,21.66839996987
10.085719237450002,-74.13356411996
13.50457576393,-73.59324801233
171.80823198613,-65.44668550988
14.447231661870001,-76.51728190669
16.20497626566,-76.88835267927
10.429850383650002,-74.41909653325
10.86922502336,-74.6712896892
9.51854431362,-73.03193805745
10.13386536727,-73.58405901408
10.678914286689999,-74.77251150215
9.713679644110002,-73.35048568785
9.881805144949999,-73.86224228193
9.71854841969,-73.38343052007
10.393545803210001,-73.18488070559
10.27904750544,-73.0709658184
10.243927762799999,-73.48253167584
12.509121535919999,-73.32634138206
11.43130628007,-73.3417591919
11.567858805559998,-72.84441120464
11.634787951819998,-73.27971402557
12.37318175647,-73.74113363142
11.289640393309998,-73.32224461996
11.68133810535,-73.16016753353
10.71356599839,-73.01071061664001
12.26380866096,-72.76083766811
11.42246127353,-73.43100570197
13.457259985159999,-72.79101542261
13.928935136810003,-73.09799986115
17.026287462410004,-73.51584874551
16.20667841313,-72.86154393386
16.57199378575,-72.4980599825
11.3726289894,-74.58228619634
10.59040049648,-74.0817884969
11.03927764171,-73.92587605078
19.92938419557,-74.05466512025
13.789328509150002,-74.29412912926
19.80118120021,-74.32734872551
16.47038918171,-72.31732740446
17.576448405610005,-72.33042792615
10.2941557785,-72.8407795793
11.74429400528,-72.73551730311
13.386954406440003,-72.56654364843
13.246150069159999,-72.46974610767
16.02305261761,-72.37084653913
10.90720109413,-72.66383387045
9.510715995289997,-72.49498728865
9.211727272430002,-71.78848391530002
9.36353846032,-72.4962187259
9.21685865775,-71.96835321345
13.619091091019998,-71.65444512186
10.87702292431,-72.50029816074
12.25483899653,-71.60105218175
16.949039901219997,-71.88860951185
11.467310676229998,-72.47666139342
10.87749498142,-72.39191320648
11.0911808563,-72.33398808338
10.97811452445,-72.08933727078
11.39860413187,-72.21578883061
12.405247542699998,-72.27766688899
9.67518932361,-71.86278351864
11.22840091294,-71.45851881711
10.58135432655,-71.75494185208
10.23713946442,-71.59068670014
8.43665121211,-69.98255322855
7.675387520779998,-69.72359004335
12.008280345449998,-68.53122007138
173.49121137524,-73.22199010558
8.748956530519997,-73.54326696514
9.45009725121,-76.65369631757
8.24709513803,-73.86420688359
10.00143132149,-76.0547690557
9.081247515770002,-75.55234876472
7.96050192108,-75.70195743274
9.248294973549998,-75.51303281085
5.70583083904,-73.06394546264
5.790944465770001,-73.2357323578
9.59565198264,-73.72139602039
9.207519982,-73.07134015366
8.54461195435,-74.6172081102
9.828092941700001,-74.18393171682
8.52307748855,-73.78016470104
8.632567720169998,-73.34286757076
8.38963310553,-73.68423722611
8.469551346839998,-73.56093341842
8.459234560939999,-73.4243831263
3.5540472584300002,-73.60466212645
8.22117788096,-73.11859716518
6.74505561799,-68.55016931504
5.67267181374,-70.07397686717
297.30485400676,29.52690637798
180.54964930128997,-61.55781301306
297.34249435993,29.75521819842
297.35101724042,35.5038843019
358.13649934346,-71.55363499675
359.30871580754,-51.08456106306
297.40885950929,30.02476577627
297.4280967437,29.63091137441
353.2291354202,-56.989926107
297.46230035356,21.805725115710004
297.46234596111,31.05284897099
297.47978175867,34.40011694823
196.73346988151997,-66.55890377493
196.9153045382,-66.95174098938
199.68895262146,-66.69686330873
253.62770079066001,-46.43029276171
351.89684568359,-53.010813945230005
297.62068520229,27.703901149109996
195.94357331677998,-60.53639690403
200.40932543422997,-65.44033063762
200.45012339828997,-64.25803011982
200.79061514842996,-65.86454495501
202.79418770575998,-64.08333068059
200.37502317146996,-66.1458254733
297.68787155586995,29.486291718590003
205.3669474104,-65.47328817326
199.94184958361,-66.28635521434
206.20333795133996,-70.60397119865
297.74654138759,19.78536784072
297.76744868358,21.93970503144
297.82367854501,32.1371824484
297.83087023416,23.90949004778
204.42118993630996,-58.386198266929995
205.16826474812,-59.27660238858001
297.89295517853,32.48996764398
297.9255822297,44.36275916058
210.88942349603997,-58.204775346619996
297.98722843995,36.924605919
217.37431425666,-55.98823185019
80.34711562426,-71.07203780845
84.17043708592,-70.2727758072
298.19554953289,27.4604408101
229.70978945299004,-58.26009547860999
233.02329411541,-62.55540505001
298.24808509192,26.89270782955
237.91979425709997,-57.99235673366999
298.37891590611,25.370295270089997
298.40016572956,26.6017954272
298.46953919311,31.34276869918
298.55892928745993,31.756031535090003
260.5809681610999,-53.16162941529
298.62060410489,24.37268157539
76.6401419991,-66.04190226471
272.63580501477,-46.41810798773
298.88893500395,30.19096498312999
298.90615101508,32.50017750428001
299.02716799703,36.10909409935001
299.02837629135996,29.767669009740004
299.0568215198,30.68227077423999
11.25892032852,-72.87339960392
11.77306594807,-73.35913975899
12.535462035400002,-72.83894521094
12.21874294267,-73.1491373162
14.068291666666667,-72.27813888888889
11.828907547019998,-72.67613166133
101.15225908174001,-71.68081210378
107.12546669896,-70.8679552017
62.70977452812,-69.74395863591
59.423784040049995,-65.14531166442
96.91667251467,-70.38966490896
101.31767839649,-67.52926785914
93.79052637016,-75.11671213924
93.72633307224,-62.94259838699001
95.43606533892,-66.26963945194
92.12797597639,-74.12732847505
299.15670095149,32.36960633582
299.1588031337,30.80163294487
156.86210902525,-56.25019247452
160.07738554814,-61.85032190337
299.22152872148,31.722821267410005
216.231875,44.43572222222222
299.37179903858,30.720396415469992
95.82669401513002,-7.451336350790002
299.42727911168,30.923623604729997
216.24645833333332,44.53163888888889
216.20570833333335,44.512388888888886
216.16925,44.531777777777776
299.4727873376,33.159979501710005
299.54090332031,43.10408945843
299.58870128016,32.54106658398
299.59652733487,35.57182781382
299.64511923903,34.33656786983
299.667353244,77.75726209266
299.72860575187997,36.0006475872
299.72879962470995,32.12322600838
299.76862283472,34.1240571531
299.77732215976994,31.22546298964
299.85237979663,36.4157423478
300.029725478,26.02038063163
300.04786215124,34.33906975904
300.10475976703,32.88550715245
300.15516476169,37.78783783845
33.37466493411,46.33906338642
1.92940400495,74.23647208455
63.09466285744001,51.16313699985
91.0011488613,26.87307919409
79.57897045333,35.24992734113
89.21243679517,30.11577830022
82.63701290829,37.74637448157
102.49355689382,74.26963511916
231.41384940822002,42.41413432646
303.99875509105,76.58569772173
119.46409738876001,-9.2661676038
74.3369968104,25.62901196485
94.90622744866,24.507131663190002
88.16908625978,32.19752252491
352.07416594757996,57.482440385509996
358.16122855810994,56.74334208886
258.6979567751699,52.66851187862
68.21441262658,48.28361127724
83.49539331412,33.33577181448
85.51255236308,41.06320834256
300.19741492292997,35.65745813017
323.3105471417,43.91991182082
19.72445089332,62.88311214200999
69.02338412686,53.19987739623
100.60611393026,-10.37072582627
99.50750093581001,-5.954742648559998
102.34862900451,4.074724444669999
101.72042220005001,16.249483763140002
300.2326138600025,34.175808273900834
300.23418094262,23.33244150366
29.713278954769997,40.62248252461
30.037130999489996,41.62986306068
65.36015121957,47.05958588351002
300.26153386294163,33.93204231119194
332.53624462587,51.6664654678
300.28772100601,40.927498631300004
29.05029036948,-72.39326896682
28.163652520779998,-70.96724073036
26.14154146679,-70.98773093752
27.333161762579998,-69.37573368591
29.2447745531,-70.5387745221
23.7675700175,-68.75371821229
32.11073196622,-69.73914701399
300.30618936064,35.02565326356
306.48607539716,44.40733497392001
306.70259226726,48.21164474561
300.40312948964,36.68167730971
300.62372798075,29.86134947513001
300.63245472413,30.777641848909997
300.63750614771,34.7581504368
300.65308956558,25.616547362919995
300.6780527262,36.24741364094
300.68314743619,37.60577521541
300.72073029401,36.09844700811001
300.74395775123,38.97898367698
300.74867815199,32.66317692664
300.78133433386,31.76435789177
300.80128252638,40.22930597336
300.87704752203,33.75695062512
300.9754779228,32.20722370698999
301.08762727778,35.86954074881999
301.14093905227,23.675806278770004
301.1441591012,32.10297647742
301.1605808521799,31.03252845236
301.1973337181299,35.68206295898
301.21083829699,37.25626505423
301.21272120364995,37.74468099164
301.25688909574,32.84730539059
301.26072308919,41.99553856854
301.28962610989,35.635480096920006
301.33410617995,31.66915738958
301.42842797757993,37.82372276388
301.45653259767,36.05638337329
301.47921396784,34.86362901561
301.60562184194,35.0674240968
301.64796982523626,36.73979472833583
301.68086141293,40.34001836532
301.72045275773996,22.61575438681
301.80479595499,33.03235722565
301.87504610946,32.46540408996
301.91423814233,43.98502077564
301.97017897106,35.31597475261
302.01092150738,32.46732724436
302.03279820685,37.04103957889
302.03982105986,32.56730691911999
302.18960325335996,34.58555633205
302.19147084473,36.7991401212
302.38548269356,38.26756162276
302.45421624717,28.740841262129997
302.49394938441,36.91739341061
302.50944718870994,29.78426071832
302.52127749902,43.74471961169
302.58119288464997,29.335871229379997
302.60061758006,36.9303022768
302.62334406325,36.148730750919995
302.67507242983993,50.04518436155
302.7469283182,36.90543754435999
0.48658333333333326,-15.563777777777778
302.84857440974,38.86238085415
302.94629383535,36.726597649380004
302.96341412346,41.54831068957999
303.01319275126,34.01889067807001
303.03344056697,39.61371920892
303.14934089179,35.47242950138
303.31275467747,28.43194086873
303.36283887212,28.54762204177
303.40722711570993,35.48761273067999
303.42527975137995,32.23915262932
303.43602761907,33.53463242777
303.59553940095,36.05789752542
303.62062531823995,33.24171973932
303.64676689889995,34.82052455488
303.98491874567,33.68975342412999
304.28572518256993,36.88700489692
304.37603647395,32.91410233829
304.54511590064,48.0038818532
304.6138866997,33.806107614969996
304.62795308311,50.18143317302
304.77464559973,54.1834289613
304.9532158039,36.77958214520001
305.01281413084996,43.04950012228001
305.13606208149,33.75648761008001
305.47517298167,36.56057198786
305.73087295081996,50.8212510789
305.88015807062,47.33949092211
305.92831397910993,31.25557118063
306.01993959661,45.62125402218
317.97344827035,48.28805628765
318.22620484454995,44.71417781628001
318.27881079792996,54.30893174334
318.37625400226,41.90677545509
318.43094990902,53.75531675289
318.47638932989,46.92573645131001
318.69273218192996,44.2959634802
318.72116680863,46.63204178531
318.76057890233,57.30184151984001
318.9343451928,46.00545074673
319.00581370563,55.36919338444
319.07011668112,44.79263056091
319.09108792211,48.66484381804
319.09795343171993,54.64217320278
319.13701216064,41.91038113637
319.39650168001,55.99309031298
319.50368146666,50.99819612691
319.76671330739,45.40117027615
319.8356537454,52.702681579229996
319.89770667053995,50.81471041344
319.97979316904,44.67564214181
307.02682595349995,42.91873873409
307.20761658221,41.37161037419
307.45642651017,47.88154436703
307.46765774692,46.50367568589
307.53189608021,36.24495453743
307.69347865574,47.74849314176001
307.89456607864,46.79987102277
307.94995369214,53.80139351458
308.32768420093,52.75560249483001
308.53866396833,49.04870962942999
308.76543340226,43.17782778365
308.86583912873,53.8229563101
308.86673576295993,45.48836800281
309.09408831119,35.68653348168
309.32435056401994,26.486973347230002
309.39919750782,36.84390098777
309.70594305636,50.56427025519
320.03947632197,39.35303218444001
310.36957015102996,36.58397073113
310.4909537316,51.6238042479
310.4937889453,46.34282607173
310.70328284008,55.326757283490004
310.74961785641,47.47178903276999
310.79777951217,46.34517663162
310.90363842353,59.547758906880006
311.02365334443,54.56445564655
311.05514207563,43.575375551179995
311.13533398933,47.32070725424
311.1575000949699,53.38988387923
311.18699109117,53.27342413578
311.20364440087997,47.05298099854
311.36149839093,45.03166916606
311.44868997753,46.199818629949995
311.46218605939,51.26920543302
311.63048227438,57.85133172319999
311.94764787674,36.24660211764
311.98237034859994,43.78919157448
312.02369198043,39.64040281098
312.02913937537,51.563868772300005
312.07007184811,45.52406025695
312.07464155479,10.44410576127
312.46667389539,47.45453650493
312.50849172773,43.0287238018
312.62527836591,39.54785492324999
312.6270596258099,41.93438333870001
312.79567990207,46.31224088709
312.8387988379499,48.34007826957
312.8951264048,47.58149334622
312.96475440127,45.05595319163
313.05307721806,42.80200754719001
313.10725830515,47.48274218046
313.1548887002899,45.33868866626
313.28382559797,43.80640758108999
313.29070848114,46.75649945768
313.30535092328,45.41039323729999
313.46269638561,56.34035797268001
313.4677386337579,45.20393754667861
313.69814066911,43.37825842553001
313.72195140010996,45.59613298436
313.84742491534,46.65513058728
313.95087578004,48.06022714891
313.96594882788,46.99523169575
313.9883526286399,47.17666707749001
314.0308559747,56.69914395451
314.16216762531,44.30067852741
314.16806040056997,47.26044777157999
314.24831548150996,60.75578888816
314.29369954735,54.46975037603
314.35715803537994,43.95968854612
314.44609775754,57.57703774188
314.47109070003,44.284173678349994
314.47340776256,42.76521038747
314.52042192596,46.31247359378
314.56222355334995,55.39519957151
314.7634773961,55.37679337302001
314.79003965805,27.444126948920005
314.90126891511,42.91364155215
315.03224286702,41.69641614698
315.03637211491,44.00920792274
315.07489300446,42.96110670484
315.07830725416,-6.11528851138
315.37766275097,53.95513623293
315.40624347573,60.57134888666
315.43624396695,51.12888400594
315.5519320574,45.443800732140005
315.59272738416,47.5347925023
315.68207640788,45.65854035062999
315.70778186172,12.5406928742
315.7950365582299,54.23686128284
315.82405325945,48.94821944513999
315.82420851482993,44.158365985379994
315.90059934806,45.13180558932
316.04054707638,51.96018787949
316.05831800537,48.574669042530005
316.06053210896,53.35132339951001
316.15035365488,43.68462975813
316.18909920392,40.82726868266
316.28398461371,46.718936883400005
316.31065269832,45.07576215737001
316.46557371057,-0.21170029376
316.6438815808,45.60028050817001
316.78053069159,43.992968937
316.78721577943,48.15749213811999
316.88104261909,46.03239820019999
316.92984826806,38.00830880769001
316.94781268486,43.69842127748
317.10958497848,45.45243137099
317.18586331707,54.70340115787
317.18754761316995,47.40239411794
317.28094841702,56.29820384895
317.31403020318,45.22013753611
317.4313749116499,54.175332495810004
317.45257144497,47.98975525265
317.49550708931,11.18371520103
317.50001622526,46.73887981797
317.6598562663,45.97944817356999
317.71329470474,53.95378778059
317.7159235130499,44.33809561566999
317.77106284369995,50.64308074142
317.82897505375996,38.82154640584001
320.54530251751,55.26743951577
320.57296734524994,44.86387923624
320.70975836959997,54.68196392897
320.72822187924,55.81337198772
320.73674680075,58.02655875183
320.91536240245,54.05546786962
321.16165035873,44.816887975110006
321.1679507026199,57.31270032006
321.17392736849,44.62042646532001
321.47334920792,57.36379634765
321.59773233248,48.60910406931001
321.74405074135,50.19861342194
321.79864459398993,58.227668969250004
321.89563578002,53.90476996334
321.95157101809997,46.99513055492001
322.0239017844175,51.99511494786611
322.24657682385,54.69841229848001
322.34983689418,56.330428146109995
322.52975484254,49.43045782224999
322.55343423001,48.84934007065
322.56602034191,58.29410794459
322.64345602782,49.41706355961
322.76191180031,53.42018556746
322.81014578363,54.18412446407
322.94465886496994,50.05160022535
323.00648702254,65.35488345095
323.05525651318,55.07699666044
323.20165490366,43.86983187927
323.44548441809,48.401190702380006
323.61771315487,57.02971706696
323.83158781423,52.7555884431
323.97991240038,55.46283681395
324.00248773908,59.14186989403
324.28802984635,58.495479946379994
324.29836851236,46.50854998185
324.34643600145,63.18927645137
324.49120212369,48.13503870524001
324.58137404218,50.07493024737
324.67637374336994,57.507697498599995
324.74965064557,49.83551709531
324.77659952648,57.731017361949995
324.78528250223,50.67103821465
325.02558303859,59.59534301301
325.03379225863,51.79390423613
325.05336686288996,45.454842515909995
325.16635034154996,46.32888465743
325.566842437,54.64548516514
325.62541765281,55.64961303333
325.65228540971,44.94331886253
325.80034997526,53.49118573755
325.80404808721,55.52206667768999
325.83427044463,51.75378094239001
281.60025773549,-30.25290426992001
326.39653363488,52.15475815207
326.40961639172,53.76800357997
326.47034738183993,54.11478702311
326.47656592857993,59.05976945098
326.50207535654,55.32881614481
326.5934961435,55.54899326196
326.74017792742995,53.8436718667
327.03895867388,77.8599902576
327.04544531939996,43.78854346322
327.18603110477,55.68545319516999
327.35855562268,55.67342841493
327.38326622923,53.59256261253
327.462615721,55.33413809819
327.47292730518,55.08127626729
327.49179658259993,55.17284973478
327.63969478621993,51.33849497818001
327.7199922205999,59.86351309605999
327.83127920103993,54.405680496420004
327.86497303827,49.74781833997
328.04070484046,47.820273052759994
328.2369206579,53.49255715135
328.27501949852,54.18793213815001
328.38654067124,59.384013256669995
328.64288677586,52.805899711680006
328.74541662719,69.50926006543
328.83004982542,58.326937124770005
328.85407318364,63.88922041049
328.89452296021,59.91886052357
328.92375616834,52.40844003514
328.93723501828,57.65595767779
328.9371828917,54.2498440388
329.05493165775,63.07735740407
329.1734749141,57.51301877486
329.34012410193,49.89974014283
329.36010696416,60.884706209600004
329.35860466353,57.70295497074001
329.61996174766,51.09202156210001
329.6214269003,63.83520126107
329.63600581355,57.48829757371
329.72255301384,53.3726244077
329.72254082182,55.50654872445
329.74343560337,58.47114431963999
329.7748611511,45.65028394004
329.80957402634,58.61495798422
329.91301791439,63.45029449408
330.46341074887,50.81467230278
330.51921436273,53.90272713471
330.6132053645699,53.8544823089
330.6190607465,59.45194483942
330.77196295838,59.43292767063999
330.79132807636,59.47896785157
331.09966003303,57.45988944865
331.31075441093,0.14606942959
331.43946155241,53.45846091274001
331.64244737466,56.98316101699
331.66636588158,48.45190659904999
331.83117116682,60.32453016006
332.1391898494,63.57842951297
332.24625386661,54.5720248439
332.27333988674,50.46604722005
332.36986187876994,59.63471974872
332.37862067676997,52.19179923205
333.00032484985,55.99238405245
333.05565336674,46.76844757641
333.11867213745,54.21124089172999
333.13161547728,60.381834593209994
333.20992273865,61.19716679579
333.24000323703,56.17113812104001
333.33206028170997,53.89205846391
333.41526012505,61.06306395781999
333.69510475633,46.91088382523
333.69621322434,62.68395955723
333.95783378032,53.43454955391
334.01978016418,54.5484420022
334.0337954049899,56.147495909999996
334.08265428831,61.439045307769995
334.10595257806,54.02179334519
334.4522032563,53.54181637456001
334.61304403488,61.69906881291
334.6599288882899,43.77902741705999
334.7814687347499,59.749705633059996
334.88114220884,59.23963985029
335.32227590854,59.95630564891
335.3925062353,50.08077669367
335.41070988174,33.59965270951
335.68037058464995,54.59462782386
335.7550056108099,22.28234653376
335.77583641438,61.763044239520006
335.77743053595,56.713718245719996
335.84599565783,57.27243638015
335.87061409803,57.80921118962
335.93828567929,54.802842761069996
335.96570291934995,58.73766845887
335.99308080239,52.82820532523
336.20081689494,52.10586136458001
336.21815878375,62.74884489075
336.42150466999,50.30440822635
336.4728175761699,60.34542464837
336.7031743607,53.52841551248001
336.78265592582,60.92202438735
337.89347635204,48.26684576898
337.97088798855,19.294739094360004
337.98213124797,55.74145359588
338.10643212157,59.54956278176999
338.41272473399,58.13572259487001
338.5491867837,63.546459645590005
338.73345772731,53.84856150929001
338.80548569815994,53.35197650291
338.83201231883,55.71014010913
339.17461429109994,62.49885667652
339.32266973239,59.454726825369995
339.6029684222,58.481965413580006
339.72224167128,59.143494786770006
340.00677356242,57.23903641769
320.1066647741,51.10463175459
320.10698782151,51.3799788613
320.13298760048997,33.12155505927
320.30447003914,55.10812262158
353.30544362465,58.46280510655001
353.95112652934995,67.68404559709
15.10764949459,-69.85364616744
15.114280063272082,-33.88426106361556
15.121942067970002,-74.99383243138
15.127776402520002,-69.05438852151
354.1703079237,64.58721843242
354.29996477145,57.43964677567
354.39624565107,59.81697932544
354.54681815507,69.06258714259
354.68474245361,58.27865526651
354.79436455502,58.91066185846999
354.86298942619,62.39626508975
354.89640008559996,59.58610641907999
15.425231493010003,-68.55424503491
354.97109047381,56.715009152449994
15.472730065289998,-65.30647192342
15.53626423036,-68.48729155952
15.566453416759996,-68.57085491443
355.26138424629,65.10884719333
17.24563442528,-73.27427076076
355.39767221024,66.64084334142
355.44925730333,59.551337747
355.46481896165,63.2256103357
355.54184541852993,58.94177330132
15.781470474859997,-75.79861246409
355.61096657068,62.73369637083
356.2127368371,61.059440566810004
356.30490031745,59.07908626558999
356.4360736581999,62.880863087970006
356.43810203177,62.99314936988999
356.57310031514993,61.30279660987
356.70344730069,58.1448721318
356.7662997651099,59.26587759457999
356.80252754606994,67.55440848331
16.17013065149,-68.67131515149
16.23089744305,-70.06443124254
16.32540664062,-75.44455528633
357.25437518487,64.45021352229
16.46989863422,-74.96235552798
357.37091967013,59.90330190005
357.40126532316,61.34160983968
357.54648058042994,60.34440681533
357.55916582627,62.79702243524001
357.64439199206,59.45890094791
357.68829058016,55.860519683250004
357.80148204209,62.384344876620005
357.9048053753,63.01025099807
357.90896670948,51.58298054993
358.06413238623,64.21833830285
358.06613174006,63.22087167478
17.035630781499997,-73.27170608807
17.153540445179996,-72.89436927697
358.77067588272,64.4377258299
358.98050784029,62.93401103570001
358.99545738716,64.63307511461
359.13151816293,64.59731799603
359.16081523156,62.89950353439001
359.42589159633,69.02611182552
359.52433942612,64.87952717286
359.6502498230299,58.4289481276
359.66876597331,58.352871425939995
359.70261285855,64.66073853695
1.20110503657,-73.24844155722
1.5841789471899999,-0.05416298013999999
1.9944772730499998,-73.34372583469
5.35248408785,-72.69046747646
5.663547046500001,-72.86852343004
5.75666414523,-72.84931561373
6.07931671355,56.882213837330006
6.2511492962099995,-72.77371790302
130.95801231971,-25.61145927829
6.88201279869,35.58735979614
6.957307074589998,-72.78422649186
7.07169584319,-72.60086765161
7.4800688236,-76.72264708115
8.455400846229999,68.62583850545
340.67451275343,51.521977531580006
340.83781216413996,62.42570090864
341.2220015651,18.11545241335
341.23246439702,59.90549535224
9.0522586524,-73.28653307759
341.35311564630996,63.48505511731
341.35748939845996,63.30771937888999
341.55697749703,62.565972528959996
9.19987295122,-73.3085145217
341.86108004119,58.3087893607
341.96614256309,59.98671609962
9.37960296767,57.726275110639996
342.08731963042,52.33456309468
342.14295923863,59.562026922200005
9.55680426514,-67.88145945492
342.52880040788,57.52712960253001
342.55534233141,58.8267373669
342.67000423419,58.34462248283
342.73034626258,54.04810650982
342.8286764195,60.57668803032999
342.90761457565,64.84909338483
342.99937816267,62.554651417680006
343.1049987955,64.35123527585
343.31341230021,53.72191561791
10.551430380800001,-73.72979366501
10.66107462934,-73.72978260016
344.33456484448,56.36785414245
10.81080169707,-73.62797079904
10.82777789257,-73.6755780488
10.887906314400002,-72.80098985509
345.27088991269,63.09509890569001
345.28964250592,68.12022274779
345.44480203097993,13.08735658326
345.60358772992,74.03582679032
345.77210879122,64.05985530447
345.9392273197,56.52741273857
11.85479834037,-72.62396113595
11.9597102146,-73.16404919895
11.965645709209998,-73.00678734247
347.00717553123,80.17126129457
347.00543945759,55.82347844126999
347.16988785112,67.55476346063
347.44394623498,65.28905220282
347.49795924817,63.60584194806
347.68789492970996,63.70278628066
347.80319256559,65.26553450267
348.04512742984,61.85195247462998
348.05527137093,57.480525463730004
348.0706806143,62.56153771791999
12.818500079430002,-73.20289076561
13.064069411269998,-72.81586009294
349.00982215501,62.35519721875001
349.24206855261,58.69785300917
349.88870938448,68.44471280755
13.315172578520002,-73.20359509705
13.454102806689999,-73.66521260272
350.29376937726,53.47944690712999
350.42255899135,64.21578514103
13.529224484410001,-73.30402911635
350.71783500886,62.85401382765999
350.7206762089,56.434807480779995
350.75840857766,56.25654687893
350.80448373127,59.42447951633999
350.81252241482,56.47967342946001
13.77360789232,-71.24203413021
13.783679417529997,-71.80548489184
351.38057531527994,55.36850529821
352.09172269116993,61.30085939400001
14.36660529552,-75.7838161783
352.2529443964,57.19883472639
352.41278214667,65.06055001123
352.57395484240993,53.88367676634001
26.480793306359995,-77.03380915606
26.901224429859997,37.20809203541
29.525439573359993,38.65515979739
38.56762675529,35.54860065169001
40.03949548203,-34.10711382764
40.08608253428,-34.21195806966
40.09758976795626,-34.72293972792889
40.2648235548,-34.801496732
41.39848245609999,61.221042366359995
43.21896257182001,61.15911408301
280.60363768584,-2.2908578610600006
45.10180230029,44.386397127079995
45.32891166097,60.74048296625999
282.81422246664,1.6527127670000001
47.64484777769,-76.60727410277
17.2857519383,-72.90919290947
17.37863756401,-73.10313506416
17.403834483260002,-73.19326537489
17.468388924599996,-73.02298114582
17.539839238999996,-73.26480812488
17.54909899552,-73.638156128
17.555686064080003,-69.55773766551
17.560354229699996,-73.2377718954
17.58490325675,-73.10631536872
17.63803345926,-73.48360819973
17.74434437636,-72.95095209259
17.7801430107,-72.68943458266
17.79796515022,-73.44673923693
17.855328987759997,-72.73252029671
17.90167889609,-72.79077711757
18.00481633842,-72.76801473979
18.02156848592,-73.44255207681
18.021995320840002,-73.3205333318
18.02564828534,-72.87202473417
18.03933393692,-73.23097573861
18.05873621715,-73.08421889135
18.08279324359,-72.72331823287
18.097160944,-73.13065505598
18.1084423549,-69.28272370133
18.228123658460003,-72.76412788502
18.25480051246,-72.52601562886
18.258315424330004,-73.76117030887
18.263702706990003,-72.75170857023
18.50529509015,-73.32808226263
18.579367448069995,-72.58149132095
18.58425276819,-73.11593662003
18.62687053596,-73.4298169848
18.671389742199995,-72.83805369331
18.68725038368,-73.76669160833
18.71278019665,-73.02425976901
18.74903406119,-73.2223574327
18.78069484142,-72.59919982376
18.79694856094,-73.45302921055
18.90772460451,-73.26299228406
18.93672869278,-73.32318690328
18.97013275158,-73.51646323177
19.05300689599,-72.9107551774
19.293818776540004,-72.61646151514
19.570691038989995,-75.40014420288
19.69691620573,-73.71234295466
19.81903761339,-75.73688344073
19.99674523643,-72.7165573551
20.01892068239,-72.42973336185
20.05845383327,-72.50630315297
20.11280878635,-72.95995677189
20.14199125468,-72.60550280736
20.17307181963,-72.90024283253
20.35243146942,-72.3143930067
20.432619275769998,-72.70802439207
20.63314546966,-72.76698934239
20.729209920409996,-73.41449488117
20.79697630889,-73.10532613197
21.230161172899997,-74.2209988745
21.35287542278,-74.47500003972
21.360353657359997,-75.28571753095
21.39456501936,-75.31022102614
21.764474528609995,-73.41302218355
22.11299564399,-74.79232869445
22.19013843166,-74.20151160812
22.92724820897,-73.55241670655
23.139969795720003,-74.48135299849
23.41963289601,-70.63029380548
23.59811559804,-74.8956639392
23.83305024949,-74.83583148308
23.86927965758,-77.57859310702
24.6839310003,-74.75245863641
24.92563473235,-77.86575455728
25.13746426531,-71.08330612316
25.14964637382,62.91092461056999
25.51099300688,62.79615906760999
59.61337881079001,11.90578568228
60.63842900855,-68.27316232928
61.46081891222,25.65007679189
61.94770047712,-69.78769403346
64.31679205308,-66.18671054503
64.33736576386,-71.76381958298
64.4471706699,42.19261633506
64.78459539545,-72.36685644987
65.58914443652,-65.9777728234
65.92494188586,-71.30113555019
66.050982526,-72.28846879212
66.10890046961,-67.44601347347
66.53572650556,-71.74335586646
50.144475150059996,-77.33203352655
50.56051829155,47.94973486805
54.12177535288001,62.23818715923999
54.98859869274,62.45669954096999
8.769960714169999,1.14608552393
71.09169161154,-45.231731353220006
72.91310896233,-65.74138712684
66.75120900042,-71.9164471902
66.83940661286,-67.18798067989
66.85156362809,-66.28698778979
66.89956737432,-66.96818592979
66.99052825482,40.97493689008
72.92270675558,-74.87130022063
67.28474857893,-72.42406000938
67.31693566471,-67.06483088893
67.3774905078,-67.96238037893
67.53631963917,-68.96914129873
67.7036777599,-69.79039783359
67.73624105865,-67.04648274195
67.78229284918,-67.37124605188
67.93483991062,-67.79227913555
68.1288440782,-70.61623628002
68.15963265587,-67.34627819933
68.18412967079,-66.10600732212
68.26890759085,42.58795688828
68.2760641687,-68.17803169007
68.50866645892,-67.31116851397
68.66113366251,-65.94201483904
68.78933234001,-72.01420238163
68.93676500425,-71.10061742906
68.97851821957,-74.41450806974
68.98978426949,-71.67082571414
69.10822645033,-71.10514054348
69.18649058661,-70.58328156911
69.25413778345,-72.64609828854
69.31517284845,-74.98933506481
69.386457433,-71.03501130765
69.41997041344,-70.587281909
69.45171449625,-67.01029986345
69.45409494575,-73.10424532763
69.45442726993,-71.19938259501
69.5130109357,-70.50452593809
69.57830847032,-70.02486672838
69.57975460687,-67.81967881161
69.6366575085,-67.43611314989
69.64337622799,-67.35941837508
69.68261145014,-68.22591062312
69.69925866919,-67.55466692836
69.75010073427,-69.89886445582
69.77944605964,-67.36228523465
69.84553570885,-71.71726683787
69.8931642595,-71.3639527707
69.96205621834,-64.22788083992
70.05488452669,-70.32915774175001
70.0566539892,-70.73753572236
70.10441389203,-71.89316231493
70.12291766831,-66.49886290449
70.12620210912,-65.77264327836
70.17918625813,-72.28640493597
70.21240105987,47.08857476027
70.23826322887,-71.65272043977
70.24807723422,-67.62211029439
70.26861846401,-70.10427112041
70.28767059471,-71.98844986688
70.34344080398,-64.98104748249
70.45025883177,-65.41069436547
70.56992627623,-69.71223406904
70.73067808748,-70.47116153269
70.81496238709,-71.34991739982
70.88165512454,-71.15071253628
70.94606980189,-65.75705359229
70.95518961624,-76.07216276633
71.06346670606,-67.76572511075
71.11988448023,-64.90192314469
71.12136967033,-68.31304280762
71.14355896212,-75.66098907674
71.32961025431,-73.9310461371
71.40756640287,-74.90258051
71.40687836256,-69.66954816973
71.43250497639,-71.25539198931
71.4798040329,-72.11384645015
71.48209179927,-68.39331595106
71.51652287466,-65.56812507299
71.5205915826,-73.81355799393
71.53695008113,-71.0643212783
71.60343344989,-65.1419729783
71.62992996438,-71.61936247557
71.64324341931,-67.89268844675999
71.80437973049,-67.65543699784
71.82975942738,-66.71229324064
71.89444363734,-74.54330706187
71.91312631837,-65.10737759881
72.09280244181,-68.60022591468
72.11548553297,-69.36189013128
72.15918065795,-73.27765714819
72.1764393305,-74.48841921822
72.19218577724,-68.40788019378
72.20097862373,-70.99245653902
72.27338660084,-65.70936874247
72.31305348188,-65.76918151398
72.34654991116,-64.69163685848
72.35738403618,-74.50841234603
72.38319820414,-66.91772879191
72.42188951076,-74.0343496234
72.42846071949,-74.72492485786
72.47552015539,-66.31814317711
72.47386898814,-72.18937365809
72.49247843453,-64.41634913976
72.51128152449,-69.06879017289
72.51665968894,-66.72016824205
72.52528141706,-74.77965925998
72.5305301553,-65.3145351843
72.56513328818,-72.7051377466
72.56720032573,-67.29678788014
72.59806981146,-68.67200416456
72.6096990949,-68.40852473742
72.61540067229,-68.96425832447
72.61673305659,-70.38546587623
72.62624099595,-66.6676212559
72.63980728588,-67.14104352457
72.66608804244,-67.54506145871
72.6848918518,-72.71188926549
72.73124425339374,-68.64846127655278
72.74428840509,-66.8703218388
78.63449028363,-73.50671943099
78.64841258783,-69.676731507
78.68928930816,-56.57366538681
78.71524485078,-67.42110772723
78.7338034108,-61.84062173845
78.73927713619,-65.69522483924
78.79942285377,-72.67353124133
78.80186228164,-65.62957575456
78.84253940722,-65.40246551422
78.84787258392,-65.14051840386
78.84752321228,-64.58894754707
78.85934902945,-66.95537288123
78.87339848265,24.004106674059997
78.88546905032,-74.26521158976
78.88704962666,-66.39533090521
78.89697020382,-62.0662711937
78.90259163969,-73.37443363986
78.91499030978,-72.10374061499
78.92040677887,-69.57774240156
78.92257043128,-69.27170430847
78.9403462379,-65.8144278262
78.95959259218,-65.44732868577
78.96444853986,-67.54935385307
78.97454760897,-66.52620616806
79.01850598863,-76.10835468532
79.02518451558,-68.29431005363
79.05673845276,-65.39479667775
79.07926607975,-64.84652607004
79.09458653818,-66.35306076872
79.16238989395,-64.33041942014
79.17308218299,-66.51189973637
79.20154035349,-63.02340165822
79.20366174694,-71.90134544442
79.24478596201,-74.32563712671
79.24587812536,-68.78888841549
79.25000663645,-63.04778910774
79.27019609583,-65.72264559786
79.27830778272,-67.29346880676
79.28922292014,-71.43014268972
79.29443070794,-62.78400002396
79.29895938053,-62.99496572113
79.32580202906708,-69.47549828286888
79.32704140235292,-68.41382535427002
79.34632751977,-70.44722445282
79.35199178638,-65.91326591944
79.35323154989,-72.5177902664
79.38473881188,-68.89035783613
79.38976724314,-72.73095999542
79.42163399002,-63.23804636974
79.45281533353,-63.3448329527
79.47485607497,-68.85724837793
79.48147706658,-64.43295581866
79.49261478809,-73.87598466487
79.53308493268,-71.86490140103
79.56038681662,-65.29191151352
79.56041576824,-67.33632163454
79.56823042642,-70.93458308245
79.63634166533666,-69.80142706164277
79.63985969632,-68.96975151872
79.74902111717,-66.01030410512
79.79636471205,-72.71247205932
79.80986552818,-72.32155796423
79.8397146291,-69.60587804145999
79.8701872444,-65.81487287279
79.88170309988,-67.15003304179
79.89276673681,-62.26763529966
79.89490386102,-75.11245013557
79.89715756624,-64.17437579267
79.9091152192,-72.2346955137
79.92619155973375,-69.35708030355194
79.92950236288,-75.80882861541
79.96020793497,-72.70097914228
79.96811210282,-65.05350546849
79.99823058076,-71.20528412501
80.04059829183,-66.5373012576
80.08021460731,-68.22857126516
80.08025070706,-63.70002871249
80.08860693522,-70.42751809705
80.09069878123,-64.26034100006
80.15455043526,-62.40729141311999
80.19475362239,-69.02327938307
80.19799117169,-62.89397391618
80.21480179867,-75.98791640286
80.22627056243,-69.06219198118
80.26834690344,-64.83247371868
80.27638314539,-72.86607954132
80.30225596602,-71.47726680417
80.33263980949,-74.20227509987
80.37476086033,-66.80724664152
80.42281962708,-65.9340945292
80.42290192366,-62.98016892897
80.48082074468,-74.32411287686
80.53420003812,-73.82676946891
80.53594155644,-72.22147335569
80.53960903083,-62.85614090018
80.53986805361,-66.16448167252
80.57726414871,-64.54422810918
80.60306298775,-64.83403925906
80.61575620015,-74.81153208471
80.62171575346,-64.14451312406
80.65159010513,-72.86940557255
80.66694612508,-65.55313775304
80.6758049826,-71.82916540818
80.68335421036,-69.64114552248
80.68867051048,-70.77767538031
80.730277287,-72.91860694476
80.74879159846124,-63.48624717115223
80.7694005721,-69.13272441023
80.77081891269,-62.09554780944
80.78843081223,-64.89817795109
80.79007591769,-72.87889254723
80.85871455123,-61.897928702079994
80.88274878903,-69.32623595137
80.90879701434,-74.77838905733
80.91806271789,-71.7660217997
80.92859289415,-66.2595733411
80.93566608885,-65.78339831348
80.93761129082,-72.37733182047
80.95083057189,-63.11903222565
84.86397988718,-71.28436604824
81.00392806824,-67.50497254255001
81.02559892283,-63.57626073321
81.0469834257,-69.6908110633
81.0691361376,-74.2593469161
81.07424308379,-72.72023704602
81.08311582169,-68.80616891354
81.08440448459,-66.30813728331
81.08474022741,-74.40859089062
81.09143920474,-69.2624249489
81.1006578911,-73.43435415275
81.14455399508,-70.97343623409
81.14609400983,-62.87545327989
81.18543041505,-75.74973255603
81.19044135844,-70.9346869169
81.22259342407,-75.39984271632
81.2228081081,-71.10036318703
81.22282875696,-68.11166510326
81.26697591254,-72.86172642158
81.30368717082,-70.64868195009
81.31312233955,-64.10490721335
81.38056157329,-64.69552771886
81.40147756294,-64.75866930511
81.44147462197,-63.63581892379
81.4574365367,-67.69780850597
81.4712965184,-70.18336624764
81.48171524157,-75.97638522674
81.54680755874,-73.02194879133
81.59025707383,-64.08303678707
81.60711968479,-63.93291472183
81.65570435415,-67.52008240975
81.66276951305,-59.54692837114
81.68095613499,-66.70705658646
81.71842444668,-70.56655851606
81.72639207853,-64.09546606257
81.72760234858,-72.78760560611
81.72953649679,-72.19302975328
81.73146608892,-63.12911188566
81.73160046031,-69.28180359572
81.75536211805041,-67.01144416966555
81.76046392801,-68.86891189534
81.7792417886,-59.88534605407
81.81785725623,-70.65238697213998
81.83012836469,-67.42051511481
81.83308737354,-66.20032313144
81.83505650684,-65.19256644483
81.85654952343,-67.36670209524
81.88430409806,-69.02314248202
82.00541902115,-70.71029123208
82.00790974763,-63.825628109670006
82.03212728214,-68.68432932454
82.05871470597,-66.87386518452
82.076000675,-74.10676050813
82.07920068237,-73.05927343545
82.13151622642,-70.21950875771
82.1399458844,-71.83449597938
82.14336129835,-75.99414959752
82.14873722017,-67.35261508974
82.18544440521542,-66.23440812806555
82.21093130991,-66.27474645812
82.21877343108,-68.52938368503
82.25491802433,-66.13024117469
82.26694106399,-67.27547481676001
82.27548426857,-66.32106528263
82.28165398245,-66.97085030848
82.31101792459,-64.19948303678
82.32493064615,-70.68880305529
82.32946727171,-66.35697318984
82.34900779285,-66.2707220106
82.35502381533,-66.73288762808
82.38940739957,-64.78798611728
82.39832713362,-63.53555681689
82.40466734167,-69.20868145671
82.44412542908,-65.38858341616
82.47588823243,-64.0629125434
82.48739442992,-63.78913046494999
82.48741853935,-68.14582818521
82.50300383723,-63.172427904450004
82.51729933016,-67.10757301341
82.52369649072,-66.43748367889
82.53525168674,-63.81619395205
82.53917693511,-68.59563233785
82.54448310632,-70.7787915976
82.56378493118,-66.27216769881
82.57762662085,-72.8236310186
82.58093222082,-65.75536187266
82.59764033758,-65.89563820145
82.60290474979,-63.71330723357999
82.6212377418,-72.43094507596
82.62642005095,-76.11701696837
82.63696702894,-71.01557710772
82.64282665047,-63.2526427839
82.64362373666,-62.800801608739995
82.65050932055,-75.60770741174
82.68278321611,-61.62099430452
82.68373869768,-62.23261720088999
82.6839288237,-70.7013281126
82.75268423279,-69.93182946689
82.77407101469,-73.58116958959
82.7775425387,-70.28684255578
82.82271944979,-65.53358583486
82.83615976659,-62.72679101406
82.84843985242,-70.77001868781
82.87435436933,-69.85473361611
82.93459768533,-62.74806986514001
82.94586999515,-69.26397038218
82.97825465648,-72.9233002268
82.98649594712,-71.18308117612
83.00191262191,-64.62379456163
83.01081885266,-64.86763336103
83.02005455736,-63.24251185136
83.02054702396,-69.41164912393
83.05710299063,-66.84428543251
83.07578113666,-69.47327500301
83.1064473312,-70.86800417271
83.22570982939,-62.86143059994
83.24053308868,-63.51494040130999
83.25549654829,-63.81626451727999
83.26534087004,-64.4986461099
83.29898170289,-62.0739376456
83.34147665274,-65.4866833691
83.34726190091,-65.21789226347
83.41065295891,-70.8746493638
83.45507209398,-71.45935384552
83.4560229008,-62.857468522359994
83.45969321185,-63.61775127367
83.5003139847,-65.72502470214
83.52014596817,-71.36384433471
83.55380903222,-72.5602814892
83.59273142462,-70.25978875335
83.5933304365,-67.47563580845
83.59854902497,-63.262519459720004
83.6267548031,-70.6591682647
83.62739221608,-68.02888083053001
83.65617769074,-71.33203428335
83.66981730437,-66.62049556546
83.71839264209,-65.68788252834
83.72544126091,-72.40771738119
83.72664898932,-65.13346423198
83.73200104881,-66.19474321101
83.76886265824083,-70.3666949248511
83.7815535458,-69.08863302674
84.87414948862,-75.64408618866
83.85035519384,-66.40421028452
83.8604258359,-69.77734122612001
83.86993818883,-71.14689871224
83.88212921719,-68.19823148029
83.89887129145,-63.4568967021
83.89963702767,-70.53039697333
84.88377368780792,-70.10289199364888
83.91830299856,-63.88031040351
83.92395800111,-64.28549197019
83.93671913733,-66.34592447055999
83.971375,-71.35683333333333
83.98318250719,-72.56778204652
84.03362542119,-73.07713809576
84.04686689406,-64.30068736198
84.09028087893,-76.20488351102
84.15887440208,-76.21912169251
84.19440339937,-65.1260858944
84.19826366199,-65.52180303701
84.20770380736,-66.48239870561
84.26483534756,-65.62730997402
84.41954732614,-70.80413446597
84.46763577905,-62.59729760540001
84.49721827592,-63.36609256968
84.54715864385,-71.41550193426
84.56158075359,-62.55155436346
84.60956397068,-67.86201551866
84.61885394147,-68.11259882777
84.64632475784,-69.89642490003
84.67598928854,-63.49706320140999
84.67879568673,-67.09859691922
84.72179730089,-75.02758582665
84.75709132437,-62.10192428159999
84.82866409195,-64.66187045508
84.83104859935,-66.32412639199
72.98228220408,-70.24783271272
72.98695530989,-70.61626154956
72.99133664096,-69.01435863488
73.0428151161,-65.13253772445
73.09528107187,-69.79123452455
73.09895733385,-72.36590021178
73.12184322058,-74.90942393817
73.12820854077,-67.15812964776
73.13554075025,-67.04984271776
73.14166189404,-66.42926729251
73.14689057383292,-69.11204090229637
73.1502141093,-66.26413237946
73.15929600358,-66.59535581259
73.16758898636,-68.55223859821
73.17782249409,-64.37191978111
73.18507937428,-68.32260435208
73.1908444181,-71.21310892601
73.23484619904,31.999581148959997
73.27124687971,-68.31596844062
73.28377249632,-66.41189109664
73.29986708698,-66.98551123456
73.31017814428,-70.60291209814
73.33559892478,-71.98232116078
73.34842530904,-67.41539050547
73.35323962366,-72.83646210685
73.3645305882,-65.36454002375
73.37782166989,-71.8960079381
73.39608558481,-64.60604018482
73.43411343807,-66.44812087238
73.44325300137,-67.22840326069
73.45292779459,-65.56279518114
73.45216296173,-65.37865739198
73.58293513605,-66.88516027879
73.62045619897,-67.33883886973
73.63494879559,-65.07733783147
73.64382598462,-68.554953648
73.72732296139,-65.0708352495
73.78018016602,-70.02506132344
73.83091721836,-68.86377687258
73.83895794189,-63.82684229008
73.86188017237,-65.40621287172
73.89007987011043,-70.009458510665
73.90019837368,-75.12133512277
73.90775463699,-74.70838325018
176.01983878613,7.304087416389997
74.02516732555,-70.29940859711
74.0601828585,-68.66826656671
74.06040094652,-68.98619028582
74.0677752002,-68.22636140017
74.08353290185,-70.31228899989
74.10111886527,-69.91203222157
74.1541268738,-67.39726117705
74.30966931517,-75.11304281756
74.3248665261,-60.47328347198
74.34111234778,-71.66242559605
74.38867800097,-71.32587607903
74.44502521009,-71.84766028891
74.48390984271,-75.43991302411
74.55782660961,-68.34853373866
74.56929854025,-75.09094484344
74.58081988622,-64.82169142298
74.60501426284,-67.92482601344
74.61711665768,-74.67473581224
74.63688675888,-74.82491635491
74.65073269625,-65.32408063479
74.68572827606,-67.75134036206
74.70521522582,-68.92007681528
74.7504676847,-65.92066493229
74.75322419464,-68.04741697
74.75722880608,-65.49136888716
74.75842639967,-65.57682250966
74.76491126371,-68.28863175917
74.78330070183,-69.57978380748
74.80045995226,-67.05417581858
74.82435968037,-72.94889075903
74.82648101049,-65.55247173387
74.89219701827,-69.84579404788
74.89769057581,-68.71376918189
74.90254219249,-63.98692989026
74.92498877406,-67.85384496999
74.93371314268,-65.36333329866
74.95645349114,-75.15506848386
75.04809713537,-70.21813513811
75.05880326541,-71.48591060606
75.06659756177,-67.294341505
75.07022947354,-68.5522162478
75.0697849458,-66.36459780152
75.09201040876,-68.50502764492
75.09584940594,-68.66708043228
75.15705916423,-71.13917065345
75.17479625763,-69.61738726833
75.24770819335,-65.28853553243
75.2603709028,-66.27693695605
75.31290510687,-70.82439441769
75.32088926783,-65.4885018886
75.34106181609,-64.44676762709
75.36059524948,-66.84503253078
75.40634463485,-70.51743270994
75.42035582276,-65.8240400145
75.42130779135,-68.44498013176
75.45655461599,-70.8470940473
75.46126690374,-65.87100334659
75.47256375852,-67.41950196329
75.48457433271,-65.61296667973
75.58739887764,-67.26720501242
75.607872831,-74.84794760728
75.67183914294,-71.60804157905
75.71484384012,-65.94323710256
75.73196074828,-66.83542592787
75.75379852835,-75.13614646436
75.77691268512,-63.1061297262
75.79602980645,-66.0095102429
75.79794489371,-69.23675666273
75.80304826784,-67.08591115262
75.81920934457,-65.82918981709
75.83010669011,-70.80614422627
75.84602579322,50.63280208257
75.85988452029,-70.60365236188
75.87748823986,-64.77618643768
75.88087144280458,-69.5719218812111
75.90392249941,-66.35824073611
75.95882197764,-69.8278760914
75.98322003029,-71.37279358131
76.00996082396,-65.99823339185
76.01013203616,-66.77295275372
76.02813550488,-65.62329472766
76.09532353427,-74.64169608764
76.0954783097,-70.65749835138
76.13309822156,-67.26791431269
76.15678982232,-65.73231234215
76.18985241744,-66.07147254362
76.23033073565,-70.41968039951
76.2581306708,-64.48936443572
76.26049017288707,-69.68429764052611
76.29734301602,-66.24041133210001
76.32734447258,-66.19940012874
76.33403484211,-68.96706650911
76.38658981741,-70.5810117026
76.38981536886,-65.6207025735
76.40276963695,-67.32029641814
76.42487617647,-71.451670563
76.45446049473,-65.09094666349
76.49676064252,-72.15777914713
76.52071248773,-73.95282826832
76.52358894453,-70.62505117239
76.5590394279,-69.99591012201
76.56827352895,-66.41376945087
76.58382437008,-64.91630177543
76.64962345913,-63.301812896170006
76.72494123347,-69.94115169908
76.74985857509,-63.79631505058
76.76106850682,-63.61906497447
76.76119652435,-67.98667927363
76.77599735574,-72.18413204203
76.80094762959,-68.94685627922
76.86036974483,-67.6345642478
76.89550899507,-71.18399310655
76.95551153126,-66.06704270945
76.95602755031,-68.78311089512
76.95678345303,-64.52697543176
76.97385809545,-68.73377580056
76.99625291399,-74.42534534068
77.09966152654,-65.03212405827
77.10723216904,-66.42211943887
77.13491359969,-63.62932601026
77.18370859896,-63.57181420855
77.19891317985,-64.84382444034
77.22529754026,-67.40904190261
77.23592860104,-67.16564682209
77.23737810739,-66.97566757763
77.24370491587,-65.70671488595
77.24855249829,-63.60284993027
77.28603667143,-71.34768293067
77.29992134084,-68.05733377115
77.31118333506,-69.08851275898
77.35415666652,-69.62860936408
77.36952950796,-66.88255016899
77.38310509511,-68.51903489011
77.4023424681,-66.71242962616
77.40442543539,-67.66237297579
77.40782289312,-66.46326600613
77.41066240094,-68.63553680153
77.41980321559,-65.54550931833
77.44333600901,-69.07113761256
77.47513000356,-65.8688180741
77.53895013097,-72.98713212995
77.53816785431,-71.76526159002
77.62820258871,-67.75245913313
77.64773046259,-63.835076945889995
77.67290312294,-70.47586560657
77.67525526261,-73.44039690469
77.7087230571,-68.50109355564
77.71595119383,-69.03607933743
77.74736012198,-67.69911349395
77.76993120162,-68.72260093315
77.78641980349,-68.56456125016
77.80192283773,-70.9280871152
77.81438776531,-65.83554125199
77.81449118541,-67.55586341099
77.83147025299,-74.89569147659
77.83484924462999,-62.17065362039
77.89601718529,-68.36726662242
77.89940521631,-65.93073478057
77.90892985302,-65.00092953995
77.91064130423,-64.16617849146
77.91181788511,-66.38630979215
77.92493795735,-65.36131215497
77.94796573947,-73.0321639348
77.96506154055,-69.08926857471
77.9886055292,-65.1390021879
77.99600960785,-68.71721863172
78.01682674165,-63.863208541880006
78.03777277052,-65.77351218485
78.04097604589,-64.9985840005
78.05098913878,-65.33891154082
78.07325908614,-63.32199804758001
78.09521099388999,-68.93695253005306
78.16144440482,-64.20380657832
78.18219834719,-62.87535108613
78.18486352504,-73.30463774394
78.18631465507,-67.4778365762
78.24254569446,-65.70005997175
78.24478022756,-66.53445926326
78.31236816907,-70.57825693729
78.33019944542,-69.49025283199
78.33308899177,-72.89237066957
78.41032000768,-67.27126055385
78.41547294488667,-69.85637374525332
78.44051163025,-67.7497186113
78.44699958034,-66.24733137421
78.44936264296,-65.59565655476
108.20404400856,14.601032264440004
96.36739264613,14.721992263719999
78.52538437208,-64.01788998723
78.53239859479,-68.78292977078
78.56301858872,-62.71931592128
78.57825543744,-66.66818678565
78.58604594129,-66.03301123334
78.59764801056,-72.93680020119
78.59868565758,-72.61414104268
86.82933825805,-67.67806872399
86.83452438302,-67.10081131772
86.85552263966,-64.65884034384
86.86324806239,-64.92190832215
86.86555037855,-60.47089263483001
86.89034470045,-64.0215394986
86.91994281815,-62.63595972238999
86.95003855587,-70.96959822191
86.98191400121,-63.06738101031999
87.06094339884,-67.83536704132
87.0702013652,-61.135186403599995
87.07809370761,-68.94784699753
87.09273293219,-71.86089823838
87.11089270724,-63.49922443335001
87.14510068936,-64.2472911186
87.16720147349,-68.09149263409
87.17844301511,-65.70005953277
87.19067618128,-63.78375989157
87.25229932038,-75.10290875061
87.30577371676,-64.75108305112
87.39578474168,-64.50763960539
87.39603008788,-70.02730571628
87.3987927125,-65.7852797966
87.42412585848,-67.86471828178
87.47076843023,-69.66720443946
87.58357158316,-72.40084615636
87.62463464058,-65.32410067921
87.62934386111,-70.310339004
87.64429354532,-67.43143366707
87.67796298127,-66.69087164701
87.70416284941,-68.87539924692
87.72710439726,-70.58072977308
87.75005104074,-69.46873975655
87.76141424798,-66.78424780631
87.76358971341,-67.46369365337
87.76891105684,-68.64635831222
87.78764049499,-65.34154380759
87.82722144105,-65.81657834933
87.83301592146,-72.51196080208
87.86411170064,-66.47407187548
87.88327499999998,-66.4953
87.93771292535,-65.68097648561
87.94555878527,-62.49654445941001
87.96924180216,-66.68704843308
213.55243939584,3.11321734434
88.09656271514,-70.69231582202
88.11051265624,43.498802949189994
88.16923280227,-67.8983657225
88.26216014125,-66.68426767958
88.26326504019,-71.61671288954
88.27387842779,-63.64291369990999
183.79925987234998,20.611059614190005
88.32279208045,-66.88839450926
88.32290989453,-68.76658764452
88.32772859049,-67.08564517261
88.36720798931,-67.82474737663
88.50523699814,-71.53549656371
88.5253741888,-63.688315846710005
88.54810679286,-67.57733575555
88.59083895239,-69.75031703732
88.62839643317,-66.50894342924
88.65247344916,-66.0454619827
88.66831599321,-66.27390062323
88.67484717069,-64.96884512337
88.67870337442,-65.00707038371
88.72197270346,-68.60058695704
88.80719362118,-64.55670571564
88.82930962315,-64.77161117734
88.84847561295,-70.23978619168
88.87910295359,-74.13180091224
88.91474539829,-65.95216021262
89.00211588387,-68.01931205552
89.01377379162,-69.13500042178
89.02029284229,-67.18795439412
89.0656020625,-63.35688855694
89.1896839176,-66.00678081787
89.22326902300084,-67.0701314200986
89.27693591338,-66.05852507955
89.32817407886,-69.50929695877
89.51547241032,-66.06326880978
89.57140380164,-66.73590871432
89.74323608694,-65.79225973368
89.76162460744,-64.09215695313
89.809815177,-65.24939918582
89.91909252211,-69.44016563699
89.97966860128,23.47979156091
90.03062562978,-67.98396790753
90.03566179886,-68.42768011407
189.60890934969999,18.77234507799
90.19414937262,-66.24426501509
90.22470424506,-67.94013629483
90.23431847215,-66.70441430546
90.2467878314,-67.14825694228
90.28087667643,-67.23231097338
90.30669129171,-66.48475790434
90.33834434919,22.60347109744
90.35430728417,-73.60763936845001
90.36520700996,-66.5748942112
90.37195564612,-66.2060852593
90.42487783481,-69.24890066316
90.43033681941,-64.96546927679
90.44635765984,-73.74666988646
90.48945710813,-68.59921075768
90.57714692555,-65.95237572637
90.71367183257,-66.5861394683
90.72807334688,-73.7162435697
90.74443947439,-67.74064701518
90.76163617836,-68.05506030413
90.81725825258,-63.74206101389
90.85597736241,-73.76859941365
90.8747842329,-63.59349009234
90.8797277544,-68.23465014792
90.90347959904,-74.77299677857
90.93516967806,-70.1737833994
90.96289530291,-65.94547909092
90.96482801062,-72.73275815427
90.96509084653,-67.60972056048
90.97887401273,-66.51296180295
90.99137635079,-68.08923027421
91.00921500811,-63.92308348838001
191.68732646166,13.94359027311
91.0803699507,-72.97506184175
91.12828187819,-64.5410519141
91.15246499875,-69.3111680235
91.17804454211,-67.70700034438
91.21211098698,-66.1229213528
91.2690267034,-67.89884965568
91.29026229421,-68.28601889339
91.2957748778,-65.87509403473
91.32664159469,-69.41635781837
91.33763540521,-66.13809463919
91.34997535166,-71.36651003458
91.357145441,-63.75628819986999
91.38247226788,-67.12812360522
91.49598856758,-67.09738612898
91.54872769253,-68.15696730385
91.56804033733,-70.74980162466
91.61315831593,-73.92669126666
91.61785098683,-66.18048581182
91.63052859764,23.56112734846
91.64501954235,-73.47478762626
91.68632355564,-73.18324156332
91.77002086523,-65.41754142968
91.77633712506,11.4828627052
91.80897687267,-65.21046744414
91.81665847114,-66.28108002258
91.86085306965,-73.15419871767
91.9202983534,-66.59545507192
91.92823585109,-66.42150298814
91.9522827809,-66.62476303527
91.95313687225,-68.80938154544
91.9692281783079,-73.33057466391305
91.97476288736,-64.36402560345
92.13379195066,-73.14823990426
92.36137734968,-72.26878003917
92.41408932924,-67.09340594679
92.45972447333,-66.75893006117
92.49234442885,-74.73285693766
92.59433671859,-68.46650478913
92.7024638271,-67.28811249587
92.75265198446,-72.17960866441
92.83186991517,-65.26840059526
92.85096923109,-66.91404847474
92.8686555053,-68.89146438946
92.93856255739,-70.97152945001
93.01714970331,-72.66954057912
93.06335933516,-65.39171413922
93.1036614203,-64.20452707071
93.17585497828,-63.65322702011001
93.22670491861,-68.24295822427
93.29979801447,-69.25491524817
93.32936081959,-72.4723892509
93.41444540779,-67.20430817013
93.43156011595,-67.8650368238
93.43665120543,-68.99153254453
93.51136882905,-68.43518309807
93.52748917289,-68.82518661321
93.62204182766,-70.04858767605
93.7163895331,-70.01867074063
93.72136367173,-69.67692736012
93.76374845732002,-66.81706398154
93.78729072155001,-66.38032076537
93.90441478703,-67.48982550377
202.6434198415,3.05195000717
93.94696476552,-70.02482618122
94.13092235192,-67.9418873224
94.15374527829,-69.58817203895
94.15763569462,-69.2461032356
94.32093532819,-67.72956133042
94.34489958572,-74.03334315269
94.34747423515,-70.1729571138
94.35651380679,-65.88234980901
94.47720729225,-65.65505843746
94.53828265581,-67.80737513449
94.69416713646,-67.01650409302
94.70258840632,-69.38364042686
94.78096987642002,-69.35689839241
94.79699961344,-71.13610825451
94.82517231382,-68.38313732092
94.88993372193002,-68.10185336065
94.90708745687,-65.02033472437
94.9192755279,-65.32074573001
95.03315612149,-68.47568975886
95.09095484402,-64.97422220684
95.14441654314,-65.86342736621
95.19792386179,-64.25505253959
95.21634142265002,-69.35811464866
95.30824119075001,-68.36053241173
95.4755054423,-68.02426792592
95.51917455066001,-72.6172838986
95.59205680795,-64.82897249677
95.60229740308002,-66.02962563279
95.60598122878,-65.60943902901
84.9574928106,-63.76282770862
84.98738330547,-71.50156475869
85.03180402618,-71.3253112669
85.1171694088,-67.28698482126
85.14512847303,-63.438082604730006
85.15289859433,-66.42397410095
85.17772212641,-72.51089846001
85.21446060929,-65.85413830153
85.22475882316,-66.18503920287
85.2285419732,-65.54391697804
85.23423397745,-68.21085998254
85.24617960939,-63.29029160667
85.27405166161,-64.66204585965
85.27701163271,-68.04953897867
85.31407379219,-66.96482161953
85.38608485515,-75.12316488141
85.41845934573,-70.14805345236
85.46642123347,-64.90958760898002
85.52679801731,-62.88790608451999
85.55392143247958,-71.04109638995111
95.66127281023,-72.83143281709
85.63026034805,-70.01742484051
85.64020960399,-67.3564510602
85.68282848006,-67.65458478549
85.6848232026,-67.73497403626
85.69971957195,-71.05844226995
85.72054986169167,-69.88927338582612
85.74974661524,-68.0376698772
85.75757226521,-67.16166927878
85.79481833634,-65.26547440489
85.80335650231,-65.71626512648
85.84531563243,-65.15418064948
85.87266295567792,-66.20718480755528
85.90969478222,-63.12135213063999
85.91687189459,-67.7585811328
85.93444542109,-71.63645518953
85.93697706723,-72.12167322903
85.94044851403,-63.1085179894
85.94996721892,-64.87561810651
86.17535670848,-71.40472761055
86.18256903715,-71.75073068578
86.2302045384,-67.42381597752
86.25904052526,-67.58899442298
86.27041918933,-63.78013386119999
86.27790975765,-63.83830169878
86.302691323,-64.70842643898
86.32668233082,-63.46661172093
86.33728426189,-68.24292147721
86.34741380411,-69.53507155628
86.37297702285875,-63.484952237241664
86.41450100793,-62.50122364528
86.44939586319,-63.23995680774001
86.47225472561,-66.60969752459
86.49316684063,-65.95689538709
86.51897047045,-68.16706888672
86.60426184745,-71.03561655539
86.60747930786,-64.78042028013
86.60972278155,-66.40341893929
86.65343819762,-65.32207600193
86.69149783939,-68.7387168046
86.73482785515,-71.18668454092
86.74289971161,-63.16319742024001
86.74431876694,-65.33091998872
86.74899068039,-71.60959855288
86.77244543902,-70.55445324987
86.7907429848,-62.95025244259999
95.79022491547,-65.08977272482
95.81322647971,-72.67964655111
95.84854893124002,-68.61478379836
95.90789347462,-68.96742721542
96.11592552267,-68.05922452467
96.27085370318,-69.15389579753
96.27451164812,-66.1299335943
96.41580492477,-66.3792394737
96.46539876781002,-67.76471414785
96.51581417549,-72.1565312822
96.51944892008001,-69.52004909776
96.59020111894,-71.71076251359
96.80204498379,-67.62390234519
96.858370168,-70.50380067772
96.91373531195002,-65.99366911394
97.19772966437,-70.36016540373
97.20844147356,-75.16641330948
97.24599382402,-65.30403951785
97.53232615905002,-70.71286833788
97.53282437839,-66.94593815641
97.67460218958001,-69.48252768374
97.70657453116002,-70.26119777933
21.7420579928,-32.54317756523
71.36325831529,-68.99262387832
75.23089729095,-69.68205912928
81.91260936965,-68.83060662531
85.75399007993,-69.38446404351
91.65500568799,-69.83722610894
83.54911463417,-67.32495529303
83.57406791975001,-67.26594253626
82.88000840827,-67.0473846304
215.80144461811,-2.4733688501199995
118.28962429418999,25.72017421603
118.35117484379002,20.384311716369997
90.48329651357,49.53563766453001
98.01469081919,-65.25855320671
98.02202004201001,-70.02787110218
98.27289150007,-68.83352147262
98.34771374154,-62.986762675259996
98.68594451240001,42.50354742899
98.69283743904002,-62.81458919448001
99.58380032362,-64.20583925883
99.83318700275001,-66.67669006115
99.90949510310001,24.065554128750005
100.35122690893876,-51.05683739796832
100.51319513884002,-68.73425146012
100.54309215145,-50.93999322767
100.71066540089,-65.92968999739
100.82722776142,-65.56330398276
101.01310718494,-72.66155692166
102.47080162215002,-71.96769631436
102.87180378689,-66.77600170834
104.04801227959,-2.01193937298
104.27598147759,44.10979535567
113.09043205867002,-64.05842177529
171.77335579135,10.26119237011
177.25960640109,-2.13635326805
189.34629561458996,-0.15440630396
201.50662196418,-47.55165763659
189.85563990803,-0.8826692174200002
190.25999570250997,-8.88516297494
87.20739870967,-72.21450030055
87.23195833333332,-70.27747222222222
211.68711527769,-8.1564145027
211.72947477374998,-9.016085979220001
87.73847741144,-70.89889523571
84.94918560022,-68.63604388123
73.89565447049,-68.48129668979
76.53240145715,-68.4175500847
76.23702916666666,-70.61943055555555
78.19879666846,-68.00301907795
78.77073370028,-69.60091514623
79.91763360861,-70.68029351553
79.99045881133,-71.6192333945
81.55084790055834,-69.5457005644011
85.91546291476,-70.21327219172
89.21467522288,-71.47904431122
91.07277406987,-69.63796862575
86.0923210611,-68.91679816627
86.10899323145,21.888475177039993
227.90168497311998,67.30213181654
229.16210071904,-2.30922620996
78.58234197664,-65.03850921973
78.93440112781,-65.10873522514
68.72564395566,-68.36545707366
70.40505660487,-68.28623733618
71.38068445604,-68.05565400906
71.59457115019,-69.2524624133
72.0939336577,-70.41624605289
71.51067636533,-69.11500620442
69.43953732442,-69.23396178049
71.63564202554,-68.56223952254
71.08610941397,-67.22521709972
73.81013827686,-66.67297120006
73.45604839411,-67.17603514902
73.42569356262,-70.34777337816
73.76478700589,-68.42573300496
70.48614149272,-68.49578719097
71.08643823375,-68.03181178837
73.43992330437,-70.17691727245
69.51131936924,-70.43669767412
69.87800332079377,-68.50213436710972
70.12221543597,-66.70158060163
71.27977536176,-68.70849689633
69.62281544241,-70.10975959163
70.67284789977,-68.97579778668
73.0085277242,-66.98533073919
73.40504424437,-70.29348903593
71.76755806328,-69.76033544167001
67.8642258928,-70.67819302058
69.25288840674,-68.74653731155
71.96968026206,-70.42578270538
73.37049102951,-67.38252158406
71.07468017576,-69.82856344053
71.8816805466,-69.64040480432
68.30807240831,-69.89517983153
70.08185257964,-68.80414115181
72.66584654816,-69.26326026091
73.33614745666,-67.11040981334999
72.96192004921,-67.30891914213
73.85937653118,-69.80606794069
69.82254393691,-68.96861186635
70.37831850825,-68.88887844814
72.59757445038,-68.57124762264
74.35230755974,-67.04163076604
72.635476277,-66.97491647052
72.71891101891,-69.07518166518
71.88342103679,-67.15912095155
73.30616162997,-70.63822225686
69.37539502779,-70.26149729097
72.95093785574,-68.0877737253
74.52496201881,-68.3958081284
74.09007225343,-67.08079091297
74.61313809167,-68.53365960598
75.10593250668,-68.61101306954
74.11889543614,-69.65348560927
74.69139194665,-68.80339351966
75.48388236903,-69.43591296045
75.93644550969,-68.47961108479
75.10420852072,-69.09940548042
75.25599169196,-68.56125773129
74.59191336119,-67.2630062476
75.11895240199,-69.2768024163
75.10225240398,-69.84052477992
75.43283913342,-69.54075994222
76.21420007881,-67.15068891974
74.53754269504,-70.83595049716
75.0886555434,-68.73377073388
76.11629308296,-67.89041385424
76.95152156593,-68.91619774197
74.30710064916,-69.11223374582
74.53863836759,-67.95136943465
75.72219752036,-69.38076147023
74.94896630325,-70.52634599922
78.18234559338,-69.32114976404
75.43166907584,-69.32742890744
76.63031314098,-69.10816588329
76.66944678246,-69.26349641816
75.64682031047,-67.13871836541
75.50980537944,-69.08871228637
76.06093559395,-69.39442950606
76.50569473119,-69.90342974581
76.77342486552,-71.28948085209
76.04781987457,-67.6880436745
75.95880041396,-68.63210176408
76.98631590112,-69.49853305235
76.38183136448,-68.18356907703
76.24357539509,-67.46688366009
77.58401017507,-69.09087615176
76.65304410921,-67.68419265816
76.8269196085,-69.33586959575
76.80383261014,-69.98346642334
77.30608333333333,-69.4375
77.02883004729,-69.2215084224
77.15033429462,-69.94617459283
77.29521857787,-66.96256475014
78.23276166248,-69.34675843514
77.68705287821,-70.43554765845
77.80788691846,-69.26858433302
78.14232689025,-68.12440067016
77.69361507978,-69.02471185172
78.31398019353,-67.08166776142
79.40991181995,-68.52196234504
78.35490842763,-67.10272814928
78.98578123122,-68.48084130572
78.41724199315,-66.93603846448
79.89488490481958,-71.87166521529139
78.90470800091,-68.34849992931
78.35807649789,-70.99477226056
78.55310936792,-67.73586876158
79.51299866555,-69.04225013455
78.98360845272751,-70.33516573945028
78.54769866362,-67.19318965259
79.29598891058,-69.13387079202
79.49527439394,-69.0393586668
78.52637190006,-66.93065002225
79.15514465108,-67.77167348427
79.23913452327,-68.30206736929
79.67389210117375,-68.97751067398278
79.08197310543,-68.90249508159
79.53720097146,-70.73701052164
78.61500432188959,-70.29943618328889
78.5596040199,-67.29246016858
79.0131487428,-67.7185669888
80.36866312051,-71.60052233801
79.74297831052,-69.82983580463
80.49183230932,-69.69911704782
80.5003916296,-67.76362748637
80.34720722274,-69.35348943297
80.74965860361,-70.94957557069
80.60905313247,-69.23246968082
80.65692309225,-69.7977698898
80.72174142547,-68.9855665409
81.81292139911,-70.95026343573
81.77723263829,-70.72536129156
81.47342956331792,-69.77971465244389
80.8455488099,-70.95405111617
81.25908459406,-69.74693768026
81.5762371751,-67.82412595188
81.93130253892,-70.92471927954
81.16482146,-70.21951329233
81.72805107384,-69.0842826329
81.16574223612959,-69.75366229221584
81.41040106755959,-69.5788260826711
81.674012676245,-70.07381664293943
82.02464952622,-70.13156123416
82.33862127024,-68.67317801586
82.41819041364,-69.96038545717
82.37323282799,-70.1329909468
82.22232444059,-69.26270779173
82.51005105779,-68.69408289173
81.78875454484,-68.58827777111
82.0940542352,-69.34274097548
82.18008389885,-69.95546766889
82.11579719265,-71.02983590509
82.3908149985,-68.44875452484
81.84693794541,-69.30126054945
82.32082157209,-70.94874007741
81.98992968928,-69.92552950818
81.99474870503751,-69.721060729795
82.38128695769,-68.59301496481
82.12832059653,-70.02461511034
82.580125,-69.87291666666665
82.48915333522,-71.08294607907
82.14975676354,-68.66130697456
82.34564459726,-70.94291048351
82.51010326415,-69.90453869408
82.71174724586,-69.88374859198
82.94735510927,-69.50855087989
83.62784242365,-70.74552843979001
83.43597543904,-68.63818292054
82.84336321898,-70.50092473306
82.83303907313,-69.25931028222
84.12641056248292,-70.14396084695278
83.0219635116,-69.64368934757
82.86568988445,-69.53594097
84.03457358032,-70.52126803127
82.96762147924,-69.56896435449002
83.91215946695499,-68.29884748149361
83.01395767719,-69.92395445197
83.46309270152,-70.15915096574
84.08827464989791,-68.61844985477333
84.00941893496416,-70.16550205509029
83.88687524526,-69.72921592528
83.30178683612,-68.60566367131
83.93566718558,-70.65566818056
83.16924681828,-71.5326894795
84.23670872044,-68.45043459575
82.89812732607,-68.64474181444
84.53138698269,-69.80956325216
85.04748079818,-69.01320078322
84.20895833333333,-70.12408333333333
85.4147699488,-68.58270358751
87.1049206935825,-69.67614221650639
86.03996480403,-69.03240851892
84.22557227323,-68.00000445688
85.66181534304,-69.37592431821
84.70881975616707,-70.05758045418472
84.61375355997,-70.79785710792
85.5979767849,-68.58937502747
84.30233609396,-69.86658482696
85.40325724756,-69.17999671691
85.86371893961,-69.91639094363
84.55317859754,-69.93194379827
86.04760343279,-69.11376099651
86.44192120246,-71.14246355744
84.45153071995,-71.70994412417
84.68591304534,-70.75220107028
85.32223867229,-68.78617049159
85.02097941336,-69.26124107604
86.44244661065,-68.85737706592
86.3985335921,-69.39614839777
86.36237152131,-70.2199732857
85.45388641649,-70.05712490636
86.08284931045,-69.82566552316
85.9799853912,-69.02734465523
85.34218719278999,-70.67623870423002
85.43939770137,-69.88290599718
86.44356916867,-70.20780180294
85.83568845702,-71.35702859586
85.53304086024,-70.769058263
86.83551090799,-69.16382461392
87.33450723531,-70.47277203919
86.1116134682,-69.13469543151
86.2756005724,-70.63372557975
86.63951858792,-69.01471523168
86.82771335481,-70.43422286644
87.57307816142,-71.01927280689
86.24236519528,-71.05890286795
89.48750424501,-71.82222151454
86.14967245582,-69.36470077686
86.48019845898,-70.32409351889
86.6355653778,-69.83017495182
87.60655771426,-70.89943226685
88.62032957839,-72.46642665294
88.2862100642,-71.18070254833
87.64292050975,-71.08695437464
89.59879430449,-71.74308246035
89.35419590231,-68.60038004227
92.23937628618,-72.20609707252
93.04358036992,-69.74855235775
91.32094523351,-71.43833933672
93.20547399769,-70.04341084285
93.46846066582,-72.89022470557
86.85757537533,-72.48433977381
86.9406213,-70.30873807542
89.46014461493,-70.21659180197
87.67912630311,-69.22129357393
92.06380051058,-71.69212637798
90.97296689178,-72.15567917169
90.17707332772,-70.14684313075
90.7095573272,-71.41290165526
90.01611819949,-70.28782210232
91.70766799785,-71.45430885208
91.52071157423,-71.84328431365
94.31427902779001,-71.12401070429
91.21980541013,-71.31024398484
91.89500477529,-70.37357225255
93.89182110863001,-71.0138822411
94.4307592173,-71.0383537823
90.48341881689,-71.06222607834
93.44483582882,-70.99029119894
91.83482218933,-69.44418147059
93.25547337955,-72.72463826933
92.44082725241,-71.52601780349
93.05837827201,-69.76629877154
86.26175682156,-70.9211126856
86.79805536368,-70.92123342801
76.91752821936,-70.19572833207
79.97666105199,-70.67602861427
77.23951175825,-69.12832114427
76.85598909735,-69.97516145385
77.27251169157,-69.04516597059
83.91150793052,-70.87381704654
84.52365430594,-70.83800808876
80.71187871374,-70.62258153676001
77.24898127617,-69.24938666636
84.15800034384,-70.82800938891
84.35153239219,-70.85768352591
75.98530568022,-68.21931384868
79.01620851982,-70.59550133021
84.26219832856,-71.49081208675
86.22220619202,-70.9380335912
86.97679007797,-71.61476581351
86.69842872116,-70.93221584357
79.42979156647,-70.6591578101
77.03942161708,-69.35948185222
75.22893803228,-69.83751247538
75.81154004541,-68.11707597885
81.24888249174,-68.11142870731
77.0909400608,-69.83988253785
79.77955739951,-68.1599249986
75.9957185215,-68.21654689218
77.27313343856,-68.77477192235
73.19282471807,-69.92020999933
78.94402164005,-70.64669360669
76.88740278579915,-69.42423247839389
87.21018423521,-70.91948440044
84.11641947204,-70.81590958645
86.31338873746292,-70.9011519650289
79.14758641448,-70.60053857991
77.09627968472,-70.08964905062
79.27711474643,-70.52463555993
87.32931006327,-71.53187397985
87.29848382215457,-71.54246199477167
79.11366448099,-68.15565636577
75.19451772587,-69.76062267981
79.42742704993,-70.55831011828
77.22300853431,-68.91590311401
77.34399182966,-68.13689564502
75.08476861682,-69.72501064429
85.71756620013,-70.93717167637
85.35213191432,-70.9199385227
79.33020151602,-70.55631149095
75.18891324845,-69.75684480383
83.93193448176375,-70.81976157153333
76.87534281551625,-69.3721290589175
84.36206746396,-70.81107788427
84.67148961217,-70.80608176699
79.73448469009,-68.09476654091
83.25949703659083,-70.8503989108789
84.41531126976,-70.82866009949
76.43659344247,-67.6063083988
75.02529990748,-69.9890849114
75.92745431713,-67.98866871191
77.97222203719,-68.74644835285
87.39294352568,-71.36865476363
82.85018608821,-71.49223154461
84.38136536898,-68.04660629696
77.28594393033,-68.2764929426
76.87046679788,-70.72103791021
77.82093912902,-70.73266458818
77.10228579092,-67.43482558802
77.118891285,-69.91028324906
76.64156989315,-68.00439717223
76.5336562917,-67.60412159309
85.72988380309,-72.1698872987
77.02191484774,-67.52297829321
77.44356308699001,-69.44440179063696
77.35421452748,-68.27518502115
77.32501309453,-68.00840020023
77.48137749627,-68.52471339329
80.76264478529001,-71.2157838853
78.50136474778,-70.73273394141
76.69117405302,-70.4403499815
84.66320723192,-71.90767856027
87.57565109643,-70.17135359763
77.42029362132,-68.1620207491
77.71129463693,-67.49038328173
82.48955145732,-71.71950257083
82.6011815513,-71.66601456353
76.98769834146,-70.71404304637
75.68402621048,-67.63922953475
88.43239692067,-70.21415291068
72.96051342359709,-70.26990767531362
74.52472278465,-67.64943459411
77.47024717124,-68.58484648057
81.54739173197,-68.20397436916
84.69429006698,-72.02440031069
86.02179678176,-72.25403235153
86.03117003685,-68.1928623793
84.61911612677,-72.11014958577
88.34224920215,-70.30248570687002
80.64146743454,-70.53229354261
88.30455270196,-70.29584978285
87.56857511434,-70.22715433583
81.08911482671,-68.23649334179
80.77828791474,-70.5186624144
74.13970312206,-67.90525269609
78.84301119324,-70.93135160656
75.60758658331,-68.27456498176
82.80563564856,-71.82546479063
82.95484028843,-71.49019860908
86.23986820873,-68.56700828768999
79.73621161225,-68.21622745546
74.84860841961,-67.39825730113
77.32166594267,-66.83557958597
77.07395596852,-69.88321507652
77.50034606666,-69.44668435395
74.58858522022,-67.60527985342
78.1103191401,-68.46713322609
80.15258093778,-70.5725489345
77.24056962234,-68.63106950032
78.52440814644,-68.13643152396
84.61734898552,-71.93249859771
88.50986384478,-70.21183786967
81.02223018161,-68.30068510497
74.87768061883,-67.62428590899
76.47567414355,-67.66291128321
88.49333600803,-70.28028092741
81.68056783524,-69.40199596345
78.76259607755125,-68.66072035487001
79.98701584309,-68.72741678571
77.40009373677,-69.36082330277
85.10568060843,-69.77919209017
84.64736998439,-72.2515841444
77.02058770114,-67.42047685412
76.9543201132,-69.54887269089
77.13127143114,-69.4241757927
87.90520833333333,-68.72994444444444
72.4097699158,-70.59747332709
81.54703866592,-68.10024843453
77.09091877082,-69.87251055776
80.08829668182,-70.61442831845
80.69212367064209,-69.98669920498806
75.48011982697,-67.00768380489
78.84565972715,-68.83195087171998
79.03547661866459,-68.17197730976834
84.6187688774,-71.66568164958
87.77659652368,-70.28941017898
88.14558706863,-70.27525402384
86.188000199995,-68.78722601070557
87.62376505061,-71.61211031196
80.83785776678,-69.96474639431
76.46839767525,-67.21203170048
79.13448181694,-68.23138741667
87.81940240472,-70.22955270789
81.14863704263,-68.17678398857
73.46010249847,-68.61113177089
77.06287711921,-67.45879092478
77.26544845059,-69.4449716549
88.76378991075,-69.39608801454
78.14927156788374,-68.78785704790805
79.02380075661,-70.01483962031
79.12627767588,-69.43054452874
80.13721446001,-69.41316835064
77.509917963595,-70.14485008188446
79.34217908042,-70.58438825914
80.68390773797,-70.53789346906
78.8189024201,-70.04702221025
79.06543443879,-69.97883187531
80.74011948364458,-68.79307513942834
80.85602524056,-70.00561913096
80.93754385934373,-69.99167082601917
77.66569643885,-68.78265080857
80.94485143325,-68.7813661298
85.09822047722,-69.93239464896
84.19009452722,-68.01140093348
78.8090414919,-68.8118737191
77.01434928099,-70.20423127659
80.708166935,-70.54455490949
85.07787401807,-70.09623385138
82.76485262211,-68.06046664522
80.2107052457,-69.40222369601
80.832151,-69.749161
78.64582982244,-70.04202169809
83.18211720215042,-70.2017619744475
79.1120189091,-68.81278264178
77.19706823853,-70.73064939363
79.04150574784167,-69.56327344907194
79.04501406709542,-70.04155250377362
77.84137182407,-68.76621732332
80.6722877545,-69.38458635903
80.22461379732,-69.41769801104
79.01047868127,-69.37671534757
80.43254461228,-68.7216708143
77.77238380913,-68.77513172211
81.143029426,-69.40058312285
77.32655804928,-69.13860013417
77.32894332252,-69.19181738431
75.29488821409,-69.7475524003
75.23625087204,-69.5634586789
75.27157954207125,-69.60941912144084
75.25766942597,-69.57005533085
75.29505121331,-69.5772375889
75.33097763339,-69.81478130226
75.3941157853,-69.78045196362
75.49360581863,-69.73567613692
75.37846625888,-69.74595738433
75.49861992832,-69.62842003114
76.34813870903,-69.54715189797
76.66593819387,-70.23410147821
86.13822578688749,-70.57625112756999
79.67635065807,-70.66570598538
80.01312838,-70.77851116471
85.92974949099,-71.19534766043
87.24607364723,-70.95143810904
75.6531380556,-69.83815789807
76.37228448771,-69.7759295301
85.68521728879,-70.63794415018
87.1199858746,-70.88834078239
85.49776792083,-70.79176442377
76.17895761776,-69.18056122777
77.04690280751,-68.97156384432
77.0570728458,-68.90537428221
83.990522506,-71.29935720612
83.8173118209,-70.58420285742
83.81535964686,-70.52243266118
83.75066856978,-70.19294383925
85.87310070782,-70.7159203086
86.02539407831,-70.68302080546
79.75674575739001,-70.83599106242
80.69105422534166,-70.7853495336961
84.59905979388,-71.35820388065
75.91054021424,-69.66614129306
83.87966331814,-70.22647489736
85.02502461639,-70.45292019062
87.15604669487375,-70.44961207313334
76.51282310683,-68.99747988326
77.05607871347,-68.85093230755
83.01990806446,-71.1696157541
83.04284679743625,-71.05795864722278
79.16526340244,-67.78006386383
84.17562257211,-70.69752906159
75.53280401883,-68.89322152083
80.93108552221,-71.01094732705
76.51187470468,-69.03594637874
76.98855830066,-68.99786069827
83.87259428567,-71.3385122495
74.86814539417,-69.8459976221
85.61475817452083,-70.43772866932223
85.97346561302,-70.77840893609999
86.22688430619,-70.30351815124
86.32432036001,-70.24101164412
86.66981120942,-70.6628951717
75.69988263473,-68.92579642489
83.33110054005,-71.25697419549
86.97407470736,-71.21194335708
78.48857880541,-67.58890662246
78.70112044841,-68.06021084386
78.76261764646,-67.77792636788
79.32438314245,-67.93215282254
79.61667426357,-68.16355624289
80.28845885137,-67.75907428862
84.52388099413,-70.24802440891
84.91282153148,-70.46076592989
85.95035501455,-70.2251895048
86.38166260532,-70.87926211665
76.74202225403,-68.88442550449
85.86945710287,-71.53218737403
85.99547135653,-71.48369660773
84.06139382711,-70.82884596148
84.39196423025,-70.6162573647
86.07881862386,-70.38170941154
79.33155070499,-71.05099052062
76.50223454151,-69.12539920023
83.99734984939,-71.31059964331
85.70336980165,-71.03956735131
79.63699543384,-68.23548377928
80.06759358515,-67.93722196821
80.17611271534,-67.69807756701
75.73224869691,-70.04237108703
75.92509936862,-69.68147284386
83.47880215305,-70.32596166779474
83.68265186966,-70.69870005086
83.67058121336,-70.68356779695999
83.76373620508,-70.59734614341
83.72513993792667,-70.52660045743083
83.80249739191,-70.23484518481
83.93383430067,-70.62545415755
83.98303028279,-70.23761146865
76.15937473339,-69.86372036345
76.15070605239,-69.66357085159
76.32212717414,-70.13425867539
76.34211578574,-69.61371581376
84.01578880589,-70.22872093067
83.92832711407,-70.18869379659
84.38472328566125,-70.62697989446887
84.37924704742,-70.51034785248
84.50076287276,-70.55833985755
85.269315942,-70.62250022253
86.52204347386,-70.68944033279
86.77960644498,-70.59628279927
87.3769708447,-70.73190664622
75.36052176273958,-69.40977048271917
86.11804943402,-70.43000674605
86.71132397872,-70.53826896824
87.00398237798,-70.37385795911
83.04422223742,-71.46962583436
85.03591355022,-71.46098715929
86.62876649343,-71.22736166064
79.59415351386,-68.21371257061
75.92322650149,-69.80375938127
76.63499831914,-69.73586586141
76.68035660376,-69.60372684516
83.50412483794,-70.73138716009
75.6436675681,-68.80102694562
79.23336906019,-71.08199295817
75.85219069763,-68.77331424335
84.41115217845,-71.35665813136
83.35531254458,-70.60441651885
80.0762989010175,-71.18423916465918
76.30290214914,-69.33919166534
77.11360731996,-69.14309099481
86.25948506509,-71.10999428186
85.44757453535,-71.53895205401
83.75105840858,-70.71543726337
83.99065724417,-70.75115011221
84.15503174281,-70.3289596699
87.11131662641,-70.63045618563
87.18957145769,-70.41743563379
80.5831188799,-70.86100219197
80.83063106439,-71.18309013732
76.27423067659,-69.0739192416
76.92080000431,-68.9906360871
77.14883771392,-68.98255250536
77.20288309497,-69.12696719231
84.40030338995,-71.20985670948
75.92222553996,-69.79103878568
76.43248643149,-69.89532708562
83.70177294151,-70.51946482464
84.45561896921,-70.3816782103
84.70335962246,-70.48541339035
80.31083573519,-70.87423745764
75.78711371077,-68.79309519599
76.8637879355,-68.76395549963
84.12349014081,-71.01941144882
79.31985669447,-68.04192586723
83.40699541075,-70.63045784916139
83.87762296414,-70.77820037413
84.59303185183,-70.28481781797
86.0204718739,-70.43089943096
86.22735356406,-70.64653399582
86.71057805004,-70.46345350468
87.19162113037,-70.63367228224
80.19326597857042,-70.80859407874695
75.93184759986,-68.91572346704
76.93893134707,-69.17874236964
77.02145994803,-69.07545310849
86.49419668496,-70.997881292
78.58087230607,-67.64969858794
79.83080610291,-67.85372265638
84.42921972475,-70.64936456426
84.72563153402,-70.21185540209
85.68489755589,-70.89207612382
85.47395703354,-70.71674472779
77.0641073078,-69.26931535925999
83.43592823874,-71.36801622723
83.67874727625,-71.36816601336
84.29710468399,-71.07451300467
84.96793700483,-71.42296122623
85.47817880836,-71.17445396283
85.44379230636,-70.97632706311
79.47292003381,-68.18671012982
73.95940033234,-69.67371744292
83.83377450597,-70.52752247477
84.18154371519,-70.43851282623
85.8030838351,-70.46742527468
86.14040912017,-70.66354397025
75.48014846506,-69.29725730123
76.42965110051,-69.17310209245
76.40220511879,-68.97381770006
77.16166025562,-69.07999574304
83.72042140635,-71.0063810502
84.74476913245,-70.98400081001
75.87298910421,-69.87878661969
83.51525783328,-70.25633719248
84.7174826729004,-70.25738312716945
85.59538052998,-70.30281539482
76.98721836031,-69.24423340779
83.64681840059,-71.28563519413
83.67093779258,-71.16606509975
83.76382293438,-71.05175374864
86.05109993536,-71.23934608118
87.32131375415,-71.21876576761
83.5080379775,-70.65857893871
83.87297671638,-70.46739602667
84.45904189042,-70.20516992495
85.5874349547,-70.67391227128
85.78965452705,-70.77431249339
86.26432427162,-70.5886144979
79.07701287376,-70.904887538
76.15850802065,-69.23886879557
83.91259544187,-71.10394796415
84.18132291587,-71.26447445028
85.84333749467,-71.04218497271
86.27500826751,-71.1206903273
86.65873034125,-71.5081983468
86.70451980913,-71.01651983857
73.71311148986,-69.75375868038
79.1944215893,-71.14750003283
79.69067341977,-71.00735198722
76.27239745545,-68.85015958745
76.67432400353,-68.96205329492
83.47837919377,-70.96205998679
76.68760881549,-69.69860702458
85.81225399317,-70.6236208302
87.18352704761,-70.76545657833
75.68383589921,-68.79167365968
79.08223681176749,-70.71579538892445
80.44948803314,-70.81842660812
76.05960605142,-69.22828425374
83.9242954552,-71.25249466842
76.44043838507,-69.68195198729
83.36871953443,-70.20802205641
83.63415838533,-70.5739663371
84.88664731151,-70.55807620025
76.06063065413,-68.84422858523
76.2381566883,-69.26900873316
85.02708658428,-71.02983797681
79.21363726574,-68.05714699746
79.28277757338,-68.0559773518
73.88716263167,-68.75318357616
76.09267148038,-70.024141373
83.63566814585,-70.7506401437
86.52040809552,-70.85579841836
80.63473036851,-70.99958586253
80.52993303274,-70.80196162638
83.78706882544,-71.1889156696
86.92369727806,-71.24702999746
87.06988692793,-70.97674805347
76.22561426577,-69.80650445225
84.33110312871,-70.18797260957
84.7476659569,-70.26471816211
85.5684246245,-70.45443314689
86.12498433452,-70.72924219728
86.98188965215,-70.4988161056
76.75820291705,-69.11361960333
76.89780816109,-69.20815590808
82.90296584617,-71.48765927028
84.07185049616,-71.22203622386
78.50221324102,-68.05476712764
85.18527212939543,-70.26746109993249
85.56462385893,-70.23591368292
86.4675488572,-70.63188078324
76.44362671765,-69.19644020786
83.18599952586,-71.449214489
84.82967550207,-71.50290159254
85.71745515528,-71.31149865465
85.21718958512,-70.80324473369
86.92275300776,-70.47483502453
87.23492352162,-70.74464768777
76.94561137324,-69.165770177
76.84731273486,-69.19663317058
83.51623071932,-71.0367237997
85.72899787473,-71.53094352357
86.60660747872,-71.33683040004
86.69079445875,-71.50471072399
73.44198805382,-69.58344614216
74.1095694956,-68.73529846582
76.63729952565,-69.78585499389
85.64750092899,-70.33187943088
86.05122083598,-70.82583955934
85.99154029573,-70.51228839166
76.30167727179,-68.87007439712
84.12891461503,-71.12232176729
84.76979299652,-71.38054965103
86.55532718712,-71.12786707477
75.73213720402,-69.77763764221
83.84638178662,-70.67144215628
84.11391316452,-70.67630141354
85.08727231544,-70.38001558215
85.66266908442,-70.32805352647
86.14166316859,-70.68692849856
87.40864960637,-70.87338457594
84.23671485544,-71.34992389514
86.76081122982,-71.19885906478
85.47151556304,-71.45906283184
79.58694173959,-68.0352361419
76.28466676752,-70.21166423519
85.57730650183,-70.88191052589
86.57720977526,-70.81722618572
87.34415712425,-70.71258784871
85.4326104582,-70.53096754942
79.01701531853,-70.74232636405
79.16916383953,-70.7871948928
79.86532561579,-71.02006043489
76.20183954350334,-69.28248692807277
76.13947843619,-69.05141095105
76.79194830795,-69.30645154633
76.74974948173,-69.06689924324
76.87288909195,-68.88616490847
84.82886457129,-71.13908890776
75.92469696106,-69.57607970024
76.18080605349,-69.54183763644
76.9263207168,-69.6771060633
83.67710418982,-70.33523979377
83.84862765356,-70.30518250685
85.73957506605,-70.74696072688
86.00316501138,-70.66894076494
86.81060294051,-70.50403640292
85.4647494971,-70.79973354776
76.68766975451,-68.82251858719
77.1347593186,-68.74175109259
77.19546144731,-69.22920326976
84.53986631414,-71.20177177507
84.52945581957,-70.94804778756
84.75140273119,-70.9670044806
85.08353055555,-71.26701757767
84.33556645589,-70.71906409977
84.46919475978,-70.66260067296
85.84961653486,-70.6979939083
85.90113297699,-70.6773412208
75.5386468202,-69.39180783185
75.5212289897,-68.73628512359
75.86744213063,-69.38252085922
75.87909967,-68.80876368421
81.01424700453,-71.06536943422
76.80536744395,-69.27113317875
87.31894828266,-70.35496980378
87.45749755592,-70.33024644064
80.00671556454,-70.99440656086
76.08059347941666,-69.31328661645972
76.31602048084,-68.74623135525
77.07896879072,-69.26281557355
83.7807367509,-71.31133776022
84.16839400185,-70.91019778815
85.71221872211,-71.39708634415
73.46552218272,-69.12289476434
74.54209256464,-69.26825320777
74.725552136,-68.95224088944
87.0491588641,-70.52036550859
80.01190239626,-70.9889550587
80.20684950819,-70.95942372964
75.76240260114,-69.20595010133
80.8683796534,-70.73020886338
74.81053394873,-69.20351521269
86.47631767917,-70.71032948798
85.46395725095,-70.5091103916
79.46801794387,-71.19050480836
80.60505844495,-71.10178804453
76.05684818447,-69.33485179076
76.06983313508,-69.42253467961
76.38462801426624,-68.94977604377277
76.91833647351,-69.16185804638
84.21974268248,-70.96158727965
85.8452112698,-71.06945501925
85.94854588002,-71.43435572809
85.96096512582,-70.99890892566
87.01970317611,-71.09552652729
87.53773042773,-71.11615180256
76.72933205145,-69.38027876251
76.74637387405,-68.87331553378
76.96461319129,-69.26962462729
76.87877991888,-68.8193915261
83.3067631419,-71.04650470704
83.86229973866541,-71.32558535024361
84.05533611167,-71.21142800328
84.64359167229,-71.23991084145
85.03216379633,-71.46435543743
86.56581485615,-71.42260398557
87.12137375805,-71.08837822537
79.12222747607,-67.986545942
74.84456986078,-69.40066980972
74.27213522606,-68.83751129884
77.43015514156,-67.75253651846
80.5700418275,-71.4155611888
81.83790384799,-71.36657076428
78.31589754033,-70.97833963793
76.70117592967,-69.13032649364
76.92332302632,-69.13930120377
77.05338899212,-68.85195470778
74.54062843776,-69.96877923172
77.22039955388,-68.5833313761
77.44856284646,-67.65373046509
78.34189536252,-68.53315867506
83.341887086855,-71.69272508261723
77.096617138,-69.06191731778
82.88134550661,-71.43043835983
83.69336494684,-71.03182247103
84.68335317286,-71.18185357287001
79.32261432916,-68.01384579015001
73.55508937202,-69.14428232944
77.70517518329,-67.71768113523
81.79723231351,-71.45033302372
76.06692964423,-70.91952608694
75.71145896014,-67.37424219862
86.25093792615,-71.58264124238
79.28377915085,-67.99677619797001
74.81637313498,-69.98029708212
80.85834194072,-71.81730197024
81.45045650857,-71.45912981504
74.90090011247,-70.41804589545
75.07340802409,-70.4043187996
74.6702595422,-67.94374533869
76.1876606204,-67.62391668502
76.27707490889,-67.57143673557
87.46071756511,-70.98704521318
78.96442043353,-67.86280161619
74.38340505251,-69.89840145709
80.9080648555,-71.44200770909
76.348590598,-70.41881997721
74.34139538258874,-68.30034805043111
75.75465377441,-67.47831176444
73.84785004948,-69.5986388748
73.93244452292,-68.64147436471
76.81963742755,-67.66868082875
81.85039879205,-71.32353985903
76.08114037935,-70.96561367743
76.19480176902,-70.50393210277
74.54628474122,-68.01673613657998
75.0868346119,-67.43321944812
84.31212663461,-71.71211180539
84.43261991028,-72.01085422966
88.28787755602,-71.34802059068
88.27899583333333,-70.887725
86.5503327727,-68.75610271183
86.57548283504,-68.68465406903
78.74244226776,-67.93394711258
73.75424749033,-69.10911787697
74.70956338786,-69.26052107414
76.34003866153,-68.65666138472
81.65288230295,-71.70529620709
76.93997309429,-70.76195146404
76.54523304976,-70.72143596738
77.82865269207,-68.29120359789
77.95098823816,-68.6787978844
75.65873344869,-67.17185092955
73.83662472988,-70.0600169639
73.72102320256,-69.59154282615
74.40887974035,-68.87080368939
75.94041523947,-68.46452933488
77.04717882271,-71.09276754741
78.04916882424,-70.81058639957
76.60344370525,-70.43657475348
84.75929364317,-72.15739778328
87.842163779,-71.23333983008
73.81310660827,-69.46522250577
74.91688966795292,-69.51113099939083
74.52169543014,-69.01768813311
76.11808973216,-68.46389496247
76.13495032675,-67.97542048877
81.47164967592,-71.31027978487
76.5811717353,-70.75703956709
74.90765287965,-68.09490316249
74.97679781011,-68.21318268146
78.91512451133,-67.96624670555
73.6241139561,-70.00165558521
73.58333770944,-69.75575455293
75.80345136132,-68.48409520927
76.90560221817,-68.63335465265
77.08827673245,-67.92132833716
77.66537548432,-67.95794932197
77.78808049695,-67.78828890521
80.70647859333,-71.74960535596
78.18641163833,-70.7605239529
75.38492665271666,-68.15087681571612
75.35750604158,-67.49194107696
76.24818322991,-67.18068238285
83.19625414428,-71.78838077445
85.96310822084,-71.83121527118
73.52527032247,-69.4147245459
75.84011546249,-68.37666954541
76.45311272072,-68.36352547024
77.23030463285,-68.48542314683
81.23538920097,-71.18654717699
76.72798844652,-71.02993668034
77.53549259982,-71.05657966784
75.78290215339,-67.9265197381
85.21304672487,-71.64172699939
87.56158773675,-70.75043636344
80.16653023203,-68.02926693942
80.24886877047,-67.61727868797
74.38726882522,-69.41905514499
74.95380270984,-70.36884040798
75.1772306519,-69.47449513554
78.18932084845,-68.04582640083
78.27221759268,-67.59712564352
81.62759053051,-71.70405564342
81.81390360078,-71.71767268118
82.54569367175,-71.48214673306
75.00766881661,-67.89592245908
75.72022749075,-67.12755402885
78.69507341766,-68.71482356593
85.54138222539,-71.68704879957
84.92342340567,-72.26374647874
85.35116422394,-72.05927274289
85.19752493941,-71.74874851955
87.88675230842,-70.46783774943002
74.51802123317,-69.10171911139
75.94362292754,-67.6274104265
85.00400554974,-71.6465579088
74.3524020798,-68.81206404536
76.69586853953,-71.14590861121
74.87119720694,-70.90421890658
74.95894764931,-67.96667670545
77.37716267019,-68.70704237499
78.82705164924,-68.63801618779
79.18313195013,-68.70853238294
88.90093804136,-71.07989598825
88.40891216935,-70.52286000842
74.52976813626,-69.5478634869
77.51149630032,-67.59662729786
77.75122845435,-67.64543726996
81.80992120661,-71.45883229699001
82.22955236738,-71.69785537366
77.5579214778,-70.92008467244
78.35567332062,-70.90389584167
76.04453572638,-70.36646572235
74.55697324606,-68.03425572108
74.78281914003543,-68.16633458765418
77.97751199481,-68.59806186662
78.52589847056,-68.57241689565
79.21644969604,-68.75467574012
73.47119394961,-69.75261183021
73.6169448152,-68.85197382149
73.95072649004,-69.25046464326
74.13556029828,-68.86002954155
75.86297521717,-68.64289860692
76.50428913818,-67.89426865837
77.93479280635,-68.06383177609
81.60831864237,-71.20360064475
81.71070350331,-71.78866393908
78.31508103055,-70.93168319386
74.5535137353,-68.0894169431
74.40783487319,-69.71686384386
75.66587148756,-68.59519405779
80.78078777366,-71.77770617926
80.8446444734,-71.5507508705
78.59122331451,-70.94202196144
74.68315948492,-70.9540156164
75.1060773288,-67.51349216099
78.64332725909,-68.4288544072
88.8341084149,-71.09831349467
88.61682788914,-70.32764163863
73.76909362927,-70.00475831148
74.07190881136,-69.38595148265
74.49036939086,-69.42685309583
74.1251767704,-69.17294294712
75.64624999721,-68.53436633807
75.95234847318,-68.65273088701
76.99031542148,-68.48404885214
82.00750302413,-71.4334250707
82.37347763328,-71.26552450685
76.41309180087,-70.9468275269
75.52241670311,-68.00740491158
76.05508829374,-67.04996102224
78.58893016868,-68.41507116175
83.13655921597,-71.54907670562
87.52252413729,-69.66816820659
81.43999873988,-71.69455762832
75.9324342044,-70.4982945038
74.3684692197,-68.30047511822
74.6054796045,-68.14338613434
75.75306045603,-67.84641152612
74.89039987681,-67.3236582632
84.39599237105,-71.97693633644
84.32928480184,-71.66101985351
87.93294114436,-68.99597779473
74.74742067527,-69.61059132381
75.14175834949,-69.38694845021
77.15182117863,-68.64924132517
77.13690239797,-68.13294246823
77.40233507388,-67.82777351968
82.3676125,-71.4687888888889
82.6441769794,-71.29384743445
76.90761358234124,-71.14505507501251
74.32879765731,-68.06564355672
74.79958210003,-68.01189263322
75.19309627952417,-67.91356675396418
75.42399308117,-67.55404825987
84.46876848507,-71.94727350335
76.42354831501,-68.42374961354
82.37978534907,-71.43291531454
76.95312160518,-71.02273872406
75.44843540852,-70.97544669977
74.89991824333,-68.13030637475
77.61940867359,-68.51551614281
75.41719466593167,-67.14615752534417
75.74356586346,-67.29769947176
75.97033103653,-67.23582599465
83.273571724,-71.56918778463
89.2897226814,-71.54595999257
87.53286494643,-69.74614290519
74.31826064835,-69.59972607628
75.76780821201,-68.60323747869
76.01053569549,-68.39105153006
77.32302093965,-71.12481016049
77.87149020593,-70.92563111138
75.28102928073542,-68.1668556982514
77.91141201305,-68.61040885923
84.03947767769,-71.56512230039
84.3604246872,-71.79966145153
74.44215828258,-69.38788411434
74.70742479105,-68.9557814485
81.10153252469,-71.56982164697
78.05356016967,-71.19518285867
75.06390532324,-67.50901748364
75.32067345022,-67.57145793886
78.62458587012,-68.50651532343
78.82476348719,-68.5380058017
86.92318242328,-69.14356699821
74.27340445257,-69.78177854121
74.66112309568,-68.89776446974
78.00817475969,-67.81532025227
80.850721497,-71.6863847666
80.90739052533,-71.78195428452
78.15010625579,-71.02674740861
76.0256278826,-70.82243455839
78.11086962989,-68.64606959927
78.38807925796,-68.28533498237
88.4894223258,-71.44086327309
74.73199609229,-69.41177659521
81.62079634164,-71.55558346322
75.35806432144,-70.2897162674
74.96149924823418,-67.48062029547833
86.0817634467775,-71.70164703810167
85.0477197498,-71.96478619989
74.40135832446,-69.84442187309
74.83273200687,-69.44528081816
76.25027729157,-68.59394069496
76.54924154506,-67.83154403441
81.26129239616,-71.75507187162
81.87247283696,-71.6956231269
82.35042538178,-71.411681065
75.36817966951,-70.50188656877
74.28033612698,-67.84642905373
75.29898948801,-67.52538562493
78.34661628401,-68.23544171311
79.16508020356,-68.71120298656
84.49784956392,-71.88923671595
85.63470542244,-72.10421992164
85.02073934543,-71.83876686293
87.39399347753,-69.99414459644
76.18301897537,-68.65454160247
78.04692845404,-67.81101546850999
77.44097290697,-70.88679561493
74.84800756837,-70.44155000677
75.50597702049,-68.11404048701
78.49601439967,-68.32875815378
84.8407096772,-71.74931711324
87.66873280382,-70.44115250419
87.43741166056583,-70.21927139245084
76.15754206224,-68.13918322889
77.15863233011,-68.19802977322
76.79322519865,-67.55650758007
76.95841016417,-67.92116780875
77.14634796384,-67.81481003934
77.7598863349475,-68.06543348853333
82.30961822494,-71.46413832557
77.9535160939,-70.77895257575
74.70499337393,-70.52031787337
74.79919790336,-70.6152788896
75.24276288032,-70.48571292718
75.60879025223,-67.7411725193
75.7114994806,-67.31637151736
76.35622438206,-67.70558849184
76.33254308429,-67.67160315776
85.88005693174,-71.88975645356
85.13510077434,-71.82951307858
89.1962986555,-71.26408120278998
74.70541888382,-68.65149788053
81.11676827519,-71.41117987972
77.53834745551,-70.99868617821
75.5000469181,-68.03469415825
77.74783728443,-68.47844788515
78.52079652839,-68.46618895688
79.12964858792165,-68.32277433992888
83.93247983756,-71.89929487877
85.32528223511,-72.11860016778
88.07701827127,-70.77826801685
88.1304156615,-69.87220660146
77.52005679642,-67.95389154754
77.67871259458,-67.79010414639001
81.92000718985,-71.39274768752
78.18573873511,-71.08232236891
74.70356765463,-70.28632913655
75.11190347898,-70.48067119643
75.96419165357,-70.46729159186
82.88094476014,-71.63240137164
85.43946818534,-71.85947926514
87.62088440802,-70.51219684344
74.28496586264001,-69.1138689568
74.5695253688,-68.6755939112
76.59913612406,-68.47538086549
78.23732978881,-68.07146342677
77.85806772966,-70.94373021828
75.42121098243,-70.79722113879
78.86895642097,-68.38818468786
85.55865810577,-72.03151804096
88.34977004643,-71.19876223853
87.89660440991,-70.53552647321
88.46661580419,-70.10841801119
77.87702191488,-71.1997304312
75.36568563952,-70.88016965378
75.53307083424,-70.79930911428
74.84453965171,-68.28149547935
75.26095871432,-68.02191951892
77.67023112739501,-68.21007423822584
78.30737598013,-68.3401634205
83.96438255588,-71.70370090458
87.83331672848,-69.74059099998
84.55564914775,-68.85764344792
78.31938389359,-67.50906097922
80.92603928316,-71.75891051223
82.33483343893,-71.450519795
77.01168891196,-71.09493508796
77.55241990462,-70.81144677661
74.93325009069,-67.93790340143
74.95750543841,-68.27912797199
78.64730891711,-68.31507791816
88.88092591927,-70.35877034545
85.71741341994,-68.67828270416
76.64002869004,-68.45522379388
76.17833232172,-70.53307379065
74.66024926651,-67.93701178778
83.96433601330416,-71.63982128629252
84.17601707977,-71.73782801155
86.79281797127,-71.9518212838
89.2034299794,-71.16134178711
87.57646270058,-69.86325297975
87.63018027524,-69.98989045019
88.91262368473,-69.88202959023
85.70155008761,-68.71570299181
84.46081728031,-68.75564714429
75.12463887479,-70.39968549321
75.48112472128,-70.51077556657
74.27360265068,-67.92409289734
76.41032601096,-67.08010458468
85.86452564141,-71.73195256148
86.50611571273,-72.20347489945
85.47640304392,-71.88982749218
88.97599180161,-70.88378000859
86.9357525961,-68.98578149073
88.05658713094,-69.10188716278
84.4081426344,-68.65421875526
85.47803688608,-68.62187572384
79.39374389839,-72.38253364326
82.19782340797,-71.20448569673
76.01589670845,-67.90223953717
77.83047326844833,-68.65533276421084
76.47319973812,-67.18390489648
87.63800769218,-71.3470811031
88.35321932429,-70.68311245087
86.87942280163,-68.74855704555
84.89859130807,-68.61207327974
81.89959822204,-72.57206460955
80.04514863213,-68.70339458752
84.07002792965,-71.70909016808
86.82274909431,-69.16605028031
87.2285008825,-68.73820743344
84.88865815666,-72.3862746027
80.04145981015,-68.30845171468
80.91167835616,-68.52643707016
82.77076024887458,-71.88404106459944
88.13184099992,-68.89664493623
85.15424640261,-68.88421418178
85.49709185089,-68.29711037124
75.85627358043,-71.92571117467
73.07310843838,-69.90618453352
72.2051052536,-68.69475316859
72.30576958859,-68.39380620399
89.15915454391,-70.0687714237
87.08761799197,-68.87661109097
86.00397752496,-68.46361206417
84.56656061887,-68.5360372312
74.91943139817,-70.99233721585
73.19299632375,-70.69466132645
73.54335129092,-70.66083934855
72.56822504386,-69.55788525143
79.0195388778,-68.71061665169
82.95572259017,-71.7948717103
88.21338511056,-70.01175337049
87.54812839681,-69.38567196086
88.20307181417,-69.11293676763
82.42003743594,-68.06455444538
79.38202117807,-67.48470803107
78.982117505,-68.56954849796
85.93186377053,-71.68738889715
86.76376914539,-71.87058519102
84.90861141715,-71.59471880409
85.09305490054,-72.36266378198
80.07999396793,-71.86617443798
80.14279309774,-71.43713221176
74.45786957396,-70.80449764524
72.65983366241,-68.62515409166
71.53495379299,-70.28498142269
83.22650678883,-71.52313856822
84.05710114473,-71.67148023337
88.09370033205,-71.43937333983
88.8342046644,-70.58210071221
87.08342588855,-69.15265456089
85.9472514843,-68.31358623993
76.41804090736,-71.90249840601
72.92120837995,-70.47067920624
73.47547953621,-68.02832878406
87.56236158097,-71.38164329511
88.55783184474,-68.86204340094
84.39533568511,-68.63516746068
84.850767007,-72.41140057449
80.6616028888,-71.89502965673
73.35207022722,-67.49892464465
88.63748104736,-69.89746596472
87.58063684971,-69.53774448209
88.59854041153,-68.88076223389
87.77591329655,-68.61206054383
85.58574832013,-68.8245417669
85.54925620857,-72.3511081272
80.73388052082,-68.39683215668
73.00225950959,-68.43865509604
72.86925469813,-68.29488819207
78.69633223946,-67.4644664322
89.5074417112,-70.80875332625
87.39553954461,-69.32524404281
79.98192744372,-68.59523708004
80.34487101829,-71.9278636207
79.80976377619,-71.27278551222
81.96176596979,-68.08663043663
88.45389744605,-70.86859285708
88.76616404993,-70.05377818019
85.76699542439,-68.36625296721
84.87843339037,-68.70745841662
88.97283940674,-69.99129996525
85.15390291593,-72.50298919737
78.01987200243,-71.48991580425
73.62419014571,-71.66865136994
73.6012904993,-70.25177712249
71.64399393158,-69.70193752023998
82.30687540234,-68.06917409878
85.1566600354825,-67.69198888966778
85.46698518686,-68.1004694579
77.72015952906,-66.97685211273
84.63580691122,-68.47589664613
85.12920555839,-68.8386997888
79.85220574226,-68.42691920331
80.22707291235,-72.37245888706
79.91331126501,-71.30609527582
72.92401701362,-70.49359444146
70.41374474231,-70.33606533205
74.05783340272,-67.7619378192
84.47109257109,-68.09541087747
76.90616091741,-67.14209419968
85.36590609714,-72.49294102963
79.14314235256,-71.31279965626
73.09316610777,-69.65648697694
71.6958233536,-70.18418888792
71.2333035926,-70.33372117483
81.07588634597,-68.02867213057
73.76248510355,-67.51957236164
74.01638774071,-67.60501361357
75.23004253538,-66.8021854865
73.38852434244,-65.98630002826
88.78887092242,-69.64719922843
85.26672515023,-68.62194276943
84.45947501021,-72.33291107819
85.39278187682,-72.35662404464
80.47023317993,-68.54906597673
80.90744016345,-68.65937799963
81.04363915209,-68.54839796046
81.49148813148,-68.6834111559
79.2835200779,-71.61825227206
72.33895890754,-67.78078123485
88.35311492489,-69.99979634491
88.18567412465,-69.38611280768001
87.65287635996,-68.48119233144
89.09825716455,-72.24402912269
88.00361873457,-69.55322770774
88.03598169575,-69.33646781162
85.47453880566,-68.75883722798
73.7126449339,-70.55744908158
72.96987338061,-69.83452795102
88.19715260016,-71.57978979147
88.7006822351,-72.2542616644
86.97597400965,-69.3632222742
87.27092627318,-68.6578711935
85.0520243677,-68.8475405953
85.47212969667,-68.73170861862
81.61403576508,-72.16614713082
80.19675450246,-68.5221740337
80.93801394106,-68.4009986211
73.12506946313,-69.96641837232
73.21082480558,-68.94254572279
84.5750612879,-68.08908034084
75.39063163173,-66.87555305059
87.26453674797,-69.32687313806
85.85997202005,-68.64572957446
80.07677549117,-68.25880862251
80.61380633689,-68.40474268199
80.75924019477,-68.29525165819
72.88387446964,-68.22150995038
84.89583246494,-67.7598862143
86.75044762299,-68.39210468546
74.94588704634,-71.72439760559
73.53346155921,-70.14610384175
72.36792949941,-69.47759680727
85.12967077607,-67.77463546825
80.85050022461,-68.10011710758
71.07372717018,-70.60068023065
73.97386262399,-68.32695769087
77.28704334749,-67.3057927112
75.47106212505,-66.84517773975
87.30764444012,-69.32587351885
88.17362751219,-69.40887105192
88.44091525781,-69.34262176388
84.49614043852,-68.46951471294
80.52609511501,-72.17393503526
79.1034822727,-71.70478697236
80.06368807386,-71.39856246087
74.9992310441,-72.16023715253
72.74479015511,-70.72736388796
73.83841665586,-70.32785455313
77.44548773822,-70.01304975235
85.92346397199,-68.26958399956
76.83494085086,-72.04404760698
72.41010655869,-68.43100392768
79.75503091562,-67.20807373782
84.26970938678,-72.27186551871
84.94595803328,-72.73924503322
79.90241518217,-68.63496179388
78.5904371011,-71.71770828409
72.70449547402,-70.69143045464
73.39417553762,-68.6625153886
81.61038979791,-68.05585932931
74.81159341639,-67.43404860151
87.10948208986,-71.83446013856
77.99701824161,-69.8279086905
86.56041123167,-68.19953081252
84.67780767141,-68.58520993278
72.69332254731,-72.3813901835
72.66892602933125,-68.97190274962638
73.15095326119,-68.32031832101
84.9918221634,-68.74492770234
85.18122160727,-68.22401733441
80.08441607055,-68.46996392743
75.10035691647,-71.17542296374
71.91747699167,-69.50765981874
72.45903027845,-67.65584866236999
81.90732168822,-68.34697625835
77.83662099431,-66.88790350862
85.47862428467,-68.61465961772
72.15575794943,-72.37755026574
75.19435247479333,-66.78853108785444
77.19862750021,-69.96856470649
78.03280334057,-69.64128554162
73.55763260499,-71.09078849161
71.19486948736,-70.53022273052
72.4873609734,-68.3211820405
80.36786822553,-67.00178806015
77.84113226887,-67.1234589395
78.694830414,-69.97598860618
77.3073192395,-66.74360295363999
79.81322968479,-66.37970053553
85.19705979868,-72.49761754011
80.89723336947,-68.35858537948
87.56467872336,-71.96096324553
77.53433189762,-67.15073845318
77.99019756644,-67.20968930737
75.04243887345,-66.68403070933
77.1518823798,-69.72101924903
84.37508232189,-68.83253780322
79.99198304964,-68.58128012619
80.46524424444,-68.54969472452
73.26411051351,-70.23399472681
72.96848287853,-69.92413641817
72.64729692631,-69.02015825903
76.73076741233,-67.26172885173
85.57504678501,-72.34725679022
72.77688234187,-68.31942617979
85.41640741246,-67.86699776351
78.04073614404,-69.69140980899
83.64769313082,-72.55473748409
74.25366418395,-71.57684959487
77.96344983613959,-67.2166426754386
80.65401880313,-68.49974669405
79.24626232609,-71.33259321506
77.15719679998,-71.45172879169
75.49353772821,-72.119156458
73.46289765749,-68.9398320072
73.90070160798,-67.23539708281
85.55134455527,-67.92430164959
78.14375574829,-67.13571344119
78.4130726002,-71.42660092312
74.52979627312,-71.01706921148
72.43067343559,-69.50526201596999
71.43471808079,-69.50474035451
72.71102562927,-68.62706316932
81.94830432696,-68.02012271716
78.8970057056,-67.15633503803
76.19496726542,-66.77045122873
74.72286859549,-65.97935275653
73.00716074994,-69.98463833567
71.25409468731,-69.99397270702
73.15480199993,-68.20885947417
87.64294229927708,-72.12015851812276
77.9809870761,-67.0145719342
75.69624920941,-66.65529587503
81.019330283,-68.52313525262
73.49036162947,-67.33984589479
73.27591748184,-70.52357482891
73.26448649260374,-70.32245267216278
73.59993232918,-70.72634976141
74.02549475179,-70.36198718311
74.04780497947,-70.40198708675
74.3685408062,-70.28154745863
74.27492997033,-70.13853582526
74.40474337431,-70.28383953646
72.42938889886,-72.22019345116
71.6317141122,-68.64340458198
81.03000339989,-67.79525493901
85.76649286674,-67.96806670112
84.24759062401,-66.83339160447
85.9617273323,-67.79886989215
71.77208070298,-68.62774627807
74.06089454774,-68.27945514989
74.61404772076,-67.37717896004
87.24294787173,-71.96817871793
77.889489635205,-69.97530374856055
85.11680842613,-67.04426926196
71.7985079633,-72.30541143257
71.90265587223,-70.05407555149999
71.67449798804,-68.82532811681
73.48888930081,-68.25762438026
81.67933023107,-67.8868919986
88.85388276981,-71.81702693929
79.61605393643,-70.47701043324
73.02815624236,-68.59228758267
73.63510500255,-67.17169075224
79.6843249137,-67.04320752463
79.9117193169,-67.46690981505
75.2611593512,-66.46675977815
75.64261972849,-66.55995143482
77.37462874115,-69.9201873513
77.4399235525,-69.93868433923
78.16284157411,-69.89490329917
73.08125157739,-68.41261482767
82.66890636968,-68.11038083086
75.07508124882,-66.67753854467
78.19238010581,-69.90766113726
78.23838663837917,-69.74834188480722
76.99268996504,-65.94904538084
79.03309802424,-70.43100836551
84.80961282245,-67.1069704662
88.59108294192,-67.3250405331
71.77039271776,-68.46643377925
72.78250394205,-68.81403873968
79.85352343256,-67.00209661476
86.98847177747,-71.62351472696
76.9273934522,-67.28630956345
75.16216148641,-66.57208288966
74.81489589093,-65.97719067718
71.30232814007,-71.21992510787
71.9949759534,-68.3487790623
79.00521636336,-67.36406152011
77.3983638745,-67.33006511765
77.71480267663,-66.95014802763
78.64669239601,-69.98504932118
76.76741528379,-66.80002690873
80.58376962629,-70.44295682627
88.49235194177,-68.39386276019
85.69886304935,-69.74199387409
81.81922236631,-70.75603988159
72.05203134299,-71.66434330795
77.63191801423,-69.84536275878
79.95066676892,-65.97293184525
82.72996221468458,-66.36400954867277
79.22396127349,-70.32758331883
79.44919579342,-70.10877504862
88.94985527091,-69.05077162227
85.56503631619,-70.00303503838
86.47667638897,-70.17805897205
86.82925023165,-69.90567252554
86.9409195871,-69.67425803006
71.42649483594,-70.43660863227
74.5709455368,-67.54659923791
84.61208160176,-67.68408803515
78.00545429474,-69.59140970975
79.89471562303,-66.77331552368
88.77850929507,-67.21806630303
71.02320246527,-70.68383185952
73.64524741519,-67.91857045363
73.845608943,-68.07906200256
83.71917017272,-67.39085152407
73.6943472403,-68.28184821563
74.02045205486,-67.69492905385
85.274402855,-67.95564560877
75.87454646833,-66.52446255736
78.11034149536,-69.91938482328
90.44744082988,-67.80913603187
81.27484004825,-70.18077324735
81.79611349888,-68.25402817707
73.56864463691,-67.03726795521
78.76521654542,-67.23209158012
84.68747878255,-67.61907785407
81.85618935339,-65.86966703248
79.3220699494,-70.47904682121
72.47931677667,-69.58902257675
71.25309882095,-70.05859807843
72.64696480867,-67.88989858152
87.32077924296,-71.65055553129
75.07068450915,-65.9411219375
80.72095808363,-66.65874219719
77.43933902025,-67.31159400319
75.88340339057,-66.89559833164
75.09595161345,-65.99968700849
79.20272953293,-70.3718517557
80.3825266011,-70.24607632009
90.12973590579,-67.71595036227
76.29747395833,-66.6295334162
80.29383151553,-66.51836662121
84.47189512515,-66.70588867926
88.99357891617,-67.74693464985
89.1717272694,-67.48652616331
91.6063289148,-68.67028063537
81.18831649516,-67.83880670119999
73.94717909899,-68.18868094112
74.87227192888,-66.96325099469
75.89939979594,-66.8969240674
79.67010503887,-70.15039856452
73.12291692423,-68.60899375535
89.17538667421,-71.78442621576
76.40702844689,-66.70232241185
78.89690980628001,-65.77055284744
81.91920668318,-66.84075745618
88.86405091941,-69.01982924642
85.58983840402,-69.80001009669
85.35254859125,-69.80182035346
72.24184876568,-69.76033650771
72.76844758404,-69.4572408621
71.85265520997,-70.25346342397
73.91496474736,-67.91213560017
78.27705019534,-66.61069130275
79.31286497555,-66.18005236625
79.12603514736,-70.17666291715
88.8468002356,-69.03943860434
72.63810062197,-68.96169836383
82.40908978843,-67.78540253435
85.16420552216,-67.80237083149
77.24392030565,-67.01092413192
78.55099151718,-69.93931104088
78.9265899662,-70.3832930815
80.53839679247,-70.48138459775
88.8829271932,-68.2103847875
72.90150836146,-68.63012115742
81.77403231722,-68.16026743014
75.81807892546,-66.85645735666
77.85499666468,-69.78440004892998
78.00934499691,-69.510378622
80.0254727915,-65.84303493604
81.86374799241,-65.80328457892
79.88354953518457,-70.1755979548725
89.08483969414,-68.53575725275
89.87749796379,-69.35604388285
90.52965684109,-69.18830005306
90.39064814964,-68.69293095629
73.1323835212,-69.86701067626
71.86744246266,-68.74860160851
79.52985675721,-66.98902051661
87.69738228496,-71.72914595069
88.18980271159,-71.58139441845
73.44449065517,-68.52205002058
72.58061154735,-68.2999013696
73.11605352319,-67.99368111732
85.24402085781,-67.76330568161
87.14132773525,-71.710183503
75.96621248181,-66.87244252226
75.9863920148,-66.64111345054
73.17648108681,-66.01994031169
79.2154270128,-70.3193114862
86.00969788415,-67.9388010281
87.92709690525,-68.04636108203
86.67206163376,-70.05523980124
71.63577110478,-68.74475961112
71.80491046695,-68.95792560688999
73.58367734914,-68.07225242561
81.55826153907,-67.71469016011
75.27017347272,-66.4665418775
76.27797783995,-66.75077299262
83.14716588028,-67.4182198608
80.11809711983,-70.43610567908
85.89268726879,-67.09282152742
86.44307965329,-67.54428308629
86.76477001104,-66.71604452361
88.51940151735,-71.99622387628
75.0940736151,-66.93494206577
74.72088392387,-66.21184716475
79.43609666416,-66.27964268021
80.49320986233,-70.11199081042
80.84010873283,-70.48927713127
91.59571611494,-67.9501826232
81.46221653954,-70.717242112
82.30160055386,-67.95853158583
73.81286938477916,-67.51421698321806
85.13610803351,-68.09149189005
77.89667554529,-67.10005824323
75.77119685895,-66.70224442035
72.94629638803,-66.23725713084
80.60973178495,-66.00663189872
89.27445345252,-69.08526315095
86.10322251677,-70.09225507263
81.12415676101,-70.75084047054
81.44496029316,-70.22990115106
74.05340415573,-67.69344186302
81.64848965952,-67.63406874939
73.49901028873,-67.2601701294
75.9580326206,-66.44425568558
76.34361637865,-65.79356714456
78.45001022192,-66.77626208627
86.09778847078,-69.99089298232
86.55550214458,-70.18991564604
87.01077958865,-69.7912102164
81.90479499017,-68.09314784313
87.30581631444,-71.9506150227
77.14135841201,-69.5654016821
77.52760917853,-69.85588464952
79.59582829135,-65.66502772991
83.85213293963,-65.1915176462
87.97749001968,-68.6860069844
81.60125082807,-70.76727158104
73.99781606426,-67.35031095907
86.89069925374625,-72.20824154088251
84.27489678058,-67.6459639477
88.42832900386,-71.80750527314
76.91251869649,-66.72247240333
89.33151591927,-69.25146649781
85.80201347543,-69.78848401653
86.72348381137,-69.54755202776
85.32787451844,-70.04876732259
78.46498584380917,-70.00199176578806
76.5493830025,-66.59917440864
75.51200333891,-66.78095341489
80.06051511953332,-70.13489356608555
80.42922508453,-70.44715216368
85.93634456721,-67.20446087252
86.38142885377,-70.19187691462
86.5742446212,-70.05494685432
87.74575343994,-71.71518147975
76.21452754541,-66.85532395125
77.39310001155,-69.64485902827
78.17432558906,-69.58537398182
79.05308862261,-70.28112605569
86.30830382653,-68.04963887701
88.29889347767,-68.78914472774
90.7176641645,-68.1356753187
80.89638035404,-69.76930351256
81.32230608934,-69.47219530145
74.85968457317,-66.84264536405
75.42977228678,-66.9653993359
85.97414554681,-67.13719635686
87.73776620409,-67.10105165475
89.95113838348,-69.33818060679
85.84793853468,-70.04961340635
81.42930387,-70.32906296169
80.92094061456,-69.8122336934
75.64423088459,-66.84531745802
78.33786901423,-66.15613854921
78.70907106909,-66.25965684541
84.9055108956,-67.14897006714
88.8507856755,-66.82045856016
88.57513270062,-68.7144801998
89.56804946588,-69.38273948334
85.89885594835,-70.08491246304
86.36118003984,-69.90147260247
81.05890441746917,-69.69760191085723
81.29203660811,-70.09867835363
81.57835805068,-69.62426074261
77.72975470672,-69.7450644932
78.30954852123,-69.77679832655
78.4063122247,-65.56761221841
79.73380722178,-70.42314022282
88.82462697562,-69.16442572883
85.28692190875,-70.16166877517
80.87958890785791,-69.59994060913999
77.98567109599,-69.75476216017
77.55946060644,-66.74263977125
80.10630451829,-66.7647918142
84.59831044044,-66.15005223692
85.87614930762,-70.06285932001
85.33926625515,-69.51253915014
86.09352110841,-69.98917880698
81.47405530537084,-69.82246540734444
81.95040287599,-69.39599566075
79.26321180439,-70.26403939989
89.39245616547,-68.87771524337
78.40517843402,-69.76370380748
78.56805962665,-70.03194365373
74.6913050476,-66.0038629929
83.20394893726,-66.89862931317
79.24526139177,-70.19360031772
80.62708266755,-70.34617225718
80.90378311862,-69.92454885417
82.15321692797,-70.14665174659
81.05238870532,-66.54096411555
80.99453839768957,-70.25580708316028
87.71036073607,-67.13487451477
85.84328358908,-70.14754287966
87.0049638361,-70.10464987461
81.14945644027,-70.2609337482
81.43143779857,-70.61395794161
81.41817240995,-69.82366471988
82.11619533054,-70.78840493517
77.67199184261,-66.81407789805
78.99514864253,-66.76442373624
80.39729634469,-65.32179837921
81.32396320633,-69.9276459834
82.10717677868,-69.42053584145
83.91880107698,-67.18006554823
80.20756515409,-70.19260238566
80.6737648157,-70.12843965749
81.13922497731,-70.81737306433
80.2227953603,-70.49852007051
88.75382512084,-68.73818919133
86.18487774425,-70.17056878889
86.80111477988,-69.86946063338
81.96449410402,-69.41298949303999
79.19252125486,-70.43526232314
80.66642820923,-70.22454354417
89.40800395109,-68.90847786702
85.80857966199,-69.6468939875
81.26696661507,-70.78203080683
81.06017365757583,-69.98655712309223
81.33683605279,-69.93035039344
81.35369418137,-69.88887850543
81.88091480966,-69.50404060098
81.98673092209,-69.51450419298
81.01889487132792,-69.59900586919221
79.23231592513,-70.44340700881
88.17072087776,-67.00530004899
90.80053143655,-67.33951222028
81.82164709973,-69.598394289
82.34630040092,-69.40183507276
82.2721886433,-70.65065923602
82.2912603742371,-70.19306917427167
87.51657431923,-66.85326455305
88.25235112404,-67.95807012849
86.12142298188209,-70.11931558078972
86.69884787658,-70.09291397336
90.52050329306,-69.41865449044
81.25444656336,-70.73382075791
81.76672373195,-70.20625324079
81.6575574724,-70.16992779997778
80.98790416666665,-69.77711388888888
82.07737127561,-69.53678725473
82.11893523712,-70.57004529878
90.71748831663,-67.5129028861
80.91704960622,-69.56568472117
81.21454815501,-69.49989471712
81.1732626692,-70.09066689444
81.98393557434,-69.7055413467
79.00849709232,-69.92755945011
86.21452499778,-67.94696890662
89.10797115577,-68.92239582478
82.67391770284,-70.84328988263
79.9779216057,-70.15753909823
87.50412338356,-67.68644121546
90.73905040499,-68.35928739879
86.16420530999,-69.90057372797
86.55757627841624,-69.86862998692582
87.00498895802,-69.70583189362
81.66140935854,-70.64775522689
81.66426490293,-70.25917469958
81.95894181737,-70.82422323104
82.47932578416375,-69.61516731591638
82.31214970812,-70.23824400357
82.40446221444,-70.61084544054
82.88354843102,-70.28413994177
91.24809247372,-68.60745111008
82.2157613332,-70.70494020956
82.331840907,-70.73637022861
82.7232119853675,-70.24941088866305
79.97018636757,-69.95365515118
79.79137777457,-69.88720618949
88.29272568043,-68.79379813122
81.68231451305,-70.2381693295
82.56389847457,-70.30265431736
82.70473800409,-70.63085529914
83.11168374876,-70.79953279259
81.21003682538,-69.62477128023
82.12067778227,-70.46187221504
82.86140167948,-69.64766806808
80.08261042520083,-69.71570241694
86.69736200453,-69.87297441716
87.01620579406,-69.65462909612
81.06351343519,-69.78141779318
82.71102273920583,-69.60686722152666
81.68559025288,-70.28921580893
81.11057016835,-69.54225455478
81.28500303345,-69.93152332884
81.96369990109,-69.57932712548
82.26074598686,-70.64691609821001
82.25660142596,-70.61578838777
88.72563081224,-67.86296164919
81.62912723594,-70.00094187981
82.83715029334,-70.76161608132
91.49239158189,-67.96871024308
82.79088828205,-70.43507461527
80.76756304278,-69.84417795824
89.20049076478,-69.31916465643
89.1863856675,-68.9149686186
91.55530089366,-67.43208977907
81.16038306695,-70.69009092527
88.84546131515,-68.91387604649
86.49644499962,-70.09240451128
86.52877242424917,-69.69848828025667
85.53707055716,-70.18726305269
81.12835278821,-70.62273200965
81.82726330307,-69.60673316123
82.3441448485,-70.32663468625
82.84326673295,-70.17153224304
79.22243482854374,-69.92223418488723
80.11583826331,-69.76814343236
77.53927167223,-68.84346106785
77.69144731718,-68.93547336711
85.3097923091,-69.90853871485
81.58654678893,-69.83348701125
82.09396417568,-70.39107369045
82.28698153985,-70.64848248692
79.63610305347,-69.42371479191
80.60347258612,-69.64378485953
81.29542772375,-69.55742095396
81.60988339803001,-69.44605312077
81.8764796428,-69.63185202745
82.35158280778,-70.36263812384
82.82450457871,-70.36204962735
80.3839664822929,-69.89750879144779
85.8700001839,-69.7121509279
81.65337200882,-70.72476303951
81.87317612235,-70.24714831675
81.35186089934,-69.93890153628
81.71805639487,-69.73378071295
81.82650363327,-69.51176888544
82.09596420363,-69.60211971349
82.7527091282,-70.58433031301
79.93962650531,-69.47330966514
77.38827946076,-69.13548841898
78.32127743908,-69.18561063485
80.88896970932,-69.77969393778
81.1989222857,-70.04876060849
81.38170205554,-69.69564927642
85.4408646467,-69.66309073379001
85.36724092898,-69.54163551188
82.13005612154,-69.64421047016
80.77972992675375,-69.61780392077694
80.1935608762425,-68.89275451969279
85.32155405533,-69.73553204521
80.90479251334,-69.6998029384
81.23842420425,-69.45315464023
81.77061314924,-69.60190930042
82.6620970535,-70.56127899824
77.53555376942,-68.83779784677
80.8707057323,-69.53575749068
81.15418382557583,-69.96840698499194
81.59534265188,-70.43531555855
81.33729632330751,-69.77021150482555
82.09691918109,-70.16150958951
82.80504114415,-69.59041774253
82.91096300661,-70.1692484061
80.20692447362458,-69.42431460581584
77.37438908898,-69.30555783487
81.43761924818,-70.48456807121
81.25965885111,-69.68977810967
82.27411720997,-70.7450139168
82.52133716436,-70.79191013913
82.41655015316,-70.5574340102
78.22602455657,-68.95783373654
81.78065518931,-69.5874385519
77.67860372996,-69.11576746944
77.5938919269,-68.9928280078
78.76965090958,-69.23941349642
81.38014351649,-70.24024395952
83.14308943134,-70.31750301275
80.35001707535,-69.67356723319
80.6379760877,-69.95157776814
81.01893570542,-69.90630155171
83.17877313648,-70.59481233132
80.13216586492,-69.42169575908
80.19541221346,-69.84616131631
78.12000780481,-69.05103644254
79.91301547223041,-69.29330755790028
79.81031265584,-68.88413627089
80.08854295351,-68.86927778305
81.22189680318,-69.69973655549
80.40328458653124,-69.58407417106137
81.4896671344,-69.60210332239
82.56408404531,-69.61082022853
82.76437642887,-70.78273186645
80.22392522366,-69.82488467678
81.19920269184,-69.96620051721
81.28778563014,-70.05590080247
82.1869887942,-69.59817264974
82.16100504372,-69.52656028008
78.17738965633,-69.06770681277
81.68409849284,-69.86584413963
81.75484339716,-69.64171283758
83.03461427417,-70.73681160031
78.89421820292624,-69.647293510235
79.04857286886,-69.25290968046
79.04947690808,-68.86488716298
81.81619827285,-69.70194490164
81.55288151236,-69.80779449907
81.87591657363,-69.80820549695
77.96554564918709,-69.0001714200225
82.01471482696,-70.26294293512
80.78430461294,-69.8847315707
80.82280355602208,-69.49074710974723
80.66956311055,-68.97943525564
81.80502695619,-69.56231036631
79.75722379649,-69.8964636303
80.33994782015,-69.63881320968
80.4437960158,-69.92361811925
80.47041824667,-69.75532915025
80.71095818938,-69.62886752248
77.64810842896,-69.19264280109
77.64895065182,-69.0562173107
80.08497376523042,-69.25557702785945
80.60234583333333,-69.67556666666667
77.81659623704,-69.31051819269
82.43214825436,-70.15388761938
82.64567640163,-70.20180765586
79.54502500000001,-69.44068055555556
79.99900221616,-69.86213054275
80.37450738163668,-69.51469632901501
77.55307942695,-68.85150602536
77.96788748486,-69.01009365879
78.33955056745,-68.9371891800225
79.03129872932,-69.17636576654
82.02447830915,-70.35218253467
83.07502401803,-70.3662894151
80.62918753895,-69.38807914454
77.64059636924,-69.12462508842
80.24250254425,-69.36300033048
80.22111333677,-68.99122419695
80.46370072794,-68.92695741982
82.81453100960124,-69.69986155976
82.86807687412,-69.68029732289
82.77458560469,-69.44431015778
78.93616666666668,-69.7491
79.86044802288,-69.71982490629
80.3424668768,-69.51678927693
77.41957962413,-68.94912935912
79.18650890566,-69.4632850989
79.56211870575,-69.86970995981
80.51638941382625,-69.77229481295639
79.159087462,-69.06569906113
80.0819074583,-69.2161656429
80.39612166322,-69.09496647571
81.5436996918,-68.93758873254
79.31406863678,-69.66927726222002
80.01509860763,-69.48814469372
82.76639129008,-70.58887304955
80.67114501941,-69.63228585247
80.02596544919,-69.25037127135
80.43262398053791,-69.24569460048278
83.10346567707,-70.25204372557
79.04010833333334,-69.58827222222222
83.16282172937,-70.03266406067
83.25739816429,-69.97294699335
79.27854089215,-69.79665689579
83.58996385102,-69.84628728107
83.84518918161,-69.94523122991
84.56432916714,-69.98263383992
79.69079013665,-69.45001793488
80.64640626227,-69.56260984445
80.72720496006,-69.77509618329
82.63113542212,-70.26119391309
79.9834754197,-69.59433270851
77.67257811051,-69.17933028325
83.11395391435,-69.95333186896
83.65169319664,-70.00764928752
83.54420325356,-69.6798996611
83.97839744783,-69.6854133975
84.7899510677,-69.46404057927
77.5620866919,-68.82814467995
78.03540977409,-69.24205636174
78.9382156126,-69.82924498014
80.79846802039998,-69.6134058704825
77.44906462377,-68.92072321442
80.40910557446,-69.88783145299
80.88684770549,-69.37503155024001
83.36745118231,-69.60218717773
83.53848667614,-70.08486989681
80.79942555521001,-69.61482824354
79.13858711069,-69.0844677884
79.93637820688,-68.86381956191
83.87747330137,-70.01337728945
82.55557827382,-68.97222776223
82.63178454768,-69.35386863818
83.09591765975793,-69.06516735693833
83.20796989769,-68.87122653353
83.06072208748,-67.93165780704
83.14009753525,-68.45646432028
76.98341889953,-70.52554949471
78.10876567624,-70.3826579204
80.64193596250665,-69.93926775361334
80.22244053237,-69.16875643113
80.74744129456,-69.25146108867
83.88265484745,-69.46482350874
84.1677927658104,-70.06952944835972
77.37635121004,-68.9059868886
80.62297769008042,-69.89644355905806
78.50434391113,-69.08021992199
80.44183315361,-69.26759108528
81.56415684541,-69.21769394339
83.30878165431,-70.07059903956
83.17774042448,-69.91740889992
83.99218946462,-70.0617997807
84.38482975989,-69.68965405018
78.92228373698,-69.35071800837
77.62400097946,-69.05640411942
79.12569729730376,-69.22250326642555
80.58075646405,-69.0933752076
83.97284363518,-70.01299707807
84.26314068102,-69.71714962319
83.27093203222,-68.04806270343
83.97708370116,-68.32390219342
79.77224780628,-68.96323816819
80.62351116426,-69.2889350416
81.30812194629,-68.84835873797
83.3357069299,-67.8608451216
83.60315193675,-67.93345350647002
77.56721738725,-70.24076900903
77.85700019738,-70.40764817808
80.11804892137,-69.2779329171
80.76375741870957,-68.89455884039887
81.46549711332,-69.38558098639
84.2539968666,-70.10406199381
83.13380806931,-68.38879748766
77.4936887386,-70.37068287603
80.16960777817,-69.1594039565
81.00411022606,-69.21667315867
83.31379268033,-69.6868855738
84.46167217344,-69.52802041655
82.75801102722,-68.75393444977
77.27281538803,-70.21452923114
77.6649740037,-70.30835153596
80.02357936781,-69.01280781594
80.45060743574,-69.34397397042
80.65364976577,-69.23235174022
83.34249487136,-69.69028697654
83.82629926983,-70.1499853468
84.23107961226,-70.08532566558
82.92584136204042,-69.2149221849786
83.78949738212,-67.99053798173
80.46441707425,-68.85036421204
81.13899050834,-69.31449483006
83.34019289865,-69.83018110296
83.76026232539,-70.12626660492
84.44383816145,-69.69235845856
82.85367426055,-69.00245064584
77.51044709828,-70.28169533604
77.6298282018,-70.58644170058
77.66926749619,-70.06767670721
79.94874418138,-69.04679067061
80.6220471169,-68.85173976858
81.05177214781,-68.79992469789
84.37227894865,-69.93158506523
82.37737898615,-68.95718723582
82.58972683719,-68.94644211746
77.07721741912,-70.25983869978
77.49816844306,-70.18847896526
77.86311778345835,-70.29435819433029
78.44394846558,-70.23550643234
80.24611385364,-69.31658420807
80.67484333934,-69.2572372119
81.67061948548,-69.3865006432
84.46857298055,-70.10299713995
84.67107353427,-70.12130182379
82.82089224881,-69.18042923641
82.84320918911,-69.09883618094
83.31502852536,-67.92862376429
83.49765194994,-68.4527370088
83.91648624146,-68.22926481574
78.53782118273,-70.51944748679
80.51293554763,-69.32093942498
81.20715904043,-68.84038336732
83.16936403896,-70.1240141521
83.76773152882,-69.50721037351
84.05103722691,-69.9111667289
82.37275131708,-69.34857415332
82.84400320898,-68.40592162322
78.11817127311,-70.49182129771
78.50453047861,-70.60818831683
83.88365065778,-70.13697588162
83.38773175395,-69.18037536499
83.60579673837,-67.76692147645
77.16514213067,-70.23221971754
77.54605620256,-70.37381873405
83.68988086221,-69.59342565476
84.00711294615,-69.66491693168
84.79008652368,-69.90686539763
82.36778516277,-69.3262583661
82.75486307169,-68.37900667161
78.56962401739,-70.3274411153
78.68130569529,-70.63878683508
79.8636979361,-69.0248391141
80.29714524323,-69.03044321115
80.54287833188,-69.23055209109
84.62304660315,-70.16346763312
82.76609264196,-69.22982929046
83.19901864959,-69.28080339197
83.42661710685,-69.24381630218
83.11712054951,-67.81371127394
83.56335995427,-67.97466152752001
77.53982475647,-70.15920357218
84.75103987503,-69.75118000931002
83.73134298323,-69.40612739057
83.53697869765,-68.36866187619
80.38914258804,-69.20934634973
81.25337839103,-69.11144354071
83.09247815011,-69.84788503047
83.27768423774,-69.84485065269
83.86972178593,-69.97654160426
84.6776150745,-70.07892154195
84.98810058039,-70.07831500731
83.17800276858,-68.36740912897
76.94828235232,-70.31060373509
77.7174403953,-70.30210603375
78.41430168693,-70.27739410849
80.46496627188,-69.09934289819
80.77210842085,-69.21916158378
83.12497085575,-70.00214149566
82.41743965495,-69.14928453386
83.07639595022,-69.34269889346
78.79805436965833,-70.53004051191833
78.81164066804,-70.48346849482
80.45833040749,-69.16367658771
83.61378069828,-70.13256461359
83.86011320103,-70.04294501465
83.76543467736,-69.62257020399
84.749354958,-69.87365000566
82.27249161593876,-68.77532515901639
82.50151431753,-69.34548247577
82.61897419423,-69.34881922148
83.99890598779,-68.99506619539
77.2967463031,-70.30082899544
81.21360675999126,-69.2666829237211
81.33804409123,-69.14822554459
83.36470244437,-69.95941359464
84.37993978536,-70.08346507659
82.90096122651,-69.09176388331
82.76615808665,-68.72783228511
83.21186502413,-68.2271492852
83.1881664845,-69.65683251734
83.29868736689,-69.57151617965
83.77245050473,-70.14349574698
83.91743674403,-70.06742703831
84.72085919916165,-70.07471694662972
84.68029515307,-69.83235698952
83.04599136688,-68.98887251196
83.67118582509,-68.74996589972
83.11478306366,-67.90638590888
83.24526874242,-69.92001724281
83.8180871524504,-70.02539976574027
84.19995012493,-69.7708148706
82.35443331182,-68.92319453414
82.58777421379,-69.06282122663
83.23103310305,-69.14684892343
83.62945083416,-68.80520141149
83.87957141008,-68.00475962783
77.29797864035,-70.54309097132
81.14160466263,-69.34169000711
81.16389403272584,-69.17092208356945
81.3676340349,-69.12036503694
83.18168046667,-69.53024901346
83.93848212842,-69.60252658231
84.37527406219,-70.16297947199
84.9573699429,-70.08391534238
82.99777448739958,-69.05864060789888
84.14221890503,-68.71033516212
81.68499675042,-69.16891888958
83.36283903142,-70.13993790479
83.860019704935,-70.08423934789084
78.70693381754,-70.45841355997
83.53356555799,-70.10696412435
83.82002093829458,-70.00789756073806
84.22637490014,-69.57280501568
84.53163877334,-69.65153170662
83.08957069032,-67.81231436882
83.69629791326584,-68.42260489887998
77.99343531135,-70.44977769495
83.26747042999,-69.54052215101
84.12365989262,-70.04510476604
82.37022079957,-68.89433775079
82.98408466758,-69.23764270116
83.5901118781,-69.15810782306
83.73909062193,-69.3199197997
77.14174850608,-70.35024020722
77.24126962775,-70.65924139735
77.26670548414,-70.44891276565
78.15693374283,-70.58448201826
78.33587067753,-70.65788265546
78.43435646765,-70.33012358092
83.61694774011,-70.11874169284
83.50922254607,-70.15142416119
84.62681744709,-70.11165484544
83.91916505841,-68.7389216436
83.6927892659,-70.14598757344
82.98572179761,-69.1332251752
83.70273457114,-67.94250146045
78.23292568042,-70.19386408539
83.06598229302,-69.29474933688
84.1489304089,-68.79039361161
78.699319982,-70.64769352809
84.63821741368,-70.05925690592
82.80349383246,-69.1068729502
83.12647597126,-68.75632520051
83.81747095098,-69.32285746105
83.79832636222,-68.88076896562
84.14076968022,-68.69850949298
83.00196490807,-67.86416598482
83.20914932304,-67.82079785281
77.29279775263,-70.65839208927
77.24754396939,-70.48701927775
82.81136275701,-68.71349272967
83.44032508808,-68.38647423497
78.52087151187,-70.18339557109
82.41909772886,-68.71870523115
83.76341372117,-68.3611694461
83.94944226849,-68.23874062234
76.91220144747,-70.3580196043
82.89908562784,-69.36040597196
83.69504073272,-68.29772368995
83.69072090506,-69.28673945843
83.17933307213,-68.211278857
83.57130988596,-68.156874861
77.08715481795,-70.43008479361
77.28546793474,-70.56970677524
77.00424651606,-70.61093069698
77.22278409197,-70.16803922939
77.41226937458,-70.07608587271
78.37196877967543,-70.35081846710138
78.50648840585,-70.64409550504
78.22397765153,-70.16301152984
78.71946846065,-70.35661701961
83.6725750564654,-69.44186264240946
85.96318858211,-69.0986332801
67.28267682705,-69.69308848722
69.10739165196,-67.97134723347
71.09289937469,-69.96661558848
71.15809829135,-69.70695768656
71.48932248466,-69.74369262781
71.91459325347,-67.60316266276
72.55483241939,-68.81715584911
75.5794746777,-69.82446306274
75.71820272191,-69.04793211575
75.81798119329,-67.65411688111
75.91030894327,-69.87036679676
76.25775700918,-70.20370839943
76.41249730637,-68.79222163761
77.08828530412,-67.47344107804
77.44597227759,-69.91940130977
77.51376036334,-70.67441389972
77.51937565984,-69.87127915838
77.63952060905,-67.83387944462
77.73655219429,-68.75793306175527
77.82073406186,-67.14324358605
77.93571837353,-69.65250188035
78.02242083333334,-68.76663333333333
78.05956222824,-70.35284069825
78.06563856429,-70.34994362341
78.30759054574,-69.66934910599
78.42398190993,-70.04119618208
78.42546113599,-68.61028514974
78.54694538238,-66.58482857966
78.67508564528,-68.03468618298
78.7956529039,-70.19558002206
78.99565,-71.07404166666666
78.99796470156,-67.41302763919
79.13139843829,-71.05489429635
79.28667874267,-67.95544900613
79.51625777461,-71.80816211846
79.60101584343,-70.68997549036
79.84340536832,-70.6600566142
79.86758539749,-71.54562673823
80.37004166666667,-69.14166666666668
80.57894935773,-68.92325411229
80.61713313223,-70.90881732844
80.68470794238,-68.64888962447
80.71018764407,-71.41585132898
82.50274245527,-71.25622549724
83.12273246525,-68.7087823584
83.16610833333333,-69.75425
83.20341666666667,-69.97619444444445
83.3216366439929,-69.51772480944445
83.36965272639,-71.74737132536
83.39787499999998,-68.53275
83.68635525543,-69.80282915472
83.95596451955,-67.98830950221
83.97025749104,-70.25842930312
84.17161147145,-68.26063356906
84.26268452029,-69.72880749642
84.32082897272,-71.01677625077
84.6705486669,-69.66373429873
84.72230228862,-68.59636077028
84.72849553658,-71.39493513927
84.86450961376,-71.57134902958
84.92872844822,-71.9489248156
85.55242316791959,-72.26939085249333
86.00352803664,-69.9096046739
87.23259484605,-70.42656640051
87.45705685961,-70.83258433137
87.52976799202,-70.10152588114
87.71207713115,-72.05072268485
88.1353957796,-70.69259353067
88.24365589279,-70.88501580152
88.26088015597,-70.41940653469
88.2656927176,-70.45593415123
91.50704166666667,-72.42686111111112
92.27773069465,-71.57875547625
81.0378092203646,-69.63715731094028
221.62948877872998,-0.9167647033400002
222.25932400011,-1.4232745739200001
241.05586629903,50.499164306080004
92.69532525573001,-70.3542262846186
93.35696831744,-69.48577746121
243.76435010783,26.13072584814
249.19829482764996,0.53702190929
277.51701702041,4.268042637430001
283.2096329747,-29.942148206500004
283.3785060842,-30.778359023950003
284.34069813311,-30.799550456279995
284.63307506536,-30.793909391820005
290.49398248368,43.52489522814
291.1511464399699,30.65215793284
75.35254018085,-69.46112781042
75.36531343434,-69.75784915583
75.44270833333334,-69.26811111111111
75.77781681174,-69.7907985413
75.9346170233,-68.74670864608
76.00501271124,-69.79226746093
76.33031997236,-70.12358095704
76.19029658307,-70.70441381276
76.27942188056,-69.27001672681
76.30223724441,-68.79921673326
69.77761048501,-68.4539057601
70.38850776233,-66.82502482475
71.63018641665,-68.65504481171
74.04607131099,-69.28719871193
74.0867632327,-67.83912849191
74.09951445016,-67.98376856201
74.29824380215,-70.00207227758
74.42355909554,-71.19451506228
74.58106970505,-67.79970491343
74.60301648937,-68.31696168769
75.14479276664,-71.0817629405
77.67378184087,-69.10621410338
311.88302598398997,0.69795522385
15.681505903169999,61.86197037172
72.80561978959,68.16878823045
80.45380404776,32.51116046232999
87.03406664776,30.63109038635
125.68399782353,-15.916493057100004
134.16723996003,19.849144429819997
77.84274411159,-70.00715663236
162.90525661376,-21.25009275779
185.00314259439997,36.80045121297
191.28260867319,45.44025730789
268.98954439727,-28.0308288746
271.70919450026,-9.68793778494
276.61957973926,-22.07077094424
274.84089178601,-15.612795331669997
349.99534099452,47.24293759494
77.90441174753,-69.97448298647
313.8391105364,0.5140759145300001
313.90031979172,56.21700922781
78.29964968568,-69.20928382311
78.74895833333333,-70.03186111111111
78.76433614829,-71.25448744495
79.06902859325,-68.69168140925
79.21672399236,-67.88626932333
79.22193565819,-70.68292637662
79.27790521653,-68.85537293093
79.44235851179958,-69.86168524025584
79.81506848267,-68.69761784438
80.04989367758,-70.2555304102
80.20421605215,-68.68357873139
80.2096233183,-68.48380514515
80.77461166315,-70.57446630981
81.01030994803,-71.15471332378
81.05289226572,-68.8537748394
76.46689470797,-70.22348103995
76.4853938252,-68.54818610037
76.63745833333333,-71.1863888888889
81.10111961566,-70.70961305795
76.70223490074,-66.76641858223
76.70864699487,-70.79167762296
76.85727162399,-67.67525348627
81.11424667789,-70.91476789955
193.48227174483,26.779995266950003
77.26611910385,-70.08969197612
77.28363728991,-69.13623935969
302.37536655329995,47.87144022483001
82.773625,-68.91722222222222
83.12912486196,-70.11210073766
83.39734766234,-68.88887527249
83.62217188475,-70.88184272055
83.68530246674709,-70.77620042739166
83.75578456546,-71.44548359118
83.92322799921,-70.94869253733
83.93220644233,-71.50243352317
84.04048343031,-68.3194229598
84.05283333333333,-69.98833333333333
84.18167810265,-68.78371409616
84.29116784297,-70.0143914822
84.32240002375,-70.26145591394
84.49448531292,-71.56729602164
84.80220760738,-68.62177353756
85.03089371672,-68.44738130617
322.97604333598,52.32008673744
85.43449072858,-71.75979561838
85.66582792963,-68.52373086245
85.72616565951,-69.6945885728
85.77709005393,-69.57692403606
85.88411547931,-71.73500052596
86.02398171887,-70.75508627629
86.0563465583,-69.6097349333
86.06739726813,-70.41495508553
86.39113625318,-69.03582079025
86.50347532148,-70.39292645485
86.61432044112,-69.18218090767
86.61501168549,-67.93468803082
329.92143198650245,53.85334935559778
87.0990748281,-70.99665531068001
87.59195713529,-70.94735462087
87.78868783397,-70.50141891562
88.60121263607,-68.77546091739
89.45947432999,-71.11506224752
89.56928835297,-71.22076420127
89.93813439357,-71.5636450024
90.57852682818,-68.53685566062
91.05191964314,-72.66116128553
91.07190215231,-71.81479379375
92.3775548922,-68.97563727055
92.70735209755,-70.90841997161
93.05616748188,-70.17524073591
94.65629261168,-71.00535382002
81.18191673899,-68.81939112942
81.25185007042,-70.75865918784
81.37104239477,-68.07161792977
81.42347122111,-70.57289071556
81.48439243567,-70.5771512105
81.50621212964,-69.24867042228
81.79983223046,-70.97970694886
82.0541619112,-70.72790454106
314.22259838238995,37.41959821658
82.14970227906,-69.85632081618
82.16287853247,-69.28746151873
82.23349267411,-71.12701961111
82.24106643271,-70.48153723033
82.24359417811,-70.54590511622
82.28670940039,-71.17622623178
82.30902015046,-68.10891359227
82.35541118028,-68.95385023655
126.26088946459,-25.366746340560002
97.72309054883,12.479340525549999
341.24377098187,49.48122760099001
6.145277337979999,54.29396879349999
48.1381662957,-57.321549230420004
79.79252754822,35.79234010121
100.53577769189002,31.454878039790003
110.77914694527001,-4.21355314894
119.08669534454,-49.98196188558
121.3332715351,-38.77668889235999
124.92955460149,-18.26468273643
131.65138445264,-29.72811191865001
148.85879845004,-41.58688332653
152.97425013375,-35.32473603413
168.30134320248,-48.2250575545
170.34134298763,-55.76316553923
179.99490088285,-58.600775335389976
186.14132728770997,-49.44020225755
187.33755234451996,-38.26396078783
194.14816330376,-57.89917097359
200.30769182495,-74.44193897296
147.74270868771,-2.0286423311600004
321.72511910799,70.22094870072
1.15169795324,43.55131331618
266.90120950237,-16.349718404805838
266.8596148289987,-16.505644545424722
145.71721687282042,-59.75435301022333
198.73714124432001,-63.18889128573001
301.53165673230995,46.146440981770006
13.190583333333333,42.25688888888889
13.059208333333336,42.14875
12.56525,41.702138888888896
96.67270948477,22.529849376479998
329.09307763235,22.861824187550003
350.86720254465,56.16696239541001
4.9750672133,44.70941555134
0.31606997761,60.35528497784
105.25813961474,-3.2525373785399996
61.47437473794,61.79443723932
194.10796348399998,65.99439212941
304.63864290278,37.44974451022001
62.12185997888,37.256224014509996
235.812784877,47.47407215207
292.19820196071,46.04392799644
51.20116745340749,63.008088138025826
325.98722082661,58.59613926524
3.33172198276,-30.58202657009
99.035693925625,9.394181220547502
138.82027033997,-66.23611569422
122.54172614742,-29.53410359732999
121.22020658619002,-27.488738919859998
159.93346036697,-64.07825408376
121.77140055190999,-29.79540941053
